ISO-10303-21;
HEADER;
/* Generated by software containing ST-Developer
 * from STEP Tools, Inc. (www.steptools.com) 
 */

FILE_DESCRIPTION(
/* description */ (''),
/* implementation_level */ '2;1');

FILE_NAME(
/* name */ 'PCB Top Enclosure.step',
/* time_stamp */ '2026-08-18T16:27:23-04:00',
/* author */ (''),
/* organization */ (''),
/* preprocessor_version */ 'ST-DEVELOPER v20.1',
/* originating_system */ 'Autodesk Translation Framework v15.8.0.0',
/* authorisation */ '');

FILE_SCHEMA (('AUTOMOTIVE_DESIGN { 1 0 10303 214 3 1 1 }'));
ENDSEC;

DATA;
#10=MECHANICAL_DESIGN_GEOMETRIC_PRESENTATION_REPRESENTATION('',(#13),#8298);
#11=SHAPE_REPRESENTATION_RELATIONSHIP('SRR','None',#8305,#12);
#12=ADVANCED_BREP_SHAPE_REPRESENTATION('',(#14),#8297);
#13=STYLED_ITEM('',(#8314),#14);
#14=MANIFOLD_SOLID_BREP('Body1',#4514);
#15=CYLINDRICAL_SURFACE('',#4650,1.5);
#16=CYLINDRICAL_SURFACE('',#4654,1.5);
#17=CYLINDRICAL_SURFACE('',#4658,1.5);
#18=CYLINDRICAL_SURFACE('',#4662,1.5);
#19=CYLINDRICAL_SURFACE('',#4666,1.5);
#20=CYLINDRICAL_SURFACE('',#4670,1.5);
#21=CYLINDRICAL_SURFACE('',#4674,1.5);
#22=CYLINDRICAL_SURFACE('',#4678,1.5);
#23=CYLINDRICAL_SURFACE('',#4687,6.);
#24=CYLINDRICAL_SURFACE('',#4693,6.);
#25=CYLINDRICAL_SURFACE('',#4695,3.);
#26=CYLINDRICAL_SURFACE('',#4698,3.);
#27=CYLINDRICAL_SURFACE('',#4700,3.);
#28=CYLINDRICAL_SURFACE('',#4703,3.);
#29=CYLINDRICAL_SURFACE('',#4704,3.);
#30=CYLINDRICAL_SURFACE('',#4706,3.);
#31=CIRCLE('',#4635,6.);
#32=CIRCLE('',#4636,6.);
#33=CIRCLE('',#4639,3.);
#34=CIRCLE('',#4640,3.);
#35=CIRCLE('',#4641,3.);
#36=CIRCLE('',#4642,3.);
#37=CIRCLE('',#4645,3.);
#38=CIRCLE('',#4646,3.);
#39=CIRCLE('',#4647,3.);
#40=CIRCLE('',#4648,3.);
#41=CIRCLE('',#4651,1.5);
#42=CIRCLE('',#4652,1.5);
#43=CIRCLE('',#4655,1.5);
#44=CIRCLE('',#4656,1.5);
#45=CIRCLE('',#4659,1.5);
#46=CIRCLE('',#4660,1.5);
#47=CIRCLE('',#4663,1.5);
#48=CIRCLE('',#4664,1.5);
#49=CIRCLE('',#4667,1.5);
#50=CIRCLE('',#4668,1.5);
#51=CIRCLE('',#4671,1.5);
#52=CIRCLE('',#4672,1.5);
#53=CIRCLE('',#4675,1.5);
#54=CIRCLE('',#4676,1.5);
#55=CIRCLE('',#4679,1.5);
#56=CIRCLE('',#4680,1.5);
#57=CIRCLE('',#4688,6.);
#58=CIRCLE('',#4690,3.);
#59=CIRCLE('',#4691,3.);
#60=CIRCLE('',#4692,6.);
#61=CIRCLE('',#4696,3.);
#62=CIRCLE('',#4701,3.);
#63=FACE_BOUND('',#691,.T.);
#64=FACE_BOUND('',#740,.T.);
#65=FACE_BOUND('',#793,.T.);
#66=FACE_BOUND('',#794,.T.);
#67=FACE_BOUND('',#807,.T.);
#68=FACE_BOUND('',#808,.T.);
#69=FACE_BOUND('',#809,.T.);
#70=FACE_BOUND('',#810,.T.);
#71=FACE_BOUND('',#811,.T.);
#72=FACE_BOUND('',#812,.T.);
#73=FACE_BOUND('',#813,.T.);
#74=FACE_BOUND('',#814,.T.);
#75=FACE_BOUND('',#815,.T.);
#76=FACE_BOUND('',#816,.T.);
#77=FACE_BOUND('',#817,.T.);
#78=FACE_BOUND('',#818,.T.);
#79=FACE_BOUND('',#819,.T.);
#80=FACE_BOUND('',#820,.T.);
#81=B_SPLINE_CURVE_WITH_KNOTS('',3,(#5574,#5575,#5576,#5577,#5578),
 .UNSPECIFIED.,.F.,.F.,(4,1,4),(0.,0.0382716833325695,0.0755430649045449),
 .UNSPECIFIED.);
#82=B_SPLINE_CURVE_WITH_KNOTS('',3,(#5582,#5583,#5584,#5585,#5586),
 .UNSPECIFIED.,.F.,.F.,(4,1,4),(0.,0.0382716833325695,0.0755430649045449),
 .UNSPECIFIED.);
#83=B_SPLINE_CURVE_WITH_KNOTS('',3,(#5599,#5600,#5601,#5602,#5603),
 .UNSPECIFIED.,.F.,.F.,(4,1,4),(0.,0.050054275230326,0.0928321709609677),
 .UNSPECIFIED.);
#84=B_SPLINE_CURVE_WITH_KNOTS('',3,(#5606,#5607,#5608,#5609,#5610),
 .UNSPECIFIED.,.F.,.F.,(4,1,4),(0.,0.050054275230326,0.0928321709609677),
 .UNSPECIFIED.);
#85=B_SPLINE_CURVE_WITH_KNOTS('',3,(#5622,#5623,#5624,#5625,#5626),
 .UNSPECIFIED.,.F.,.F.,(4,1,4),(0.,0.0382466427451438,0.079124120328063),
 .UNSPECIFIED.);
#86=B_SPLINE_CURVE_WITH_KNOTS('',3,(#5629,#5630,#5631,#5632,#5633),
 .UNSPECIFIED.,.F.,.F.,(4,1,4),(0.,0.0382466427451438,0.079124120328063),
 .UNSPECIFIED.);
#87=B_SPLINE_CURVE_WITH_KNOTS('',3,(#5645,#5646,#5647,#5648,#5649),
 .UNSPECIFIED.,.F.,.F.,(4,1,4),(0.,0.0335581879514591,0.0691902270661187),
 .UNSPECIFIED.);
#88=B_SPLINE_CURVE_WITH_KNOTS('',3,(#5652,#5653,#5654,#5655,#5656),
 .UNSPECIFIED.,.F.,.F.,(4,1,4),(0.,0.0335581879514591,0.0691902270661187),
 .UNSPECIFIED.);
#89=B_SPLINE_CURVE_WITH_KNOTS('',3,(#5668,#5669,#5670,#5671,#5672),
 .UNSPECIFIED.,.F.,.F.,(4,1,4),(0.,0.0313377794640021,0.0635611694241771),
 .UNSPECIFIED.);
#90=B_SPLINE_CURVE_WITH_KNOTS('',3,(#5675,#5676,#5677,#5678,#5679),
 .UNSPECIFIED.,.F.,.F.,(4,1,4),(0.,0.0313377794640021,0.0635611694241771),
 .UNSPECIFIED.);
#91=B_SPLINE_CURVE_WITH_KNOTS('',3,(#5691,#5692,#5693,#5694,#5695),
 .UNSPECIFIED.,.F.,.F.,(4,1,4),(0.,0.0293552585303943,0.0599600553992214),
 .UNSPECIFIED.);
#92=B_SPLINE_CURVE_WITH_KNOTS('',3,(#5698,#5699,#5700,#5701,#5702),
 .UNSPECIFIED.,.F.,.F.,(4,1,4),(0.,0.0293552585303943,0.0599600553992214),
 .UNSPECIFIED.);
#93=B_SPLINE_CURVE_WITH_KNOTS('',3,(#5714,#5715,#5716,#5717,#5718),
 .UNSPECIFIED.,.F.,.F.,(4,1,4),(0.,0.0354169630389004,0.0663732358721858),
 .UNSPECIFIED.);
#94=B_SPLINE_CURVE_WITH_KNOTS('',3,(#5721,#5722,#5723,#5724,#5725),
 .UNSPECIFIED.,.F.,.F.,(4,1,4),(0.,0.0354169630389004,0.0663732358721858),
 .UNSPECIFIED.);
#95=B_SPLINE_CURVE_WITH_KNOTS('',3,(#5737,#5738,#5739,#5740,#5741),
 .UNSPECIFIED.,.F.,.F.,(4,1,4),(0.,0.0560925031533643,0.0922261003917273),
 .UNSPECIFIED.);
#96=B_SPLINE_CURVE_WITH_KNOTS('',3,(#5744,#5745,#5746,#5747,#5748),
 .UNSPECIFIED.,.F.,.F.,(4,1,4),(0.,0.0560925031533643,0.0922261003917273),
 .UNSPECIFIED.);
#97=B_SPLINE_CURVE_WITH_KNOTS('',3,(#5760,#5761,#5762,#5763,#5764),
 .UNSPECIFIED.,.F.,.F.,(4,1,4),(0.,0.0309794981176276,0.0851528706926522),
 .UNSPECIFIED.);
#98=B_SPLINE_CURVE_WITH_KNOTS('',3,(#5767,#5768,#5769,#5770,#5771),
 .UNSPECIFIED.,.F.,.F.,(4,1,4),(0.,0.0309794981176276,0.0851528706926522),
 .UNSPECIFIED.);
#99=B_SPLINE_CURVE_WITH_KNOTS('',3,(#5783,#5784,#5785,#5786,#5787),
 .UNSPECIFIED.,.F.,.F.,(4,1,4),(0.,0.0200263410171501,0.0396859697445564),
 .UNSPECIFIED.);
#100=B_SPLINE_CURVE_WITH_KNOTS('',3,(#5790,#5791,#5792,#5793,#5794),
 .UNSPECIFIED.,.F.,.F.,(4,1,4),(0.,0.0200263410171501,0.0396859697445564),
 .UNSPECIFIED.);
#101=B_SPLINE_CURVE_WITH_KNOTS('',3,(#5806,#5807,#5808,#5809,#5810),
 .UNSPECIFIED.,.F.,.F.,(4,1,4),(0.,0.0254556811979213,0.0491232824588688),
 .UNSPECIFIED.);
#102=B_SPLINE_CURVE_WITH_KNOTS('',3,(#5813,#5814,#5815,#5816,#5817),
 .UNSPECIFIED.,.F.,.F.,(4,1,4),(0.,0.0254556811979213,0.0491232824588688),
 .UNSPECIFIED.);
#103=B_SPLINE_CURVE_WITH_KNOTS('',3,(#5829,#5830,#5831,#5832,#5833),
 .UNSPECIFIED.,.F.,.F.,(4,1,4),(0.,0.0417400152912032,0.0731289285871707),
 .UNSPECIFIED.);
#104=B_SPLINE_CURVE_WITH_KNOTS('',3,(#5836,#5837,#5838,#5839,#5840),
 .UNSPECIFIED.,.F.,.F.,(4,1,4),(0.,0.0417400152912032,0.0731289285871707),
 .UNSPECIFIED.);
#105=B_SPLINE_CURVE_WITH_KNOTS('',3,(#5852,#5853,#5854,#5855,#5856),
 .UNSPECIFIED.,.F.,.F.,(4,1,4),(0.,0.0326411566245487,0.0734140080042872),
 .UNSPECIFIED.);
#106=B_SPLINE_CURVE_WITH_KNOTS('',3,(#5859,#5860,#5861,#5862,#5863),
 .UNSPECIFIED.,.F.,.F.,(4,1,4),(0.,0.0326411566245487,0.0734140080042872),
 .UNSPECIFIED.);
#107=B_SPLINE_CURVE_WITH_KNOTS('',3,(#5875,#5876,#5877,#5878,#5879),
 .UNSPECIFIED.,.F.,.F.,(4,1,4),(0.,0.0344752130843249,0.0649240844178814),
 .UNSPECIFIED.);
#108=B_SPLINE_CURVE_WITH_KNOTS('',3,(#5882,#5883,#5884,#5885,#5886),
 .UNSPECIFIED.,.F.,.F.,(4,1,4),(0.,0.0344752130843249,0.0649240844178814),
 .UNSPECIFIED.);
#109=B_SPLINE_CURVE_WITH_KNOTS('',3,(#5904,#5905,#5906,#5907,#5908),
 .UNSPECIFIED.,.F.,.F.,(4,1,4),(0.,0.0328316507749539,0.0666534254744373),
 .UNSPECIFIED.);
#110=B_SPLINE_CURVE_WITH_KNOTS('',3,(#5911,#5912,#5913,#5914,#5915),
 .UNSPECIFIED.,.F.,.F.,(4,1,4),(0.,0.0328316507749539,0.0666534254744373),
 .UNSPECIFIED.);
#111=B_SPLINE_CURVE_WITH_KNOTS('',3,(#5927,#5928,#5929,#5930,#5931),
 .UNSPECIFIED.,.F.,.F.,(4,1,4),(0.,0.0348741988569402,0.0679044119475315),
 .UNSPECIFIED.);
#112=B_SPLINE_CURVE_WITH_KNOTS('',3,(#5934,#5935,#5936,#5937,#5938),
 .UNSPECIFIED.,.F.,.F.,(4,1,4),(0.,0.0348741988569402,0.0679044119475315),
 .UNSPECIFIED.);
#113=B_SPLINE_CURVE_WITH_KNOTS('',3,(#5950,#5951,#5952,#5953,#5954),
 .UNSPECIFIED.,.F.,.F.,(4,1,4),(0.,0.0420016077676677,0.0801420718406451),
 .UNSPECIFIED.);
#114=B_SPLINE_CURVE_WITH_KNOTS('',3,(#5957,#5958,#5959,#5960,#5961),
 .UNSPECIFIED.,.F.,.F.,(4,1,4),(0.,0.0420016077676677,0.0801420718406451),
 .UNSPECIFIED.);
#115=B_SPLINE_CURVE_WITH_KNOTS('',3,(#5973,#5974,#5975,#5976,#5977),
 .UNSPECIFIED.,.F.,.F.,(4,1,4),(0.,0.03632751397764,0.075018258014315),
 .UNSPECIFIED.);
#116=B_SPLINE_CURVE_WITH_KNOTS('',3,(#5980,#5981,#5982,#5983,#5984),
 .UNSPECIFIED.,.F.,.F.,(4,1,4),(0.,0.03632751397764,0.075018258014315),
 .UNSPECIFIED.);
#117=B_SPLINE_CURVE_WITH_KNOTS('',3,(#5996,#5997,#5998,#5999,#6000),
 .UNSPECIFIED.,.F.,.F.,(4,1,4),(0.,0.0313601731427053,0.0649329918647821),
 .UNSPECIFIED.);
#118=B_SPLINE_CURVE_WITH_KNOTS('',3,(#6003,#6004,#6005,#6006,#6007),
 .UNSPECIFIED.,.F.,.F.,(4,1,4),(0.,0.0313601731427053,0.0649329918647821),
 .UNSPECIFIED.);
#119=B_SPLINE_CURVE_WITH_KNOTS('',3,(#6019,#6020,#6021,#6022,#6023),
 .UNSPECIFIED.,.F.,.F.,(4,1,4),(0.,0.0296109060131041,0.059819296699349),
 .UNSPECIFIED.);
#120=B_SPLINE_CURVE_WITH_KNOTS('',3,(#6026,#6027,#6028,#6029,#6030),
 .UNSPECIFIED.,.F.,.F.,(4,1,4),(0.,0.0296109060131041,0.059819296699349),
 .UNSPECIFIED.);
#121=B_SPLINE_CURVE_WITH_KNOTS('',3,(#6042,#6043,#6044,#6045,#6046),
 .UNSPECIFIED.,.F.,.F.,(4,1,4),(0.,0.0258166132339654,0.0522786649566418),
 .UNSPECIFIED.);
#122=B_SPLINE_CURVE_WITH_KNOTS('',3,(#6049,#6050,#6051,#6052,#6053),
 .UNSPECIFIED.,.F.,.F.,(4,1,4),(0.,0.0258166132339654,0.0522786649566418),
 .UNSPECIFIED.);
#123=B_SPLINE_CURVE_WITH_KNOTS('',3,(#6065,#6066,#6067,#6068,#6069),
 .UNSPECIFIED.,.F.,.F.,(4,1,4),(0.,0.0301283796217892,0.0571599496465737),
 .UNSPECIFIED.);
#124=B_SPLINE_CURVE_WITH_KNOTS('',3,(#6072,#6073,#6074,#6075,#6076),
 .UNSPECIFIED.,.F.,.F.,(4,1,4),(0.,0.0301283796217892,0.0571599496465737),
 .UNSPECIFIED.);
#125=B_SPLINE_CURVE_WITH_KNOTS('',3,(#6088,#6089,#6090,#6091,#6092),
 .UNSPECIFIED.,.F.,.F.,(4,1,4),(0.,0.0485943586481278,0.0812747610373084),
 .UNSPECIFIED.);
#126=B_SPLINE_CURVE_WITH_KNOTS('',3,(#6095,#6096,#6097,#6098,#6099),
 .UNSPECIFIED.,.F.,.F.,(4,1,4),(0.,0.0485943586481278,0.0812747610373084),
 .UNSPECIFIED.);
#127=B_SPLINE_CURVE_WITH_KNOTS('',3,(#6111,#6112,#6113,#6114,#6115),
 .UNSPECIFIED.,.F.,.F.,(4,1,4),(0.,0.0270666105662052,0.0738616557043798),
 .UNSPECIFIED.);
#128=B_SPLINE_CURVE_WITH_KNOTS('',3,(#6118,#6119,#6120,#6121,#6122),
 .UNSPECIFIED.,.F.,.F.,(4,1,4),(0.,0.0270666105662052,0.0738616557043798),
 .UNSPECIFIED.);
#129=B_SPLINE_CURVE_WITH_KNOTS('',3,(#6134,#6135,#6136,#6137,#6138),
 .UNSPECIFIED.,.F.,.F.,(4,1,4),(0.,0.0193961841791919,0.0434500462585047),
 .UNSPECIFIED.);
#130=B_SPLINE_CURVE_WITH_KNOTS('',3,(#6141,#6142,#6143,#6144,#6145),
 .UNSPECIFIED.,.F.,.F.,(4,1,4),(0.,0.0193961841791919,0.0434500462585047),
 .UNSPECIFIED.);
#131=B_SPLINE_CURVE_WITH_KNOTS('',3,(#6157,#6158,#6159,#6160,#6161),
 .UNSPECIFIED.,.F.,.F.,(4,1,4),(0.,0.017842886030303,0.0351469176240382),
 .UNSPECIFIED.);
#132=B_SPLINE_CURVE_WITH_KNOTS('',3,(#6164,#6165,#6166,#6167,#6168),
 .UNSPECIFIED.,.F.,.F.,(4,1,4),(0.,0.017842886030303,0.0351469176240382),
 .UNSPECIFIED.);
#133=B_SPLINE_CURVE_WITH_KNOTS('',3,(#6180,#6181,#6182,#6183,#6184),
 .UNSPECIFIED.,.F.,.F.,(4,1,4),(0.,0.0184730199482567,0.0365338792975923),
 .UNSPECIFIED.);
#134=B_SPLINE_CURVE_WITH_KNOTS('',3,(#6187,#6188,#6189,#6190,#6191),
 .UNSPECIFIED.,.F.,.F.,(4,1,4),(0.,0.0184730199482567,0.0365338792975923),
 .UNSPECIFIED.);
#135=B_SPLINE_CURVE_WITH_KNOTS('',3,(#6203,#6204,#6205,#6206,#6207),
 .UNSPECIFIED.,.F.,.F.,(4,1,4),(0.,0.0228696091313524,0.0428876163688972),
 .UNSPECIFIED.);
#136=B_SPLINE_CURVE_WITH_KNOTS('',3,(#6210,#6211,#6212,#6213,#6214),
 .UNSPECIFIED.,.F.,.F.,(4,1,4),(0.,0.0228696091313524,0.0428876163688972),
 .UNSPECIFIED.);
#137=B_SPLINE_CURVE_WITH_KNOTS('',3,(#6226,#6227,#6228,#6229,#6230),
 .UNSPECIFIED.,.F.,.F.,(4,1,4),(0.,0.0286015545036321,0.0544646452644929),
 .UNSPECIFIED.);
#138=B_SPLINE_CURVE_WITH_KNOTS('',3,(#6233,#6234,#6235,#6236,#6237),
 .UNSPECIFIED.,.F.,.F.,(4,1,4),(0.,0.0286015545036321,0.0544646452644929),
 .UNSPECIFIED.);
#139=B_SPLINE_CURVE_WITH_KNOTS('',3,(#6249,#6250,#6251,#6252,#6253),
 .UNSPECIFIED.,.F.,.F.,(4,1,4),(0.,0.0303262953165291,0.0628630826748944),
 .UNSPECIFIED.);
#140=B_SPLINE_CURVE_WITH_KNOTS('',3,(#6256,#6257,#6258,#6259,#6260),
 .UNSPECIFIED.,.F.,.F.,(4,1,4),(0.,0.0303262953165291,0.0628630826748944),
 .UNSPECIFIED.);
#141=B_SPLINE_CURVE_WITH_KNOTS('',3,(#6272,#6273,#6274,#6275,#6276),
 .UNSPECIFIED.,.F.,.F.,(4,1,4),(0.,0.0240039427255061,0.0513874546760473),
 .UNSPECIFIED.);
#142=B_SPLINE_CURVE_WITH_KNOTS('',3,(#6279,#6280,#6281,#6282,#6283),
 .UNSPECIFIED.,.F.,.F.,(4,1,4),(0.,0.0240039427255061,0.0513874546760473),
 .UNSPECIFIED.);
#143=B_SPLINE_CURVE_WITH_KNOTS('',3,(#6295,#6296,#6297,#6298,#6299),
 .UNSPECIFIED.,.F.,.F.,(4,1,4),(0.,0.0279491403769104,0.0523101172771896),
 .UNSPECIFIED.);
#144=B_SPLINE_CURVE_WITH_KNOTS('',3,(#6302,#6303,#6304,#6305,#6306),
 .UNSPECIFIED.,.F.,.F.,(4,1,4),(0.,0.0279491403769104,0.0523101172771896),
 .UNSPECIFIED.);
#145=B_SPLINE_CURVE_WITH_KNOTS('',3,(#6323,#6324,#6325,#6326,#6327),
 .UNSPECIFIED.,.F.,.F.,(4,1,4),(0.,0.0374260464224421,0.0759308860917393),
 .UNSPECIFIED.);
#146=B_SPLINE_CURVE_WITH_KNOTS('',3,(#6328,#6329,#6330,#6331,#6332),
 .UNSPECIFIED.,.F.,.F.,(4,1,4),(0.,0.0374260464224421,0.0759308860917393),
 .UNSPECIFIED.);
#147=B_SPLINE_CURVE_WITH_KNOTS('',3,(#6396,#6397,#6398,#6399,#6400),
 .UNSPECIFIED.,.F.,.F.,(4,1,4),(0.,0.0382716833325695,0.0755430649045449),
 .UNSPECIFIED.);
#148=B_SPLINE_CURVE_WITH_KNOTS('',3,(#6404,#6405,#6406,#6407,#6408),
 .UNSPECIFIED.,.F.,.F.,(4,1,4),(0.,0.0382716833325695,0.0755430649045449),
 .UNSPECIFIED.);
#149=B_SPLINE_CURVE_WITH_KNOTS('',3,(#6421,#6422,#6423,#6424,#6425),
 .UNSPECIFIED.,.F.,.F.,(4,1,4),(0.,0.050054275230326,0.0928320564320686),
 .UNSPECIFIED.);
#150=B_SPLINE_CURVE_WITH_KNOTS('',3,(#6428,#6429,#6430,#6431,#6432),
 .UNSPECIFIED.,.F.,.F.,(4,1,4),(0.,0.050054275230326,0.0928320564320686),
 .UNSPECIFIED.);
#151=B_SPLINE_CURVE_WITH_KNOTS('',3,(#6444,#6445,#6446,#6447,#6448),
 .UNSPECIFIED.,.F.,.F.,(4,1,4),(0.,0.0382466427451438,0.079124120328063),
 .UNSPECIFIED.);
#152=B_SPLINE_CURVE_WITH_KNOTS('',3,(#6451,#6452,#6453,#6454,#6455),
 .UNSPECIFIED.,.F.,.F.,(4,1,4),(0.,0.0382466427451438,0.079124120328063),
 .UNSPECIFIED.);
#153=B_SPLINE_CURVE_WITH_KNOTS('',3,(#6467,#6468,#6469,#6470,#6471),
 .UNSPECIFIED.,.F.,.F.,(4,1,4),(0.,0.0335581879514591,0.0691902270661187),
 .UNSPECIFIED.);
#154=B_SPLINE_CURVE_WITH_KNOTS('',3,(#6474,#6475,#6476,#6477,#6478),
 .UNSPECIFIED.,.F.,.F.,(4,1,4),(0.,0.0335581879514591,0.0691902270661187),
 .UNSPECIFIED.);
#155=B_SPLINE_CURVE_WITH_KNOTS('',3,(#6490,#6491,#6492,#6493,#6494),
 .UNSPECIFIED.,.F.,.F.,(4,1,4),(0.,0.0313377794640021,0.0635611694241771),
 .UNSPECIFIED.);
#156=B_SPLINE_CURVE_WITH_KNOTS('',3,(#6497,#6498,#6499,#6500,#6501),
 .UNSPECIFIED.,.F.,.F.,(4,1,4),(0.,0.0313377794640021,0.0635611694241771),
 .UNSPECIFIED.);
#157=B_SPLINE_CURVE_WITH_KNOTS('',3,(#6513,#6514,#6515,#6516,#6517),
 .UNSPECIFIED.,.F.,.F.,(4,1,4),(0.,0.0293552078381536,0.0599600047069808),
 .UNSPECIFIED.);
#158=B_SPLINE_CURVE_WITH_KNOTS('',3,(#6520,#6521,#6522,#6523,#6524),
 .UNSPECIFIED.,.F.,.F.,(4,1,4),(0.,0.0293552078381536,0.0599600047069808),
 .UNSPECIFIED.);
#159=B_SPLINE_CURVE_WITH_KNOTS('',3,(#6536,#6537,#6538,#6539,#6540),
 .UNSPECIFIED.,.F.,.F.,(4,1,4),(0.,0.0354169630389004,0.0663731541785166),
 .UNSPECIFIED.);
#160=B_SPLINE_CURVE_WITH_KNOTS('',3,(#6543,#6544,#6545,#6546,#6547),
 .UNSPECIFIED.,.F.,.F.,(4,1,4),(0.,0.0354169630389004,0.0663731541785166),
 .UNSPECIFIED.);
#161=B_SPLINE_CURVE_WITH_KNOTS('',3,(#6559,#6560,#6561,#6562,#6563),
 .UNSPECIFIED.,.F.,.F.,(4,1,4),(0.,0.0560926187648786,0.0922263286369666),
 .UNSPECIFIED.);
#162=B_SPLINE_CURVE_WITH_KNOTS('',3,(#6566,#6567,#6568,#6569,#6570),
 .UNSPECIFIED.,.F.,.F.,(4,1,4),(0.,0.0560926187648786,0.0922263286369666),
 .UNSPECIFIED.);
#163=B_SPLINE_CURVE_WITH_KNOTS('',3,(#6582,#6583,#6584,#6585,#6586),
 .UNSPECIFIED.,.F.,.F.,(4,1,4),(0.,0.0309796042916356,0.0851528619623913),
 .UNSPECIFIED.);
#164=B_SPLINE_CURVE_WITH_KNOTS('',3,(#6589,#6590,#6591,#6592,#6593),
 .UNSPECIFIED.,.F.,.F.,(4,1,4),(0.,0.0309796042916356,0.0851528619623913),
 .UNSPECIFIED.);
#165=B_SPLINE_CURVE_WITH_KNOTS('',3,(#6605,#6606,#6607,#6608,#6609),
 .UNSPECIFIED.,.F.,.F.,(4,1,4),(0.,0.0200263410171501,0.0396859697445564),
 .UNSPECIFIED.);
#166=B_SPLINE_CURVE_WITH_KNOTS('',3,(#6612,#6613,#6614,#6615,#6616),
 .UNSPECIFIED.,.F.,.F.,(4,1,4),(0.,0.0200263410171501,0.0396859697445564),
 .UNSPECIFIED.);
#167=B_SPLINE_CURVE_WITH_KNOTS('',3,(#6628,#6629,#6630,#6631,#6632),
 .UNSPECIFIED.,.F.,.F.,(4,1,4),(0.,0.0254556811979213,0.0491232824588688),
 .UNSPECIFIED.);
#168=B_SPLINE_CURVE_WITH_KNOTS('',3,(#6635,#6636,#6637,#6638,#6639),
 .UNSPECIFIED.,.F.,.F.,(4,1,4),(0.,0.0254556811979213,0.0491232824588688),
 .UNSPECIFIED.);
#169=B_SPLINE_CURVE_WITH_KNOTS('',3,(#6651,#6652,#6653,#6654,#6655),
 .UNSPECIFIED.,.F.,.F.,(4,1,4),(0.,0.0417400152912032,0.0731289285871707),
 .UNSPECIFIED.);
#170=B_SPLINE_CURVE_WITH_KNOTS('',3,(#6658,#6659,#6660,#6661,#6662),
 .UNSPECIFIED.,.F.,.F.,(4,1,4),(0.,0.0417400152912032,0.0731289285871707),
 .UNSPECIFIED.);
#171=B_SPLINE_CURVE_WITH_KNOTS('',3,(#6674,#6675,#6676,#6677,#6678),
 .UNSPECIFIED.,.F.,.F.,(4,1,4),(0.,0.0326412633728891,0.0734141147526275),
 .UNSPECIFIED.);
#172=B_SPLINE_CURVE_WITH_KNOTS('',3,(#6681,#6682,#6683,#6684,#6685),
 .UNSPECIFIED.,.F.,.F.,(4,1,4),(0.,0.0326412633728891,0.0734141147526275),
 .UNSPECIFIED.);
#173=B_SPLINE_CURVE_WITH_KNOTS('',3,(#6697,#6698,#6699,#6700,#6701),
 .UNSPECIFIED.,.F.,.F.,(4,1,4),(0.,0.0344752130843249,0.0649240111101669),
 .UNSPECIFIED.);
#174=B_SPLINE_CURVE_WITH_KNOTS('',3,(#6704,#6705,#6706,#6707,#6708),
 .UNSPECIFIED.,.F.,.F.,(4,1,4),(0.,0.0344752130843249,0.0649240111101669),
 .UNSPECIFIED.);
#175=B_SPLINE_CURVE_WITH_KNOTS('',3,(#6726,#6727,#6728,#6729,#6730),
 .UNSPECIFIED.,.F.,.F.,(4,1,4),(0.,0.0328316507749539,0.066653445188962),
 .UNSPECIFIED.);
#176=B_SPLINE_CURVE_WITH_KNOTS('',3,(#6733,#6734,#6735,#6736,#6737),
 .UNSPECIFIED.,.F.,.F.,(4,1,4),(0.,0.0328316507749539,0.066653445188962),
 .UNSPECIFIED.);
#177=B_SPLINE_CURVE_WITH_KNOTS('',3,(#6749,#6750,#6751,#6752,#6753),
 .UNSPECIFIED.,.F.,.F.,(4,1,4),(0.,0.0348740961452988,0.06790430923589),
 .UNSPECIFIED.);
#178=B_SPLINE_CURVE_WITH_KNOTS('',3,(#6756,#6757,#6758,#6759,#6760),
 .UNSPECIFIED.,.F.,.F.,(4,1,4),(0.,0.0348740961452988,0.06790430923589),
 .UNSPECIFIED.);
#179=B_SPLINE_CURVE_WITH_KNOTS('',3,(#6772,#6773,#6774,#6775,#6776),
 .UNSPECIFIED.,.F.,.F.,(4,1,4),(0.,0.0420014889924783,0.0801420674476731),
 .UNSPECIFIED.);
#180=B_SPLINE_CURVE_WITH_KNOTS('',3,(#6779,#6780,#6781,#6782,#6783),
 .UNSPECIFIED.,.F.,.F.,(4,1,4),(0.,0.0420014889924783,0.0801420674476731),
 .UNSPECIFIED.);
#181=B_SPLINE_CURVE_WITH_KNOTS('',3,(#6795,#6796,#6797,#6798,#6799),
 .UNSPECIFIED.,.F.,.F.,(4,1,4),(0.,0.03632751397764,0.0750183767595363),
 .UNSPECIFIED.);
#182=B_SPLINE_CURVE_WITH_KNOTS('',3,(#6802,#6803,#6804,#6805,#6806),
 .UNSPECIFIED.,.F.,.F.,(4,1,4),(0.,0.03632751397764,0.0750183767595363),
 .UNSPECIFIED.);
#183=B_SPLINE_CURVE_WITH_KNOTS('',3,(#6818,#6819,#6820,#6821,#6822),
 .UNSPECIFIED.,.F.,.F.,(4,1,4),(0.,0.0313600927604067,0.0649329114824835),
 .UNSPECIFIED.);
#184=B_SPLINE_CURVE_WITH_KNOTS('',3,(#6825,#6826,#6827,#6828,#6829),
 .UNSPECIFIED.,.F.,.F.,(4,1,4),(0.,0.0313600927604067,0.0649329114824835),
 .UNSPECIFIED.);
#185=B_SPLINE_CURVE_WITH_KNOTS('',3,(#6841,#6842,#6843,#6844,#6845),
 .UNSPECIFIED.,.F.,.F.,(4,1,4),(0.,0.0296109060131041,0.0598193475748535),
 .UNSPECIFIED.);
#186=B_SPLINE_CURVE_WITH_KNOTS('',3,(#6848,#6849,#6850,#6851,#6852),
 .UNSPECIFIED.,.F.,.F.,(4,1,4),(0.,0.0296109060131041,0.0598193475748535),
 .UNSPECIFIED.);
#187=B_SPLINE_CURVE_WITH_KNOTS('',3,(#6864,#6865,#6866,#6867,#6868),
 .UNSPECIFIED.,.F.,.F.,(4,1,4),(0.,0.0258166132339654,0.0522786649566418),
 .UNSPECIFIED.);
#188=B_SPLINE_CURVE_WITH_KNOTS('',3,(#6871,#6872,#6873,#6874,#6875),
 .UNSPECIFIED.,.F.,.F.,(4,1,4),(0.,0.0258166132339654,0.0522786649566418),
 .UNSPECIFIED.);
#189=B_SPLINE_CURVE_WITH_KNOTS('',3,(#6887,#6888,#6889,#6890,#6891),
 .UNSPECIFIED.,.F.,.F.,(4,1,4),(0.,0.0301284785390704,0.0571600485638548),
 .UNSPECIFIED.);
#190=B_SPLINE_CURVE_WITH_KNOTS('',3,(#6894,#6895,#6896,#6897,#6898),
 .UNSPECIFIED.,.F.,.F.,(4,1,4),(0.,0.0301284785390704,0.0571600485638548),
 .UNSPECIFIED.);
#191=B_SPLINE_CURVE_WITH_KNOTS('',3,(#6910,#6911,#6912,#6913,#6914),
 .UNSPECIFIED.,.F.,.F.,(4,1,4),(0.,0.048594243687693,0.0812746460768736),
 .UNSPECIFIED.);
#192=B_SPLINE_CURVE_WITH_KNOTS('',3,(#6917,#6918,#6919,#6920,#6921),
 .UNSPECIFIED.,.F.,.F.,(4,1,4),(0.,0.048594243687693,0.0812746460768736),
 .UNSPECIFIED.);
#193=B_SPLINE_CURVE_WITH_KNOTS('',3,(#6933,#6934,#6935,#6936,#6937),
 .UNSPECIFIED.,.F.,.F.,(4,1,4),(0.,0.0270666105662052,0.0738616557043798),
 .UNSPECIFIED.);
#194=B_SPLINE_CURVE_WITH_KNOTS('',3,(#6940,#6941,#6942,#6943,#6944),
 .UNSPECIFIED.,.F.,.F.,(4,1,4),(0.,0.0270666105662052,0.0738616557043798),
 .UNSPECIFIED.);
#195=B_SPLINE_CURVE_WITH_KNOTS('',3,(#6956,#6957,#6958,#6959,#6960),
 .UNSPECIFIED.,.F.,.F.,(4,1,4),(0.,0.0193962730571642,0.043450135136477),
 .UNSPECIFIED.);
#196=B_SPLINE_CURVE_WITH_KNOTS('',3,(#6963,#6964,#6965,#6966,#6967),
 .UNSPECIFIED.,.F.,.F.,(4,1,4),(0.,0.0193962730571642,0.043450135136477),
 .UNSPECIFIED.);
#197=B_SPLINE_CURVE_WITH_KNOTS('',3,(#6979,#6980,#6981,#6982,#6983),
 .UNSPECIFIED.,.F.,.F.,(4,1,4),(0.,0.017842886030303,0.0351469176240382),
 .UNSPECIFIED.);
#198=B_SPLINE_CURVE_WITH_KNOTS('',3,(#6986,#6987,#6988,#6989,#6990),
 .UNSPECIFIED.,.F.,.F.,(4,1,4),(0.,0.017842886030303,0.0351469176240382),
 .UNSPECIFIED.);
#199=B_SPLINE_CURVE_WITH_KNOTS('',3,(#7002,#7003,#7004,#7005,#7006),
 .UNSPECIFIED.,.F.,.F.,(4,1,4),(0.,0.0184730199482567,0.0365338979820791),
 .UNSPECIFIED.);
#200=B_SPLINE_CURVE_WITH_KNOTS('',3,(#7009,#7010,#7011,#7012,#7013),
 .UNSPECIFIED.,.F.,.F.,(4,1,4),(0.,0.0184730199482567,0.0365338979820791),
 .UNSPECIFIED.);
#201=B_SPLINE_CURVE_WITH_KNOTS('',3,(#7025,#7026,#7027,#7028,#7029),
 .UNSPECIFIED.,.F.,.F.,(4,1,4),(0.,0.0228696091313524,0.0428875312665417),
 .UNSPECIFIED.);
#202=B_SPLINE_CURVE_WITH_KNOTS('',3,(#7032,#7033,#7034,#7035,#7036),
 .UNSPECIFIED.,.F.,.F.,(4,1,4),(0.,0.0228696091313524,0.0428875312665417),
 .UNSPECIFIED.);
#203=B_SPLINE_CURVE_WITH_KNOTS('',3,(#7048,#7049,#7050,#7051,#7052),
 .UNSPECIFIED.,.F.,.F.,(4,1,4),(0.,0.0286016733431486,0.0544647641040093),
 .UNSPECIFIED.);
#204=B_SPLINE_CURVE_WITH_KNOTS('',3,(#7055,#7056,#7057,#7058,#7059),
 .UNSPECIFIED.,.F.,.F.,(4,1,4),(0.,0.0286016733431486,0.0544647641040093),
 .UNSPECIFIED.);
#205=B_SPLINE_CURVE_WITH_KNOTS('',3,(#7071,#7072,#7073,#7074,#7075),
 .UNSPECIFIED.,.F.,.F.,(4,1,4),(0.,0.0303264092745356,0.0628630779203674),
 .UNSPECIFIED.);
#206=B_SPLINE_CURVE_WITH_KNOTS('',3,(#7078,#7079,#7080,#7081,#7082),
 .UNSPECIFIED.,.F.,.F.,(4,1,4),(0.,0.0303264092745356,0.0628630779203674),
 .UNSPECIFIED.);
#207=B_SPLINE_CURVE_WITH_KNOTS('',3,(#7094,#7095,#7096,#7097,#7098),
 .UNSPECIFIED.,.F.,.F.,(4,1,4),(0.,0.0240039427255061,0.0513874546760473),
 .UNSPECIFIED.);
#208=B_SPLINE_CURVE_WITH_KNOTS('',3,(#7101,#7102,#7103,#7104,#7105),
 .UNSPECIFIED.,.F.,.F.,(4,1,4),(0.,0.0240039427255061,0.0513874546760473),
 .UNSPECIFIED.);
#209=B_SPLINE_CURVE_WITH_KNOTS('',3,(#7117,#7118,#7119,#7120,#7121),
 .UNSPECIFIED.,.F.,.F.,(4,1,4),(0.,0.0279491655435969,0.0523100386327407),
 .UNSPECIFIED.);
#210=B_SPLINE_CURVE_WITH_KNOTS('',3,(#7124,#7125,#7126,#7127,#7128),
 .UNSPECIFIED.,.F.,.F.,(4,1,4),(0.,0.0279491655435969,0.0523100386327407),
 .UNSPECIFIED.);
#211=B_SPLINE_CURVE_WITH_KNOTS('',3,(#7145,#7146,#7147,#7148,#7149),
 .UNSPECIFIED.,.F.,.F.,(4,1,4),(0.,0.0374260971553543,0.075930918134924),
 .UNSPECIFIED.);
#212=B_SPLINE_CURVE_WITH_KNOTS('',3,(#7150,#7151,#7152,#7153,#7154),
 .UNSPECIFIED.,.F.,.F.,(4,1,4),(0.,0.0374260971553543,0.075930918134924),
 .UNSPECIFIED.);
#213=B_SPLINE_CURVE_WITH_KNOTS('',3,(#7201,#7202,#7203,#7204,#7205),
 .UNSPECIFIED.,.F.,.F.,(4,1,4),(0.,0.021691666459189,0.0355783172933336),
 .UNSPECIFIED.);
#214=B_SPLINE_CURVE_WITH_KNOTS('',3,(#7208,#7209,#7210,#7211,#7212),
 .UNSPECIFIED.,.F.,.F.,(4,1,4),(0.,0.021691666459189,0.0355783172933336),
 .UNSPECIFIED.);
#215=B_SPLINE_CURVE_WITH_KNOTS('',3,(#7224,#7225,#7226,#7227,#7228),
 .UNSPECIFIED.,.F.,.F.,(4,1,4),(0.,0.0154378597268839,0.0319385752182731),
 .UNSPECIFIED.);
#216=B_SPLINE_CURVE_WITH_KNOTS('',3,(#7231,#7232,#7233,#7234,#7235),
 .UNSPECIFIED.,.F.,.F.,(4,1,4),(0.,0.0154378597268839,0.0319385752182731),
 .UNSPECIFIED.);
#217=B_SPLINE_CURVE_WITH_KNOTS('',3,(#7283,#7284,#7285,#7286,#7287),
 .UNSPECIFIED.,.F.,.F.,(4,1,4),(0.,0.0266575850667135,0.055499643875237),
 .UNSPECIFIED.);
#218=B_SPLINE_CURVE_WITH_KNOTS('',3,(#7290,#7291,#7292,#7293,#7294),
 .UNSPECIFIED.,.F.,.F.,(4,1,4),(0.,0.0266575850667135,0.055499643875237),
 .UNSPECIFIED.);
#219=B_SPLINE_CURVE_WITH_KNOTS('',3,(#7306,#7307,#7308,#7309,#7310),
 .UNSPECIFIED.,.F.,.F.,(4,1,4),(0.,0.0342461150443351,0.0587439264307024),
 .UNSPECIFIED.);
#220=B_SPLINE_CURVE_WITH_KNOTS('',3,(#7313,#7314,#7315,#7316,#7317),
 .UNSPECIFIED.,.F.,.F.,(4,1,4),(0.,0.0342461150443351,0.0587439264307024),
 .UNSPECIFIED.);
#221=B_SPLINE_CURVE_WITH_KNOTS('',3,(#7358,#7359,#7360,#7361,#7362),
 .UNSPECIFIED.,.F.,.F.,(4,1,4),(0.,0.0394261427885395,0.0794412555504397),
 .UNSPECIFIED.);
#222=B_SPLINE_CURVE_WITH_KNOTS('',3,(#7366,#7367,#7368,#7369,#7370),
 .UNSPECIFIED.,.F.,.F.,(4,1,4),(0.,0.0394261427885395,0.0794412555504397),
 .UNSPECIFIED.);
#223=B_SPLINE_CURVE_WITH_KNOTS('',3,(#7383,#7384,#7385,#7386,#7387),
 .UNSPECIFIED.,.F.,.F.,(4,1,4),(0.,0.0488954239655284,0.0876837583741558),
 .UNSPECIFIED.);
#224=B_SPLINE_CURVE_WITH_KNOTS('',3,(#7390,#7391,#7392,#7393,#7394),
 .UNSPECIFIED.,.F.,.F.,(4,1,4),(0.,0.0488954239655284,0.0876837583741558),
 .UNSPECIFIED.);
#225=B_SPLINE_CURVE_WITH_KNOTS('',3,(#7479,#7480,#7481,#7482,#7483),
 .UNSPECIFIED.,.F.,.F.,(4,1,4),(0.,0.0216916979483841,0.0355783159905046),
 .UNSPECIFIED.);
#226=B_SPLINE_CURVE_WITH_KNOTS('',3,(#7486,#7487,#7488,#7489,#7490),
 .UNSPECIFIED.,.F.,.F.,(4,1,4),(0.,0.0216916979483841,0.0355783159905046),
 .UNSPECIFIED.);
#227=B_SPLINE_CURVE_WITH_KNOTS('',3,(#7502,#7503,#7504,#7505,#7506),
 .UNSPECIFIED.,.F.,.F.,(4,1,4),(0.,0.0154378265426868,0.0319385740661831),
 .UNSPECIFIED.);
#228=B_SPLINE_CURVE_WITH_KNOTS('',3,(#7509,#7510,#7511,#7512,#7513),
 .UNSPECIFIED.,.F.,.F.,(4,1,4),(0.,0.0154378265426868,0.0319385740661831),
 .UNSPECIFIED.);
#229=B_SPLINE_CURVE_WITH_KNOTS('',3,(#7561,#7562,#7563,#7564,#7565),
 .UNSPECIFIED.,.F.,.F.,(4,1,4),(0.,0.0266575850667135,0.0554996967380025),
 .UNSPECIFIED.);
#230=B_SPLINE_CURVE_WITH_KNOTS('',3,(#7568,#7569,#7570,#7571,#7572),
 .UNSPECIFIED.,.F.,.F.,(4,1,4),(0.,0.0266575850667135,0.0554996967380025),
 .UNSPECIFIED.);
#231=B_SPLINE_CURVE_WITH_KNOTS('',3,(#7584,#7585,#7586,#7587,#7588),
 .UNSPECIFIED.,.F.,.F.,(4,1,4),(0.,0.0342460981856611,0.0587438939711895),
 .UNSPECIFIED.);
#232=B_SPLINE_CURVE_WITH_KNOTS('',3,(#7591,#7592,#7593,#7594,#7595),
 .UNSPECIFIED.,.F.,.F.,(4,1,4),(0.,0.0342460981856611,0.0587438939711895),
 .UNSPECIFIED.);
#233=B_SPLINE_CURVE_WITH_KNOTS('',3,(#7644,#7645,#7646,#7647,#7648),
 .UNSPECIFIED.,.F.,.F.,(4,1,4),(0.,0.0216917294376973,0.0355783802718419),
 .UNSPECIFIED.);
#234=B_SPLINE_CURVE_WITH_KNOTS('',3,(#7651,#7652,#7653,#7654,#7655),
 .UNSPECIFIED.,.F.,.F.,(4,1,4),(0.,0.0216917294376973,0.0355783802718419),
 .UNSPECIFIED.);
#235=B_SPLINE_CURVE_WITH_KNOTS('',3,(#7667,#7668,#7669,#7670,#7671),
 .UNSPECIFIED.,.F.,.F.,(4,1,4),(0.,0.0154377933586484,0.0319385729144051),
 .UNSPECIFIED.);
#236=B_SPLINE_CURVE_WITH_KNOTS('',3,(#7674,#7675,#7676,#7677,#7678),
 .UNSPECIFIED.,.F.,.F.,(4,1,4),(0.,0.0154377933586484,0.0319385729144051),
 .UNSPECIFIED.);
#237=B_SPLINE_CURVE_WITH_KNOTS('',3,(#7726,#7727,#7728,#7729,#7730),
 .UNSPECIFIED.,.F.,.F.,(4,1,4),(0.,0.0266576503451985,0.055499709153722),
 .UNSPECIFIED.);
#238=B_SPLINE_CURVE_WITH_KNOTS('',3,(#7733,#7734,#7735,#7736,#7737),
 .UNSPECIFIED.,.F.,.F.,(4,1,4),(0.,0.0266576503451985,0.055499709153722),
 .UNSPECIFIED.);
#239=B_SPLINE_CURVE_WITH_KNOTS('',3,(#7749,#7750,#7751,#7752,#7753),
 .UNSPECIFIED.,.F.,.F.,(4,1,4),(0.,0.0342461150443351,0.0587438016247296),
 .UNSPECIFIED.);
#240=B_SPLINE_CURVE_WITH_KNOTS('',3,(#7756,#7757,#7758,#7759,#7760),
 .UNSPECIFIED.,.F.,.F.,(4,1,4),(0.,0.0342461150443351,0.0587438016247296),
 .UNSPECIFIED.);
#241=B_SPLINE_CURVE_WITH_KNOTS('',3,(#7801,#7802,#7803,#7804,#7805),
 .UNSPECIFIED.,.F.,.F.,(4,1,4),(0.,0.0394261427885395,0.0794412555504397),
 .UNSPECIFIED.);
#242=B_SPLINE_CURVE_WITH_KNOTS('',3,(#7809,#7810,#7811,#7812,#7813),
 .UNSPECIFIED.,.F.,.F.,(4,1,4),(0.,0.0394261427885395,0.0794412555504397),
 .UNSPECIFIED.);
#243=B_SPLINE_CURVE_WITH_KNOTS('',3,(#7826,#7827,#7828,#7829,#7830),
 .UNSPECIFIED.,.F.,.F.,(4,1,4),(0.,0.0488954239655284,0.0876837764032304),
 .UNSPECIFIED.);
#244=B_SPLINE_CURVE_WITH_KNOTS('',3,(#7833,#7834,#7835,#7836,#7837),
 .UNSPECIFIED.,.F.,.F.,(4,1,4),(0.,0.0488954239655284,0.0876837764032304),
 .UNSPECIFIED.);
#245=B_SPLINE_CURVE_WITH_KNOTS('',3,(#7940,#7941,#7942,#7943,#7944),
 .UNSPECIFIED.,.F.,.F.,(4,1,4),(0.,0.0388505068052865,0.0830738969667737),
 .UNSPECIFIED.);
#246=B_SPLINE_CURVE_WITH_KNOTS('',3,(#7947,#7948,#7949,#7950,#7951),
 .UNSPECIFIED.,.F.,.F.,(4,1,4),(0.,0.0388505068052865,0.0830738969667737),
 .UNSPECIFIED.);
#247=B_SPLINE_CURVE_WITH_KNOTS('',3,(#7963,#7964,#7965,#7966,#7967),
 .UNSPECIFIED.,.F.,.F.,(4,1,4),(0.,0.0398620325824842,0.0789513188717482),
 .UNSPECIFIED.);
#248=B_SPLINE_CURVE_WITH_KNOTS('',3,(#7970,#7971,#7972,#7973,#7974),
 .UNSPECIFIED.,.F.,.F.,(4,1,4),(0.,0.0398620325824842,0.0789513188717482),
 .UNSPECIFIED.);
#249=B_SPLINE_SURFACE_WITH_KNOTS('',3,1,((#5562,#5563),(#5564,#5565),(#5566,
#5567),(#5568,#5569),(#5570,#5571)),.UNSPECIFIED.,.F.,.F.,.F.,(4,1,4),(2,
2),(0.,0.0382716833325695,0.0755430649045449),(0.,0.1),.UNSPECIFIED.);
#250=B_SPLINE_SURFACE_WITH_KNOTS('',3,1,((#5588,#5589),(#5590,#5591),(#5592,
#5593),(#5594,#5595),(#5596,#5597)),.UNSPECIFIED.,.F.,.F.,.F.,(4,1,4),(2,
2),(0.,0.050054275230326,0.0928321709609677),(0.,0.1),.UNSPECIFIED.);
#251=B_SPLINE_SURFACE_WITH_KNOTS('',3,1,((#5611,#5612),(#5613,#5614),(#5615,
#5616),(#5617,#5618),(#5619,#5620)),.UNSPECIFIED.,.F.,.F.,.F.,(4,1,4),(2,
2),(0.,0.0382466427451438,0.079124120328063),(0.,0.1),.UNSPECIFIED.);
#252=B_SPLINE_SURFACE_WITH_KNOTS('',3,1,((#5634,#5635),(#5636,#5637),(#5638,
#5639),(#5640,#5641),(#5642,#5643)),.UNSPECIFIED.,.F.,.F.,.F.,(4,1,4),(2,
2),(0.,0.0335581879514591,0.0691902270661187),(0.,0.1),.UNSPECIFIED.);
#253=B_SPLINE_SURFACE_WITH_KNOTS('',3,1,((#5657,#5658),(#5659,#5660),(#5661,
#5662),(#5663,#5664),(#5665,#5666)),.UNSPECIFIED.,.F.,.F.,.F.,(4,1,4),(2,
2),(0.,0.0313377794640021,0.0635611694241771),(0.,0.1),.UNSPECIFIED.);
#254=B_SPLINE_SURFACE_WITH_KNOTS('',3,1,((#5680,#5681),(#5682,#5683),(#5684,
#5685),(#5686,#5687),(#5688,#5689)),.UNSPECIFIED.,.F.,.F.,.F.,(4,1,4),(2,
2),(0.,0.0293552585303943,0.0599600553992214),(0.,0.1),.UNSPECIFIED.);
#255=B_SPLINE_SURFACE_WITH_KNOTS('',3,1,((#5703,#5704),(#5705,#5706),(#5707,
#5708),(#5709,#5710),(#5711,#5712)),.UNSPECIFIED.,.F.,.F.,.F.,(4,1,4),(2,
2),(0.,0.0354169630389004,0.0663732358721858),(0.,0.1),.UNSPECIFIED.);
#256=B_SPLINE_SURFACE_WITH_KNOTS('',3,1,((#5726,#5727),(#5728,#5729),(#5730,
#5731),(#5732,#5733),(#5734,#5735)),.UNSPECIFIED.,.F.,.F.,.F.,(4,1,4),(2,
2),(0.,0.0560925031533643,0.0922261003917273),(0.,0.1),.UNSPECIFIED.);
#257=B_SPLINE_SURFACE_WITH_KNOTS('',3,1,((#5749,#5750),(#5751,#5752),(#5753,
#5754),(#5755,#5756),(#5757,#5758)),.UNSPECIFIED.,.F.,.F.,.F.,(4,1,4),(2,
2),(0.,0.0309794981176276,0.0851528706926522),(0.,0.1),.UNSPECIFIED.);
#258=B_SPLINE_SURFACE_WITH_KNOTS('',3,1,((#5772,#5773),(#5774,#5775),(#5776,
#5777),(#5778,#5779),(#5780,#5781)),.UNSPECIFIED.,.F.,.F.,.F.,(4,1,4),(2,
2),(0.,0.0200263410171501,0.0396859697445564),(0.,0.1),.UNSPECIFIED.);
#259=B_SPLINE_SURFACE_WITH_KNOTS('',3,1,((#5795,#5796),(#5797,#5798),(#5799,
#5800),(#5801,#5802),(#5803,#5804)),.UNSPECIFIED.,.F.,.F.,.F.,(4,1,4),(2,
2),(0.,0.0254556811979213,0.0491232824588688),(0.,0.1),.UNSPECIFIED.);
#260=B_SPLINE_SURFACE_WITH_KNOTS('',3,1,((#5818,#5819),(#5820,#5821),(#5822,
#5823),(#5824,#5825),(#5826,#5827)),.UNSPECIFIED.,.F.,.F.,.F.,(4,1,4),(2,
2),(0.,0.0417400152912032,0.0731289285871707),(0.,0.1),.UNSPECIFIED.);
#261=B_SPLINE_SURFACE_WITH_KNOTS('',3,1,((#5841,#5842),(#5843,#5844),(#5845,
#5846),(#5847,#5848),(#5849,#5850)),.UNSPECIFIED.,.F.,.F.,.F.,(4,1,4),(2,
2),(0.,0.0326411566245487,0.0734140080042872),(0.,0.1),.UNSPECIFIED.);
#262=B_SPLINE_SURFACE_WITH_KNOTS('',3,1,((#5864,#5865),(#5866,#5867),(#5868,
#5869),(#5870,#5871),(#5872,#5873)),.UNSPECIFIED.,.F.,.F.,.F.,(4,1,4),(2,
2),(0.,0.0344752130843249,0.0649240844178814),(0.,0.1),.UNSPECIFIED.);
#263=B_SPLINE_SURFACE_WITH_KNOTS('',3,1,((#5893,#5894),(#5895,#5896),(#5897,
#5898),(#5899,#5900),(#5901,#5902)),.UNSPECIFIED.,.F.,.F.,.F.,(4,1,4),(2,
2),(0.,0.0328316507749539,0.0666534254744373),(0.,0.1),.UNSPECIFIED.);
#264=B_SPLINE_SURFACE_WITH_KNOTS('',3,1,((#5916,#5917),(#5918,#5919),(#5920,
#5921),(#5922,#5923),(#5924,#5925)),.UNSPECIFIED.,.F.,.F.,.F.,(4,1,4),(2,
2),(0.,0.0348741988569402,0.0679044119475315),(0.,0.1),.UNSPECIFIED.);
#265=B_SPLINE_SURFACE_WITH_KNOTS('',3,1,((#5939,#5940),(#5941,#5942),(#5943,
#5944),(#5945,#5946),(#5947,#5948)),.UNSPECIFIED.,.F.,.F.,.F.,(4,1,4),(2,
2),(0.,0.0420016077676677,0.0801420718406451),(0.,0.1),.UNSPECIFIED.);
#266=B_SPLINE_SURFACE_WITH_KNOTS('',3,1,((#5962,#5963),(#5964,#5965),(#5966,
#5967),(#5968,#5969),(#5970,#5971)),.UNSPECIFIED.,.F.,.F.,.F.,(4,1,4),(2,
2),(0.,0.03632751397764,0.075018258014315),(0.,0.1),.UNSPECIFIED.);
#267=B_SPLINE_SURFACE_WITH_KNOTS('',3,1,((#5985,#5986),(#5987,#5988),(#5989,
#5990),(#5991,#5992),(#5993,#5994)),.UNSPECIFIED.,.F.,.F.,.F.,(4,1,4),(2,
2),(0.,0.0313601731427053,0.0649329918647821),(0.,0.1),.UNSPECIFIED.);
#268=B_SPLINE_SURFACE_WITH_KNOTS('',3,1,((#6008,#6009),(#6010,#6011),(#6012,
#6013),(#6014,#6015),(#6016,#6017)),.UNSPECIFIED.,.F.,.F.,.F.,(4,1,4),(2,
2),(0.,0.0296109060131041,0.059819296699349),(0.,0.1),.UNSPECIFIED.);
#269=B_SPLINE_SURFACE_WITH_KNOTS('',3,1,((#6031,#6032),(#6033,#6034),(#6035,
#6036),(#6037,#6038),(#6039,#6040)),.UNSPECIFIED.,.F.,.F.,.F.,(4,1,4),(2,
2),(0.,0.0258166132339654,0.0522786649566418),(0.,0.1),.UNSPECIFIED.);
#270=B_SPLINE_SURFACE_WITH_KNOTS('',3,1,((#6054,#6055),(#6056,#6057),(#6058,
#6059),(#6060,#6061),(#6062,#6063)),.UNSPECIFIED.,.F.,.F.,.F.,(4,1,4),(2,
2),(0.,0.0301283796217892,0.0571599496465737),(0.,0.1),.UNSPECIFIED.);
#271=B_SPLINE_SURFACE_WITH_KNOTS('',3,1,((#6077,#6078),(#6079,#6080),(#6081,
#6082),(#6083,#6084),(#6085,#6086)),.UNSPECIFIED.,.F.,.F.,.F.,(4,1,4),(2,
2),(0.,0.0485943586481278,0.0812747610373084),(0.,0.1),.UNSPECIFIED.);
#272=B_SPLINE_SURFACE_WITH_KNOTS('',3,1,((#6100,#6101),(#6102,#6103),(#6104,
#6105),(#6106,#6107),(#6108,#6109)),.UNSPECIFIED.,.F.,.F.,.F.,(4,1,4),(2,
2),(0.,0.0270666105662052,0.0738616557043798),(0.,0.1),.UNSPECIFIED.);
#273=B_SPLINE_SURFACE_WITH_KNOTS('',3,1,((#6123,#6124),(#6125,#6126),(#6127,
#6128),(#6129,#6130),(#6131,#6132)),.UNSPECIFIED.,.F.,.F.,.F.,(4,1,4),(2,
2),(0.,0.0193961841791919,0.0434500462585047),(0.,0.1),.UNSPECIFIED.);
#274=B_SPLINE_SURFACE_WITH_KNOTS('',3,1,((#6146,#6147),(#6148,#6149),(#6150,
#6151),(#6152,#6153),(#6154,#6155)),.UNSPECIFIED.,.F.,.F.,.F.,(4,1,4),(2,
2),(0.,0.017842886030303,0.0351469176240382),(0.,0.1),.UNSPECIFIED.);
#275=B_SPLINE_SURFACE_WITH_KNOTS('',3,1,((#6169,#6170),(#6171,#6172),(#6173,
#6174),(#6175,#6176),(#6177,#6178)),.UNSPECIFIED.,.F.,.F.,.F.,(4,1,4),(2,
2),(0.,0.0184730199482567,0.0365338792975923),(0.,0.1),.UNSPECIFIED.);
#276=B_SPLINE_SURFACE_WITH_KNOTS('',3,1,((#6192,#6193),(#6194,#6195),(#6196,
#6197),(#6198,#6199),(#6200,#6201)),.UNSPECIFIED.,.F.,.F.,.F.,(4,1,4),(2,
2),(0.,0.0228696091313524,0.0428876163688972),(0.,0.1),.UNSPECIFIED.);
#277=B_SPLINE_SURFACE_WITH_KNOTS('',3,1,((#6215,#6216),(#6217,#6218),(#6219,
#6220),(#6221,#6222),(#6223,#6224)),.UNSPECIFIED.,.F.,.F.,.F.,(4,1,4),(2,
2),(0.,0.0286015545036321,0.0544646452644929),(0.,0.1),.UNSPECIFIED.);
#278=B_SPLINE_SURFACE_WITH_KNOTS('',3,1,((#6238,#6239),(#6240,#6241),(#6242,
#6243),(#6244,#6245),(#6246,#6247)),.UNSPECIFIED.,.F.,.F.,.F.,(4,1,4),(2,
2),(0.,0.0303262953165291,0.0628630826748944),(0.,0.1),.UNSPECIFIED.);
#279=B_SPLINE_SURFACE_WITH_KNOTS('',3,1,((#6261,#6262),(#6263,#6264),(#6265,
#6266),(#6267,#6268),(#6269,#6270)),.UNSPECIFIED.,.F.,.F.,.F.,(4,1,4),(2,
2),(0.,0.0240039427255061,0.0513874546760473),(0.,0.1),.UNSPECIFIED.);
#280=B_SPLINE_SURFACE_WITH_KNOTS('',3,1,((#6284,#6285),(#6286,#6287),(#6288,
#6289),(#6290,#6291),(#6292,#6293)),.UNSPECIFIED.,.F.,.F.,.F.,(4,1,4),(2,
2),(0.,0.0279491403769104,0.0523101172771896),(0.,0.1),.UNSPECIFIED.);
#281=B_SPLINE_SURFACE_WITH_KNOTS('',3,1,((#6313,#6314),(#6315,#6316),(#6317,
#6318),(#6319,#6320),(#6321,#6322)),.UNSPECIFIED.,.F.,.F.,.F.,(4,1,4),(2,
2),(0.,0.0374260464224421,0.0759308860917393),(0.,0.1),.UNSPECIFIED.);
#282=B_SPLINE_SURFACE_WITH_KNOTS('',3,1,((#6384,#6385),(#6386,#6387),(#6388,
#6389),(#6390,#6391),(#6392,#6393)),.UNSPECIFIED.,.F.,.F.,.F.,(4,1,4),(2,
2),(0.,0.0382716833325695,0.0755430649045449),(0.,0.1),.UNSPECIFIED.);
#283=B_SPLINE_SURFACE_WITH_KNOTS('',3,1,((#6410,#6411),(#6412,#6413),(#6414,
#6415),(#6416,#6417),(#6418,#6419)),.UNSPECIFIED.,.F.,.F.,.F.,(4,1,4),(2,
2),(0.,0.050054275230326,0.0928320564320686),(0.,0.1),.UNSPECIFIED.);
#284=B_SPLINE_SURFACE_WITH_KNOTS('',3,1,((#6433,#6434),(#6435,#6436),(#6437,
#6438),(#6439,#6440),(#6441,#6442)),.UNSPECIFIED.,.F.,.F.,.F.,(4,1,4),(2,
2),(0.,0.0382466427451438,0.079124120328063),(0.,0.1),.UNSPECIFIED.);
#285=B_SPLINE_SURFACE_WITH_KNOTS('',3,1,((#6456,#6457),(#6458,#6459),(#6460,
#6461),(#6462,#6463),(#6464,#6465)),.UNSPECIFIED.,.F.,.F.,.F.,(4,1,4),(2,
2),(0.,0.0335581879514591,0.0691902270661187),(0.,0.1),.UNSPECIFIED.);
#286=B_SPLINE_SURFACE_WITH_KNOTS('',3,1,((#6479,#6480),(#6481,#6482),(#6483,
#6484),(#6485,#6486),(#6487,#6488)),.UNSPECIFIED.,.F.,.F.,.F.,(4,1,4),(2,
2),(0.,0.0313377794640021,0.0635611694241771),(0.,0.1),.UNSPECIFIED.);
#287=B_SPLINE_SURFACE_WITH_KNOTS('',3,1,((#6502,#6503),(#6504,#6505),(#6506,
#6507),(#6508,#6509),(#6510,#6511)),.UNSPECIFIED.,.F.,.F.,.F.,(4,1,4),(2,
2),(0.,0.0293552078381536,0.0599600047069808),(0.,0.1),.UNSPECIFIED.);
#288=B_SPLINE_SURFACE_WITH_KNOTS('',3,1,((#6525,#6526),(#6527,#6528),(#6529,
#6530),(#6531,#6532),(#6533,#6534)),.UNSPECIFIED.,.F.,.F.,.F.,(4,1,4),(2,
2),(0.,0.0354169630389004,0.0663731541785166),(0.,0.1),.UNSPECIFIED.);
#289=B_SPLINE_SURFACE_WITH_KNOTS('',3,1,((#6548,#6549),(#6550,#6551),(#6552,
#6553),(#6554,#6555),(#6556,#6557)),.UNSPECIFIED.,.F.,.F.,.F.,(4,1,4),(2,
2),(0.,0.0560926187648786,0.0922263286369666),(0.,0.1),.UNSPECIFIED.);
#290=B_SPLINE_SURFACE_WITH_KNOTS('',3,1,((#6571,#6572),(#6573,#6574),(#6575,
#6576),(#6577,#6578),(#6579,#6580)),.UNSPECIFIED.,.F.,.F.,.F.,(4,1,4),(2,
2),(0.,0.0309796042916356,0.0851528619623913),(0.,0.1),.UNSPECIFIED.);
#291=B_SPLINE_SURFACE_WITH_KNOTS('',3,1,((#6594,#6595),(#6596,#6597),(#6598,
#6599),(#6600,#6601),(#6602,#6603)),.UNSPECIFIED.,.F.,.F.,.F.,(4,1,4),(2,
2),(0.,0.0200263410171501,0.0396859697445564),(0.,0.1),.UNSPECIFIED.);
#292=B_SPLINE_SURFACE_WITH_KNOTS('',3,1,((#6617,#6618),(#6619,#6620),(#6621,
#6622),(#6623,#6624),(#6625,#6626)),.UNSPECIFIED.,.F.,.F.,.F.,(4,1,4),(2,
2),(0.,0.0254556811979213,0.0491232824588688),(0.,0.1),.UNSPECIFIED.);
#293=B_SPLINE_SURFACE_WITH_KNOTS('',3,1,((#6640,#6641),(#6642,#6643),(#6644,
#6645),(#6646,#6647),(#6648,#6649)),.UNSPECIFIED.,.F.,.F.,.F.,(4,1,4),(2,
2),(0.,0.0417400152912032,0.0731289285871707),(0.,0.1),.UNSPECIFIED.);
#294=B_SPLINE_SURFACE_WITH_KNOTS('',3,1,((#6663,#6664),(#6665,#6666),(#6667,
#6668),(#6669,#6670),(#6671,#6672)),.UNSPECIFIED.,.F.,.F.,.F.,(4,1,4),(2,
2),(0.,0.0326412633728891,0.0734141147526275),(0.,0.1),.UNSPECIFIED.);
#295=B_SPLINE_SURFACE_WITH_KNOTS('',3,1,((#6686,#6687),(#6688,#6689),(#6690,
#6691),(#6692,#6693),(#6694,#6695)),.UNSPECIFIED.,.F.,.F.,.F.,(4,1,4),(2,
2),(0.,0.0344752130843249,0.0649240111101669),(0.,0.1),.UNSPECIFIED.);
#296=B_SPLINE_SURFACE_WITH_KNOTS('',3,1,((#6715,#6716),(#6717,#6718),(#6719,
#6720),(#6721,#6722),(#6723,#6724)),.UNSPECIFIED.,.F.,.F.,.F.,(4,1,4),(2,
2),(0.,0.0328316507749539,0.066653445188962),(0.,0.1),.UNSPECIFIED.);
#297=B_SPLINE_SURFACE_WITH_KNOTS('',3,1,((#6738,#6739),(#6740,#6741),(#6742,
#6743),(#6744,#6745),(#6746,#6747)),.UNSPECIFIED.,.F.,.F.,.F.,(4,1,4),(2,
2),(0.,0.0348740961452988,0.06790430923589),(0.,0.1),.UNSPECIFIED.);
#298=B_SPLINE_SURFACE_WITH_KNOTS('',3,1,((#6761,#6762),(#6763,#6764),(#6765,
#6766),(#6767,#6768),(#6769,#6770)),.UNSPECIFIED.,.F.,.F.,.F.,(4,1,4),(2,
2),(0.,0.0420014889924783,0.0801420674476731),(0.,0.1),.UNSPECIFIED.);
#299=B_SPLINE_SURFACE_WITH_KNOTS('',3,1,((#6784,#6785),(#6786,#6787),(#6788,
#6789),(#6790,#6791),(#6792,#6793)),.UNSPECIFIED.,.F.,.F.,.F.,(4,1,4),(2,
2),(0.,0.03632751397764,0.0750183767595363),(0.,0.1),.UNSPECIFIED.);
#300=B_SPLINE_SURFACE_WITH_KNOTS('',3,1,((#6807,#6808),(#6809,#6810),(#6811,
#6812),(#6813,#6814),(#6815,#6816)),.UNSPECIFIED.,.F.,.F.,.F.,(4,1,4),(2,
2),(0.,0.0313600927604067,0.0649329114824835),(0.,0.1),.UNSPECIFIED.);
#301=B_SPLINE_SURFACE_WITH_KNOTS('',3,1,((#6830,#6831),(#6832,#6833),(#6834,
#6835),(#6836,#6837),(#6838,#6839)),.UNSPECIFIED.,.F.,.F.,.F.,(4,1,4),(2,
2),(0.,0.0296109060131041,0.0598193475748535),(0.,0.1),.UNSPECIFIED.);
#302=B_SPLINE_SURFACE_WITH_KNOTS('',3,1,((#6853,#6854),(#6855,#6856),(#6857,
#6858),(#6859,#6860),(#6861,#6862)),.UNSPECIFIED.,.F.,.F.,.F.,(4,1,4),(2,
2),(0.,0.0258166132339654,0.0522786649566418),(0.,0.1),.UNSPECIFIED.);
#303=B_SPLINE_SURFACE_WITH_KNOTS('',3,1,((#6876,#6877),(#6878,#6879),(#6880,
#6881),(#6882,#6883),(#6884,#6885)),.UNSPECIFIED.,.F.,.F.,.F.,(4,1,4),(2,
2),(0.,0.0301284785390704,0.0571600485638548),(0.,0.1),.UNSPECIFIED.);
#304=B_SPLINE_SURFACE_WITH_KNOTS('',3,1,((#6899,#6900),(#6901,#6902),(#6903,
#6904),(#6905,#6906),(#6907,#6908)),.UNSPECIFIED.,.F.,.F.,.F.,(4,1,4),(2,
2),(0.,0.048594243687693,0.0812746460768736),(0.,0.1),.UNSPECIFIED.);
#305=B_SPLINE_SURFACE_WITH_KNOTS('',3,1,((#6922,#6923),(#6924,#6925),(#6926,
#6927),(#6928,#6929),(#6930,#6931)),.UNSPECIFIED.,.F.,.F.,.F.,(4,1,4),(2,
2),(0.,0.0270666105662052,0.0738616557043798),(0.,0.1),.UNSPECIFIED.);
#306=B_SPLINE_SURFACE_WITH_KNOTS('',3,1,((#6945,#6946),(#6947,#6948),(#6949,
#6950),(#6951,#6952),(#6953,#6954)),.UNSPECIFIED.,.F.,.F.,.F.,(4,1,4),(2,
2),(0.,0.0193962730571642,0.043450135136477),(0.,0.1),.UNSPECIFIED.);
#307=B_SPLINE_SURFACE_WITH_KNOTS('',3,1,((#6968,#6969),(#6970,#6971),(#6972,
#6973),(#6974,#6975),(#6976,#6977)),.UNSPECIFIED.,.F.,.F.,.F.,(4,1,4),(2,
2),(0.,0.017842886030303,0.0351469176240382),(0.,0.1),.UNSPECIFIED.);
#308=B_SPLINE_SURFACE_WITH_KNOTS('',3,1,((#6991,#6992),(#6993,#6994),(#6995,
#6996),(#6997,#6998),(#6999,#7000)),.UNSPECIFIED.,.F.,.F.,.F.,(4,1,4),(2,
2),(0.,0.0184730199482567,0.0365338979820791),(0.,0.1),.UNSPECIFIED.);
#309=B_SPLINE_SURFACE_WITH_KNOTS('',3,1,((#7014,#7015),(#7016,#7017),(#7018,
#7019),(#7020,#7021),(#7022,#7023)),.UNSPECIFIED.,.F.,.F.,.F.,(4,1,4),(2,
2),(0.,0.0228696091313524,0.0428875312665417),(0.,0.1),.UNSPECIFIED.);
#310=B_SPLINE_SURFACE_WITH_KNOTS('',3,1,((#7037,#7038),(#7039,#7040),(#7041,
#7042),(#7043,#7044),(#7045,#7046)),.UNSPECIFIED.,.F.,.F.,.F.,(4,1,4),(2,
2),(0.,0.0286016733431486,0.0544647641040093),(0.,0.1),.UNSPECIFIED.);
#311=B_SPLINE_SURFACE_WITH_KNOTS('',3,1,((#7060,#7061),(#7062,#7063),(#7064,
#7065),(#7066,#7067),(#7068,#7069)),.UNSPECIFIED.,.F.,.F.,.F.,(4,1,4),(2,
2),(0.,0.0303264092745356,0.0628630779203674),(0.,0.1),.UNSPECIFIED.);
#312=B_SPLINE_SURFACE_WITH_KNOTS('',3,1,((#7083,#7084),(#7085,#7086),(#7087,
#7088),(#7089,#7090),(#7091,#7092)),.UNSPECIFIED.,.F.,.F.,.F.,(4,1,4),(2,
2),(0.,0.0240039427255061,0.0513874546760473),(0.,0.1),.UNSPECIFIED.);
#313=B_SPLINE_SURFACE_WITH_KNOTS('',3,1,((#7106,#7107),(#7108,#7109),(#7110,
#7111),(#7112,#7113),(#7114,#7115)),.UNSPECIFIED.,.F.,.F.,.F.,(4,1,4),(2,
2),(0.,0.0279491655435969,0.0523100386327407),(0.,0.1),.UNSPECIFIED.);
#314=B_SPLINE_SURFACE_WITH_KNOTS('',3,1,((#7135,#7136),(#7137,#7138),(#7139,
#7140),(#7141,#7142),(#7143,#7144)),.UNSPECIFIED.,.F.,.F.,.F.,(4,1,4),(2,
2),(0.,0.0374260971553543,0.075930918134924),(0.,0.1),.UNSPECIFIED.);
#315=B_SPLINE_SURFACE_WITH_KNOTS('',3,1,((#7190,#7191),(#7192,#7193),(#7194,
#7195),(#7196,#7197),(#7198,#7199)),.UNSPECIFIED.,.F.,.F.,.F.,(4,1,4),(2,
2),(0.,0.021691666459189,0.0355783172933336),(0.,0.1),.UNSPECIFIED.);
#316=B_SPLINE_SURFACE_WITH_KNOTS('',3,1,((#7213,#7214),(#7215,#7216),(#7217,
#7218),(#7219,#7220),(#7221,#7222)),.UNSPECIFIED.,.F.,.F.,.F.,(4,1,4),(2,
2),(0.,0.0154378597268839,0.0319385752182731),(0.,0.1),.UNSPECIFIED.);
#317=B_SPLINE_SURFACE_WITH_KNOTS('',3,1,((#7272,#7273),(#7274,#7275),(#7276,
#7277),(#7278,#7279),(#7280,#7281)),.UNSPECIFIED.,.F.,.F.,.F.,(4,1,4),(2,
2),(0.,0.0266575850667135,0.055499643875237),(0.,0.1),.UNSPECIFIED.);
#318=B_SPLINE_SURFACE_WITH_KNOTS('',3,1,((#7295,#7296),(#7297,#7298),(#7299,
#7300),(#7301,#7302),(#7303,#7304)),.UNSPECIFIED.,.F.,.F.,.F.,(4,1,4),(2,
2),(0.,0.0342461150443351,0.0587439264307024),(0.,0.1),.UNSPECIFIED.);
#319=B_SPLINE_SURFACE_WITH_KNOTS('',3,1,((#7346,#7347),(#7348,#7349),(#7350,
#7351),(#7352,#7353),(#7354,#7355)),.UNSPECIFIED.,.F.,.F.,.F.,(4,1,4),(2,
2),(0.,0.0394261427885395,0.0794412555504397),(0.,0.1),.UNSPECIFIED.);
#320=B_SPLINE_SURFACE_WITH_KNOTS('',3,1,((#7372,#7373),(#7374,#7375),(#7376,
#7377),(#7378,#7379),(#7380,#7381)),.UNSPECIFIED.,.F.,.F.,.F.,(4,1,4),(2,
2),(0.,0.0488954239655284,0.0876837583741558),(0.,0.1),.UNSPECIFIED.);
#321=B_SPLINE_SURFACE_WITH_KNOTS('',3,1,((#7468,#7469),(#7470,#7471),(#7472,
#7473),(#7474,#7475),(#7476,#7477)),.UNSPECIFIED.,.F.,.F.,.F.,(4,1,4),(2,
2),(0.,0.0216916979483841,0.0355783159905046),(0.,0.1),.UNSPECIFIED.);
#322=B_SPLINE_SURFACE_WITH_KNOTS('',3,1,((#7491,#7492),(#7493,#7494),(#7495,
#7496),(#7497,#7498),(#7499,#7500)),.UNSPECIFIED.,.F.,.F.,.F.,(4,1,4),(2,
2),(0.,0.0154378265426868,0.0319385740661831),(0.,0.1),.UNSPECIFIED.);
#323=B_SPLINE_SURFACE_WITH_KNOTS('',3,1,((#7550,#7551),(#7552,#7553),(#7554,
#7555),(#7556,#7557),(#7558,#7559)),.UNSPECIFIED.,.F.,.F.,.F.,(4,1,4),(2,
2),(0.,0.0266575850667135,0.0554996967380025),(0.,0.1),.UNSPECIFIED.);
#324=B_SPLINE_SURFACE_WITH_KNOTS('',3,1,((#7573,#7574),(#7575,#7576),(#7577,
#7578),(#7579,#7580),(#7581,#7582)),.UNSPECIFIED.,.F.,.F.,.F.,(4,1,4),(2,
2),(0.,0.0342460981856611,0.0587438939711895),(0.,0.1),.UNSPECIFIED.);
#325=B_SPLINE_SURFACE_WITH_KNOTS('',3,1,((#7633,#7634),(#7635,#7636),(#7637,
#7638),(#7639,#7640),(#7641,#7642)),.UNSPECIFIED.,.F.,.F.,.F.,(4,1,4),(2,
2),(0.,0.0216917294376973,0.0355783802718419),(0.,0.1),.UNSPECIFIED.);
#326=B_SPLINE_SURFACE_WITH_KNOTS('',3,1,((#7656,#7657),(#7658,#7659),(#7660,
#7661),(#7662,#7663),(#7664,#7665)),.UNSPECIFIED.,.F.,.F.,.F.,(4,1,4),(2,
2),(0.,0.0154377933586484,0.0319385729144051),(0.,0.1),.UNSPECIFIED.);
#327=B_SPLINE_SURFACE_WITH_KNOTS('',3,1,((#7715,#7716),(#7717,#7718),(#7719,
#7720),(#7721,#7722),(#7723,#7724)),.UNSPECIFIED.,.F.,.F.,.F.,(4,1,4),(2,
2),(0.,0.0266576503451985,0.055499709153722),(0.,0.1),.UNSPECIFIED.);
#328=B_SPLINE_SURFACE_WITH_KNOTS('',3,1,((#7738,#7739),(#7740,#7741),(#7742,
#7743),(#7744,#7745),(#7746,#7747)),.UNSPECIFIED.,.F.,.F.,.F.,(4,1,4),(2,
2),(0.,0.0342461150443351,0.0587438016247296),(0.,0.1),.UNSPECIFIED.);
#329=B_SPLINE_SURFACE_WITH_KNOTS('',3,1,((#7789,#7790),(#7791,#7792),(#7793,
#7794),(#7795,#7796),(#7797,#7798)),.UNSPECIFIED.,.F.,.F.,.F.,(4,1,4),(2,
2),(0.,0.0394261427885395,0.0794412555504397),(0.,0.1),.UNSPECIFIED.);
#330=B_SPLINE_SURFACE_WITH_KNOTS('',3,1,((#7815,#7816),(#7817,#7818),(#7819,
#7820),(#7821,#7822),(#7823,#7824)),.UNSPECIFIED.,.F.,.F.,.F.,(4,1,4),(2,
2),(0.,0.0488954239655284,0.0876837764032304),(0.,0.1),.UNSPECIFIED.);
#331=B_SPLINE_SURFACE_WITH_KNOTS('',3,1,((#7929,#7930),(#7931,#7932),(#7933,
#7934),(#7935,#7936),(#7937,#7938)),.UNSPECIFIED.,.F.,.F.,.F.,(4,1,4),(2,
2),(0.,0.0388505068052865,0.0830738969667737),(0.,0.1),.UNSPECIFIED.);
#332=B_SPLINE_SURFACE_WITH_KNOTS('',3,1,((#7952,#7953),(#7954,#7955),(#7956,
#7957),(#7958,#7959),(#7960,#7961)),.UNSPECIFIED.,.F.,.F.,.F.,(4,1,4),(2,
2),(0.,0.0398620325824842,0.0789513188717482),(0.,0.1),.UNSPECIFIED.);
#333=FACE_OUTER_BOUND('',#568,.T.);
#334=FACE_OUTER_BOUND('',#569,.T.);
#335=FACE_OUTER_BOUND('',#570,.T.);
#336=FACE_OUTER_BOUND('',#571,.T.);
#337=FACE_OUTER_BOUND('',#572,.T.);
#338=FACE_OUTER_BOUND('',#573,.T.);
#339=FACE_OUTER_BOUND('',#574,.T.);
#340=FACE_OUTER_BOUND('',#575,.T.);
#341=FACE_OUTER_BOUND('',#576,.T.);
#342=FACE_OUTER_BOUND('',#577,.T.);
#343=FACE_OUTER_BOUND('',#578,.T.);
#344=FACE_OUTER_BOUND('',#579,.T.);
#345=FACE_OUTER_BOUND('',#580,.T.);
#346=FACE_OUTER_BOUND('',#581,.T.);
#347=FACE_OUTER_BOUND('',#582,.T.);
#348=FACE_OUTER_BOUND('',#583,.T.);
#349=FACE_OUTER_BOUND('',#584,.T.);
#350=FACE_OUTER_BOUND('',#585,.T.);
#351=FACE_OUTER_BOUND('',#586,.T.);
#352=FACE_OUTER_BOUND('',#587,.T.);
#353=FACE_OUTER_BOUND('',#588,.T.);
#354=FACE_OUTER_BOUND('',#589,.T.);
#355=FACE_OUTER_BOUND('',#590,.T.);
#356=FACE_OUTER_BOUND('',#591,.T.);
#357=FACE_OUTER_BOUND('',#592,.T.);
#358=FACE_OUTER_BOUND('',#593,.T.);
#359=FACE_OUTER_BOUND('',#594,.T.);
#360=FACE_OUTER_BOUND('',#595,.T.);
#361=FACE_OUTER_BOUND('',#596,.T.);
#362=FACE_OUTER_BOUND('',#597,.T.);
#363=FACE_OUTER_BOUND('',#598,.T.);
#364=FACE_OUTER_BOUND('',#599,.T.);
#365=FACE_OUTER_BOUND('',#600,.T.);
#366=FACE_OUTER_BOUND('',#601,.T.);
#367=FACE_OUTER_BOUND('',#602,.T.);
#368=FACE_OUTER_BOUND('',#603,.T.);
#369=FACE_OUTER_BOUND('',#604,.T.);
#370=FACE_OUTER_BOUND('',#605,.T.);
#371=FACE_OUTER_BOUND('',#606,.T.);
#372=FACE_OUTER_BOUND('',#607,.T.);
#373=FACE_OUTER_BOUND('',#608,.T.);
#374=FACE_OUTER_BOUND('',#609,.T.);
#375=FACE_OUTER_BOUND('',#610,.T.);
#376=FACE_OUTER_BOUND('',#611,.T.);
#377=FACE_OUTER_BOUND('',#612,.T.);
#378=FACE_OUTER_BOUND('',#613,.T.);
#379=FACE_OUTER_BOUND('',#614,.T.);
#380=FACE_OUTER_BOUND('',#615,.T.);
#381=FACE_OUTER_BOUND('',#616,.T.);
#382=FACE_OUTER_BOUND('',#617,.T.);
#383=FACE_OUTER_BOUND('',#618,.T.);
#384=FACE_OUTER_BOUND('',#619,.T.);
#385=FACE_OUTER_BOUND('',#620,.T.);
#386=FACE_OUTER_BOUND('',#621,.T.);
#387=FACE_OUTER_BOUND('',#622,.T.);
#388=FACE_OUTER_BOUND('',#623,.T.);
#389=FACE_OUTER_BOUND('',#624,.T.);
#390=FACE_OUTER_BOUND('',#625,.T.);
#391=FACE_OUTER_BOUND('',#626,.T.);
#392=FACE_OUTER_BOUND('',#627,.T.);
#393=FACE_OUTER_BOUND('',#628,.T.);
#394=FACE_OUTER_BOUND('',#629,.T.);
#395=FACE_OUTER_BOUND('',#630,.T.);
#396=FACE_OUTER_BOUND('',#631,.T.);
#397=FACE_OUTER_BOUND('',#632,.T.);
#398=FACE_OUTER_BOUND('',#633,.T.);
#399=FACE_OUTER_BOUND('',#634,.T.);
#400=FACE_OUTER_BOUND('',#635,.T.);
#401=FACE_OUTER_BOUND('',#636,.T.);
#402=FACE_OUTER_BOUND('',#637,.T.);
#403=FACE_OUTER_BOUND('',#638,.T.);
#404=FACE_OUTER_BOUND('',#639,.T.);
#405=FACE_OUTER_BOUND('',#640,.T.);
#406=FACE_OUTER_BOUND('',#641,.T.);
#407=FACE_OUTER_BOUND('',#642,.T.);
#408=FACE_OUTER_BOUND('',#643,.T.);
#409=FACE_OUTER_BOUND('',#644,.T.);
#410=FACE_OUTER_BOUND('',#645,.T.);
#411=FACE_OUTER_BOUND('',#646,.T.);
#412=FACE_OUTER_BOUND('',#647,.T.);
#413=FACE_OUTER_BOUND('',#648,.T.);
#414=FACE_OUTER_BOUND('',#649,.T.);
#415=FACE_OUTER_BOUND('',#650,.T.);
#416=FACE_OUTER_BOUND('',#651,.T.);
#417=FACE_OUTER_BOUND('',#652,.T.);
#418=FACE_OUTER_BOUND('',#653,.T.);
#419=FACE_OUTER_BOUND('',#654,.T.);
#420=FACE_OUTER_BOUND('',#655,.T.);
#421=FACE_OUTER_BOUND('',#656,.T.);
#422=FACE_OUTER_BOUND('',#657,.T.);
#423=FACE_OUTER_BOUND('',#658,.T.);
#424=FACE_OUTER_BOUND('',#659,.T.);
#425=FACE_OUTER_BOUND('',#660,.T.);
#426=FACE_OUTER_BOUND('',#661,.T.);
#427=FACE_OUTER_BOUND('',#662,.T.);
#428=FACE_OUTER_BOUND('',#663,.T.);
#429=FACE_OUTER_BOUND('',#664,.T.);
#430=FACE_OUTER_BOUND('',#665,.T.);
#431=FACE_OUTER_BOUND('',#666,.T.);
#432=FACE_OUTER_BOUND('',#667,.T.);
#433=FACE_OUTER_BOUND('',#668,.T.);
#434=FACE_OUTER_BOUND('',#669,.T.);
#435=FACE_OUTER_BOUND('',#670,.T.);
#436=FACE_OUTER_BOUND('',#671,.T.);
#437=FACE_OUTER_BOUND('',#672,.T.);
#438=FACE_OUTER_BOUND('',#673,.T.);
#439=FACE_OUTER_BOUND('',#674,.T.);
#440=FACE_OUTER_BOUND('',#675,.T.);
#441=FACE_OUTER_BOUND('',#676,.T.);
#442=FACE_OUTER_BOUND('',#677,.T.);
#443=FACE_OUTER_BOUND('',#678,.T.);
#444=FACE_OUTER_BOUND('',#679,.T.);
#445=FACE_OUTER_BOUND('',#680,.T.);
#446=FACE_OUTER_BOUND('',#681,.T.);
#447=FACE_OUTER_BOUND('',#682,.T.);
#448=FACE_OUTER_BOUND('',#683,.T.);
#449=FACE_OUTER_BOUND('',#684,.T.);
#450=FACE_OUTER_BOUND('',#685,.T.);
#451=FACE_OUTER_BOUND('',#686,.T.);
#452=FACE_OUTER_BOUND('',#687,.T.);
#453=FACE_OUTER_BOUND('',#688,.T.);
#454=FACE_OUTER_BOUND('',#689,.T.);
#455=FACE_OUTER_BOUND('',#690,.T.);
#456=FACE_OUTER_BOUND('',#692,.T.);
#457=FACE_OUTER_BOUND('',#693,.T.);
#458=FACE_OUTER_BOUND('',#694,.T.);
#459=FACE_OUTER_BOUND('',#695,.T.);
#460=FACE_OUTER_BOUND('',#696,.T.);
#461=FACE_OUTER_BOUND('',#697,.T.);
#462=FACE_OUTER_BOUND('',#698,.T.);
#463=FACE_OUTER_BOUND('',#699,.T.);
#464=FACE_OUTER_BOUND('',#700,.T.);
#465=FACE_OUTER_BOUND('',#701,.T.);
#466=FACE_OUTER_BOUND('',#702,.T.);
#467=FACE_OUTER_BOUND('',#703,.T.);
#468=FACE_OUTER_BOUND('',#704,.T.);
#469=FACE_OUTER_BOUND('',#705,.T.);
#470=FACE_OUTER_BOUND('',#706,.T.);
#471=FACE_OUTER_BOUND('',#707,.T.);
#472=FACE_OUTER_BOUND('',#708,.T.);
#473=FACE_OUTER_BOUND('',#709,.T.);
#474=FACE_OUTER_BOUND('',#710,.T.);
#475=FACE_OUTER_BOUND('',#711,.T.);
#476=FACE_OUTER_BOUND('',#712,.T.);
#477=FACE_OUTER_BOUND('',#713,.T.);
#478=FACE_OUTER_BOUND('',#714,.T.);
#479=FACE_OUTER_BOUND('',#715,.T.);
#480=FACE_OUTER_BOUND('',#716,.T.);
#481=FACE_OUTER_BOUND('',#717,.T.);
#482=FACE_OUTER_BOUND('',#718,.T.);
#483=FACE_OUTER_BOUND('',#719,.T.);
#484=FACE_OUTER_BOUND('',#720,.T.);
#485=FACE_OUTER_BOUND('',#721,.T.);
#486=FACE_OUTER_BOUND('',#722,.T.);
#487=FACE_OUTER_BOUND('',#723,.T.);
#488=FACE_OUTER_BOUND('',#724,.T.);
#489=FACE_OUTER_BOUND('',#725,.T.);
#490=FACE_OUTER_BOUND('',#726,.T.);
#491=FACE_OUTER_BOUND('',#727,.T.);
#492=FACE_OUTER_BOUND('',#728,.T.);
#493=FACE_OUTER_BOUND('',#729,.T.);
#494=FACE_OUTER_BOUND('',#730,.T.);
#495=FACE_OUTER_BOUND('',#731,.T.);
#496=FACE_OUTER_BOUND('',#732,.T.);
#497=FACE_OUTER_BOUND('',#733,.T.);
#498=FACE_OUTER_BOUND('',#734,.T.);
#499=FACE_OUTER_BOUND('',#735,.T.);
#500=FACE_OUTER_BOUND('',#736,.T.);
#501=FACE_OUTER_BOUND('',#737,.T.);
#502=FACE_OUTER_BOUND('',#738,.T.);
#503=FACE_OUTER_BOUND('',#739,.T.);
#504=FACE_OUTER_BOUND('',#741,.T.);
#505=FACE_OUTER_BOUND('',#742,.T.);
#506=FACE_OUTER_BOUND('',#743,.T.);
#507=FACE_OUTER_BOUND('',#744,.T.);
#508=FACE_OUTER_BOUND('',#745,.T.);
#509=FACE_OUTER_BOUND('',#746,.T.);
#510=FACE_OUTER_BOUND('',#747,.T.);
#511=FACE_OUTER_BOUND('',#748,.T.);
#512=FACE_OUTER_BOUND('',#749,.T.);
#513=FACE_OUTER_BOUND('',#750,.T.);
#514=FACE_OUTER_BOUND('',#751,.T.);
#515=FACE_OUTER_BOUND('',#752,.T.);
#516=FACE_OUTER_BOUND('',#753,.T.);
#517=FACE_OUTER_BOUND('',#754,.T.);
#518=FACE_OUTER_BOUND('',#755,.T.);
#519=FACE_OUTER_BOUND('',#756,.T.);
#520=FACE_OUTER_BOUND('',#757,.T.);
#521=FACE_OUTER_BOUND('',#758,.T.);
#522=FACE_OUTER_BOUND('',#759,.T.);
#523=FACE_OUTER_BOUND('',#760,.T.);
#524=FACE_OUTER_BOUND('',#761,.T.);
#525=FACE_OUTER_BOUND('',#762,.T.);
#526=FACE_OUTER_BOUND('',#763,.T.);
#527=FACE_OUTER_BOUND('',#764,.T.);
#528=FACE_OUTER_BOUND('',#765,.T.);
#529=FACE_OUTER_BOUND('',#766,.T.);
#530=FACE_OUTER_BOUND('',#767,.T.);
#531=FACE_OUTER_BOUND('',#768,.T.);
#532=FACE_OUTER_BOUND('',#769,.T.);
#533=FACE_OUTER_BOUND('',#770,.T.);
#534=FACE_OUTER_BOUND('',#771,.T.);
#535=FACE_OUTER_BOUND('',#772,.T.);
#536=FACE_OUTER_BOUND('',#773,.T.);
#537=FACE_OUTER_BOUND('',#774,.T.);
#538=FACE_OUTER_BOUND('',#775,.T.);
#539=FACE_OUTER_BOUND('',#776,.T.);
#540=FACE_OUTER_BOUND('',#777,.T.);
#541=FACE_OUTER_BOUND('',#778,.T.);
#542=FACE_OUTER_BOUND('',#779,.T.);
#543=FACE_OUTER_BOUND('',#780,.T.);
#544=FACE_OUTER_BOUND('',#781,.T.);
#545=FACE_OUTER_BOUND('',#782,.T.);
#546=FACE_OUTER_BOUND('',#783,.T.);
#547=FACE_OUTER_BOUND('',#784,.T.);
#548=FACE_OUTER_BOUND('',#785,.T.);
#549=FACE_OUTER_BOUND('',#786,.T.);
#550=FACE_OUTER_BOUND('',#787,.T.);
#551=FACE_OUTER_BOUND('',#788,.T.);
#552=FACE_OUTER_BOUND('',#789,.T.);
#553=FACE_OUTER_BOUND('',#790,.T.);
#554=FACE_OUTER_BOUND('',#791,.T.);
#555=FACE_OUTER_BOUND('',#792,.T.);
#556=FACE_OUTER_BOUND('',#795,.T.);
#557=FACE_OUTER_BOUND('',#796,.T.);
#558=FACE_OUTER_BOUND('',#797,.T.);
#559=FACE_OUTER_BOUND('',#798,.T.);
#560=FACE_OUTER_BOUND('',#799,.T.);
#561=FACE_OUTER_BOUND('',#800,.T.);
#562=FACE_OUTER_BOUND('',#801,.T.);
#563=FACE_OUTER_BOUND('',#802,.T.);
#564=FACE_OUTER_BOUND('',#803,.T.);
#565=FACE_OUTER_BOUND('',#804,.T.);
#566=FACE_OUTER_BOUND('',#805,.T.);
#567=FACE_OUTER_BOUND('',#806,.T.);
#568=EDGE_LOOP('',(#2830,#2831,#2832,#2833));
#569=EDGE_LOOP('',(#2834,#2835,#2836,#2837));
#570=EDGE_LOOP('',(#2838,#2839,#2840,#2841));
#571=EDGE_LOOP('',(#2842,#2843,#2844,#2845));
#572=EDGE_LOOP('',(#2846,#2847,#2848,#2849));
#573=EDGE_LOOP('',(#2850,#2851,#2852,#2853));
#574=EDGE_LOOP('',(#2854,#2855,#2856,#2857));
#575=EDGE_LOOP('',(#2858,#2859,#2860,#2861));
#576=EDGE_LOOP('',(#2862,#2863,#2864,#2865));
#577=EDGE_LOOP('',(#2866,#2867,#2868,#2869));
#578=EDGE_LOOP('',(#2870,#2871,#2872,#2873));
#579=EDGE_LOOP('',(#2874,#2875,#2876,#2877));
#580=EDGE_LOOP('',(#2878,#2879,#2880,#2881));
#581=EDGE_LOOP('',(#2882,#2883,#2884,#2885));
#582=EDGE_LOOP('',(#2886,#2887,#2888,#2889));
#583=EDGE_LOOP('',(#2890,#2891,#2892,#2893));
#584=EDGE_LOOP('',(#2894,#2895,#2896,#2897));
#585=EDGE_LOOP('',(#2898,#2899,#2900,#2901));
#586=EDGE_LOOP('',(#2902,#2903,#2904,#2905));
#587=EDGE_LOOP('',(#2906,#2907,#2908,#2909));
#588=EDGE_LOOP('',(#2910,#2911,#2912,#2913));
#589=EDGE_LOOP('',(#2914,#2915,#2916,#2917));
#590=EDGE_LOOP('',(#2918,#2919,#2920,#2921));
#591=EDGE_LOOP('',(#2922,#2923,#2924,#2925));
#592=EDGE_LOOP('',(#2926,#2927,#2928,#2929));
#593=EDGE_LOOP('',(#2930,#2931,#2932,#2933));
#594=EDGE_LOOP('',(#2934,#2935,#2936,#2937));
#595=EDGE_LOOP('',(#2938,#2939,#2940,#2941));
#596=EDGE_LOOP('',(#2942,#2943,#2944,#2945));
#597=EDGE_LOOP('',(#2946,#2947,#2948,#2949));
#598=EDGE_LOOP('',(#2950,#2951,#2952,#2953));
#599=EDGE_LOOP('',(#2954,#2955,#2956,#2957));
#600=EDGE_LOOP('',(#2958,#2959,#2960,#2961));
#601=EDGE_LOOP('',(#2962,#2963,#2964,#2965));
#602=EDGE_LOOP('',(#2966,#2967,#2968,#2969));
#603=EDGE_LOOP('',(#2970,#2971,#2972,#2973));
#604=EDGE_LOOP('',(#2974,#2975,#2976,#2977));
#605=EDGE_LOOP('',(#2978,#2979,#2980,#2981));
#606=EDGE_LOOP('',(#2982,#2983,#2984,#2985));
#607=EDGE_LOOP('',(#2986,#2987,#2988,#2989));
#608=EDGE_LOOP('',(#2990,#2991,#2992,#2993,#2994,#2995,#2996,#2997,#2998,
#2999,#3000,#3001,#3002,#3003,#3004,#3005,#3006,#3007,#3008,#3009,#3010,
#3011,#3012,#3013,#3014,#3015,#3016,#3017,#3018,#3019,#3020,#3021,#3022,
#3023,#3024));
#609=EDGE_LOOP('',(#3025,#3026,#3027,#3028));
#610=EDGE_LOOP('',(#3029,#3030,#3031,#3032));
#611=EDGE_LOOP('',(#3033,#3034,#3035,#3036));
#612=EDGE_LOOP('',(#3037,#3038,#3039,#3040));
#613=EDGE_LOOP('',(#3041,#3042,#3043,#3044));
#614=EDGE_LOOP('',(#3045,#3046,#3047,#3048));
#615=EDGE_LOOP('',(#3049,#3050,#3051,#3052));
#616=EDGE_LOOP('',(#3053,#3054,#3055,#3056));
#617=EDGE_LOOP('',(#3057,#3058,#3059,#3060));
#618=EDGE_LOOP('',(#3061,#3062,#3063,#3064));
#619=EDGE_LOOP('',(#3065,#3066,#3067,#3068));
#620=EDGE_LOOP('',(#3069,#3070,#3071,#3072));
#621=EDGE_LOOP('',(#3073,#3074,#3075,#3076));
#622=EDGE_LOOP('',(#3077,#3078,#3079,#3080));
#623=EDGE_LOOP('',(#3081,#3082,#3083,#3084));
#624=EDGE_LOOP('',(#3085,#3086,#3087,#3088));
#625=EDGE_LOOP('',(#3089,#3090,#3091,#3092));
#626=EDGE_LOOP('',(#3093,#3094,#3095,#3096));
#627=EDGE_LOOP('',(#3097,#3098,#3099,#3100));
#628=EDGE_LOOP('',(#3101,#3102,#3103,#3104));
#629=EDGE_LOOP('',(#3105,#3106,#3107,#3108));
#630=EDGE_LOOP('',(#3109,#3110,#3111,#3112));
#631=EDGE_LOOP('',(#3113,#3114,#3115,#3116));
#632=EDGE_LOOP('',(#3117,#3118,#3119,#3120));
#633=EDGE_LOOP('',(#3121,#3122,#3123,#3124));
#634=EDGE_LOOP('',(#3125,#3126,#3127,#3128));
#635=EDGE_LOOP('',(#3129,#3130,#3131,#3132));
#636=EDGE_LOOP('',(#3133,#3134,#3135,#3136));
#637=EDGE_LOOP('',(#3137,#3138,#3139,#3140));
#638=EDGE_LOOP('',(#3141,#3142,#3143,#3144));
#639=EDGE_LOOP('',(#3145,#3146,#3147,#3148));
#640=EDGE_LOOP('',(#3149,#3150,#3151,#3152));
#641=EDGE_LOOP('',(#3153,#3154,#3155,#3156));
#642=EDGE_LOOP('',(#3157,#3158,#3159,#3160));
#643=EDGE_LOOP('',(#3161,#3162,#3163,#3164));
#644=EDGE_LOOP('',(#3165,#3166,#3167,#3168));
#645=EDGE_LOOP('',(#3169,#3170,#3171,#3172));
#646=EDGE_LOOP('',(#3173,#3174,#3175,#3176));
#647=EDGE_LOOP('',(#3177,#3178,#3179,#3180));
#648=EDGE_LOOP('',(#3181,#3182,#3183,#3184));
#649=EDGE_LOOP('',(#3185,#3186,#3187,#3188));
#650=EDGE_LOOP('',(#3189,#3190,#3191,#3192));
#651=EDGE_LOOP('',(#3193,#3194,#3195,#3196));
#652=EDGE_LOOP('',(#3197,#3198,#3199,#3200));
#653=EDGE_LOOP('',(#3201,#3202,#3203,#3204));
#654=EDGE_LOOP('',(#3205,#3206,#3207,#3208,#3209,#3210,#3211,#3212,#3213,
#3214,#3215,#3216,#3217,#3218,#3219,#3220,#3221,#3222,#3223,#3224,#3225,
#3226,#3227,#3228,#3229,#3230,#3231,#3232,#3233,#3234,#3235,#3236,#3237,
#3238,#3239));
#655=EDGE_LOOP('',(#3240,#3241,#3242,#3243));
#656=EDGE_LOOP('',(#3244,#3245,#3246,#3247));
#657=EDGE_LOOP('',(#3248,#3249,#3250,#3251));
#658=EDGE_LOOP('',(#3252,#3253,#3254,#3255));
#659=EDGE_LOOP('',(#3256,#3257,#3258,#3259));
#660=EDGE_LOOP('',(#3260,#3261,#3262,#3263));
#661=EDGE_LOOP('',(#3264,#3265,#3266,#3267));
#662=EDGE_LOOP('',(#3268,#3269,#3270,#3271));
#663=EDGE_LOOP('',(#3272,#3273,#3274,#3275));
#664=EDGE_LOOP('',(#3276,#3277,#3278,#3279));
#665=EDGE_LOOP('',(#3280,#3281,#3282,#3283));
#666=EDGE_LOOP('',(#3284,#3285,#3286,#3287));
#667=EDGE_LOOP('',(#3288,#3289,#3290,#3291));
#668=EDGE_LOOP('',(#3292,#3293,#3294,#3295));
#669=EDGE_LOOP('',(#3296,#3297,#3298,#3299));
#670=EDGE_LOOP('',(#3300,#3301,#3302,#3303));
#671=EDGE_LOOP('',(#3304,#3305,#3306,#3307));
#672=EDGE_LOOP('',(#3308,#3309,#3310,#3311));
#673=EDGE_LOOP('',(#3312,#3313,#3314,#3315));
#674=EDGE_LOOP('',(#3316,#3317,#3318,#3319));
#675=EDGE_LOOP('',(#3320,#3321,#3322,#3323));
#676=EDGE_LOOP('',(#3324,#3325,#3326,#3327,#3328,#3329,#3330,#3331,#3332,
#3333,#3334,#3335,#3336,#3337,#3338,#3339));
#677=EDGE_LOOP('',(#3340,#3341,#3342,#3343));
#678=EDGE_LOOP('',(#3344,#3345,#3346,#3347));
#679=EDGE_LOOP('',(#3348,#3349,#3350,#3351));
#680=EDGE_LOOP('',(#3352,#3353,#3354,#3355));
#681=EDGE_LOOP('',(#3356,#3357,#3358,#3359));
#682=EDGE_LOOP('',(#3360,#3361,#3362,#3363));
#683=EDGE_LOOP('',(#3364,#3365,#3366,#3367));
#684=EDGE_LOOP('',(#3368,#3369,#3370,#3371));
#685=EDGE_LOOP('',(#3372,#3373,#3374,#3375));
#686=EDGE_LOOP('',(#3376,#3377,#3378,#3379));
#687=EDGE_LOOP('',(#3380,#3381,#3382,#3383));
#688=EDGE_LOOP('',(#3384,#3385,#3386,#3387));
#689=EDGE_LOOP('',(#3388,#3389,#3390,#3391));
#690=EDGE_LOOP('',(#3392,#3393,#3394,#3395,#3396,#3397,#3398,#3399));
#691=EDGE_LOOP('',(#3400,#3401,#3402,#3403,#3404));
#692=EDGE_LOOP('',(#3405,#3406,#3407,#3408));
#693=EDGE_LOOP('',(#3409,#3410,#3411,#3412));
#694=EDGE_LOOP('',(#3413,#3414,#3415,#3416));
#695=EDGE_LOOP('',(#3417,#3418,#3419,#3420));
#696=EDGE_LOOP('',(#3421,#3422,#3423,#3424));
#697=EDGE_LOOP('',(#3425,#3426,#3427,#3428));
#698=EDGE_LOOP('',(#3429,#3430,#3431,#3432));
#699=EDGE_LOOP('',(#3433,#3434,#3435,#3436));
#700=EDGE_LOOP('',(#3437,#3438,#3439,#3440));
#701=EDGE_LOOP('',(#3441,#3442,#3443,#3444));
#702=EDGE_LOOP('',(#3445,#3446,#3447,#3448));
#703=EDGE_LOOP('',(#3449,#3450,#3451,#3452));
#704=EDGE_LOOP('',(#3453,#3454,#3455,#3456));
#705=EDGE_LOOP('',(#3457,#3458,#3459,#3460));
#706=EDGE_LOOP('',(#3461,#3462,#3463,#3464));
#707=EDGE_LOOP('',(#3465,#3466,#3467,#3468));
#708=EDGE_LOOP('',(#3469,#3470,#3471,#3472,#3473,#3474,#3475,#3476,#3477,
#3478,#3479,#3480,#3481,#3482,#3483,#3484));
#709=EDGE_LOOP('',(#3485,#3486,#3487,#3488));
#710=EDGE_LOOP('',(#3489,#3490,#3491,#3492));
#711=EDGE_LOOP('',(#3493,#3494,#3495,#3496));
#712=EDGE_LOOP('',(#3497,#3498,#3499,#3500));
#713=EDGE_LOOP('',(#3501,#3502,#3503,#3504));
#714=EDGE_LOOP('',(#3505,#3506,#3507,#3508));
#715=EDGE_LOOP('',(#3509,#3510,#3511,#3512));
#716=EDGE_LOOP('',(#3513,#3514,#3515,#3516));
#717=EDGE_LOOP('',(#3517,#3518,#3519,#3520));
#718=EDGE_LOOP('',(#3521,#3522,#3523,#3524));
#719=EDGE_LOOP('',(#3525,#3526,#3527,#3528));
#720=EDGE_LOOP('',(#3529,#3530,#3531,#3532));
#721=EDGE_LOOP('',(#3533,#3534,#3535,#3536));
#722=EDGE_LOOP('',(#3537,#3538,#3539,#3540));
#723=EDGE_LOOP('',(#3541,#3542,#3543,#3544));
#724=EDGE_LOOP('',(#3545,#3546,#3547,#3548));
#725=EDGE_LOOP('',(#3549,#3550,#3551,#3552,#3553,#3554,#3555,#3556,#3557,
#3558,#3559,#3560,#3561,#3562,#3563,#3564));
#726=EDGE_LOOP('',(#3565,#3566,#3567,#3568));
#727=EDGE_LOOP('',(#3569,#3570,#3571,#3572));
#728=EDGE_LOOP('',(#3573,#3574,#3575,#3576));
#729=EDGE_LOOP('',(#3577,#3578,#3579,#3580));
#730=EDGE_LOOP('',(#3581,#3582,#3583,#3584));
#731=EDGE_LOOP('',(#3585,#3586,#3587,#3588));
#732=EDGE_LOOP('',(#3589,#3590,#3591,#3592));
#733=EDGE_LOOP('',(#3593,#3594,#3595,#3596));
#734=EDGE_LOOP('',(#3597,#3598,#3599,#3600));
#735=EDGE_LOOP('',(#3601,#3602,#3603,#3604));
#736=EDGE_LOOP('',(#3605,#3606,#3607,#3608));
#737=EDGE_LOOP('',(#3609,#3610,#3611,#3612));
#738=EDGE_LOOP('',(#3613,#3614,#3615,#3616));
#739=EDGE_LOOP('',(#3617,#3618,#3619,#3620,#3621,#3622,#3623,#3624));
#740=EDGE_LOOP('',(#3625,#3626,#3627,#3628,#3629));
#741=EDGE_LOOP('',(#3630,#3631,#3632,#3633));
#742=EDGE_LOOP('',(#3634,#3635,#3636,#3637));
#743=EDGE_LOOP('',(#3638,#3639,#3640,#3641));
#744=EDGE_LOOP('',(#3642,#3643,#3644,#3645));
#745=EDGE_LOOP('',(#3646,#3647,#3648,#3649));
#746=EDGE_LOOP('',(#3650,#3651,#3652,#3653));
#747=EDGE_LOOP('',(#3654,#3655,#3656,#3657));
#748=EDGE_LOOP('',(#3658,#3659,#3660,#3661));
#749=EDGE_LOOP('',(#3662,#3663,#3664,#3665));
#750=EDGE_LOOP('',(#3666,#3667,#3668,#3669));
#751=EDGE_LOOP('',(#3670,#3671,#3672,#3673));
#752=EDGE_LOOP('',(#3674,#3675,#3676,#3677,#3678,#3679,#3680,#3681,#3682,
#3683,#3684));
#753=EDGE_LOOP('',(#3685,#3686,#3687,#3688,#3689));
#754=EDGE_LOOP('',(#3690,#3691,#3692,#3693,#3694));
#755=EDGE_LOOP('',(#3695,#3696,#3697,#3698));
#756=EDGE_LOOP('',(#3699,#3700,#3701,#3702));
#757=EDGE_LOOP('',(#3703,#3704,#3705,#3706,#3707,#3708,#3709,#3710));
#758=EDGE_LOOP('',(#3711,#3712,#3713,#3714));
#759=EDGE_LOOP('',(#3715,#3716,#3717,#3718));
#760=EDGE_LOOP('',(#3719,#3720,#3721,#3722,#3723,#3724,#3725,#3726,#3727,
#3728,#3729,#3730,#3731,#3732));
#761=EDGE_LOOP('',(#3733,#3734,#3735,#3736));
#762=EDGE_LOOP('',(#3737,#3738,#3739,#3740,#3741,#3742,#3743,#3744,#3745,
#3746,#3747,#3748));
#763=EDGE_LOOP('',(#3749,#3750,#3751,#3752));
#764=EDGE_LOOP('',(#3753,#3754,#3755,#3756,#3757,#3758,#3759,#3760,#3761,
#3762,#3763,#3764));
#765=EDGE_LOOP('',(#3765,#3766,#3767,#3768));
#766=EDGE_LOOP('',(#3769,#3770,#3771,#3772));
#767=EDGE_LOOP('',(#3773,#3774,#3775,#3776));
#768=EDGE_LOOP('',(#3777,#3778,#3779,#3780));
#769=EDGE_LOOP('',(#3781,#3782,#3783,#3784));
#770=EDGE_LOOP('',(#3785,#3786,#3787,#3788));
#771=EDGE_LOOP('',(#3789,#3790,#3791,#3792));
#772=EDGE_LOOP('',(#3793,#3794,#3795,#3796));
#773=EDGE_LOOP('',(#3797,#3798,#3799,#3800));
#774=EDGE_LOOP('',(#3801,#3802,#3803,#3804));
#775=EDGE_LOOP('',(#3805,#3806,#3807,#3808));
#776=EDGE_LOOP('',(#3809,#3810,#3811,#3812));
#777=EDGE_LOOP('',(#3813,#3814,#3815,#3816));
#778=EDGE_LOOP('',(#3817,#3818,#3819,#3820));
#779=EDGE_LOOP('',(#3821,#3822,#3823,#3824));
#780=EDGE_LOOP('',(#3825,#3826,#3827,#3828));
#781=EDGE_LOOP('',(#3829,#3830,#3831,#3832));
#782=EDGE_LOOP('',(#3833,#3834,#3835,#3836,#3837,#3838,#3839,#3840));
#783=EDGE_LOOP('',(#3841,#3842,#3843,#3844,#3845,#3846,#3847,#3848));
#784=EDGE_LOOP('',(#3849,#3850,#3851,#3852));
#785=EDGE_LOOP('',(#3853,#3854,#3855,#3856,#3857,#3858,#3859,#3860));
#786=EDGE_LOOP('',(#3861,#3862,#3863,#3864));
#787=EDGE_LOOP('',(#3865,#3866,#3867,#3868));
#788=EDGE_LOOP('',(#3869,#3870,#3871,#3872,#3873,#3874,#3875,#3876,#3877,
#3878,#3879,#3880));
#789=EDGE_LOOP('',(#3881,#3882,#3883,#3884));
#790=EDGE_LOOP('',(#3885,#3886,#3887,#3888));
#791=EDGE_LOOP('',(#3889,#3890,#3891,#3892));
#792=EDGE_LOOP('',(#3893,#3894,#3895,#3896));
#793=EDGE_LOOP('',(#3897,#3898,#3899,#3900,#3901,#3902,#3903,#3904));
#794=EDGE_LOOP('',(#3905,#3906,#3907,#3908,#3909,#3910,#3911,#3912));
#795=EDGE_LOOP('',(#3913,#3914,#3915,#3916));
#796=EDGE_LOOP('',(#3917,#3918,#3919,#3920));
#797=EDGE_LOOP('',(#3921,#3922,#3923,#3924));
#798=EDGE_LOOP('',(#3925,#3926,#3927,#3928));
#799=EDGE_LOOP('',(#3929,#3930,#3931,#3932));
#800=EDGE_LOOP('',(#3933,#3934,#3935,#3936));
#801=EDGE_LOOP('',(#3937,#3938,#3939,#3940));
#802=EDGE_LOOP('',(#3941,#3942,#3943,#3944));
#803=EDGE_LOOP('',(#3945,#3946,#3947,#3948));
#804=EDGE_LOOP('',(#3949,#3950,#3951,#3952,#3953,#3954,#3955,#3956));
#805=EDGE_LOOP('',(#3957,#3958,#3959,#3960,#3961,#3962));
#806=EDGE_LOOP('',(#3963,#3964,#3965,#3966));
#807=EDGE_LOOP('',(#3967,#3968,#3969,#3970,#3971,#3972,#3973,#3974));
#808=EDGE_LOOP('',(#3975,#3976,#3977,#3978,#3979,#3980,#3981,#3982));
#809=EDGE_LOOP('',(#3983,#3984,#3985,#3986,#3987,#3988,#3989,#3990,#3991,
#3992,#3993));
#810=EDGE_LOOP('',(#3994,#3995,#3996,#3997,#3998,#3999,#4000,#4001));
#811=EDGE_LOOP('',(#4002,#4003,#4004,#4005,#4006,#4007,#4008,#4009,#4010,
#4011,#4012,#4013,#4014,#4015,#4016,#4017));
#812=EDGE_LOOP('',(#4018,#4019,#4020,#4021,#4022,#4023,#4024,#4025,#4026,
#4027,#4028,#4029,#4030,#4031,#4032,#4033));
#813=EDGE_LOOP('',(#4034,#4035,#4036,#4037,#4038,#4039,#4040,#4041));
#814=EDGE_LOOP('',(#4042,#4043,#4044,#4045,#4046,#4047,#4048,#4049,#4050,
#4051,#4052,#4053,#4054,#4055,#4056,#4057));
#815=EDGE_LOOP('',(#4058,#4059,#4060,#4061));
#816=EDGE_LOOP('',(#4062,#4063,#4064,#4065,#4066,#4067,#4068,#4069,#4070,
#4071,#4072,#4073,#4074,#4075,#4076,#4077,#4078,#4079,#4080,#4081,#4082,
#4083,#4084,#4085,#4086,#4087,#4088,#4089,#4090,#4091,#4092,#4093,#4094,
#4095,#4096));
#817=EDGE_LOOP('',(#4097,#4098,#4099,#4100));
#818=EDGE_LOOP('',(#4101,#4102,#4103,#4104));
#819=EDGE_LOOP('',(#4105,#4106,#4107,#4108,#4109,#4110,#4111,#4112,#4113,
#4114,#4115,#4116,#4117,#4118,#4119,#4120,#4121,#4122,#4123,#4124,#4125,
#4126,#4127,#4128,#4129,#4130,#4131,#4132,#4133,#4134,#4135,#4136,#4137,
#4138,#4139));
#820=EDGE_LOOP('',(#4140,#4141,#4142,#4143));
#821=LINE('',#5540,#1278);
#822=LINE('',#5542,#1279);
#823=LINE('',#5544,#1280);
#824=LINE('',#5545,#1281);
#825=LINE('',#5548,#1282);
#826=LINE('',#5550,#1283);
#827=LINE('',#5551,#1284);
#828=LINE('',#5554,#1285);
#829=LINE('',#5556,#1286);
#830=LINE('',#5557,#1287);
#831=LINE('',#5559,#1288);
#832=LINE('',#5560,#1289);
#833=LINE('',#5580,#1290);
#834=LINE('',#5587,#1291);
#835=LINE('',#5605,#1292);
#836=LINE('',#5628,#1293);
#837=LINE('',#5651,#1294);
#838=LINE('',#5674,#1295);
#839=LINE('',#5697,#1296);
#840=LINE('',#5720,#1297);
#841=LINE('',#5743,#1298);
#842=LINE('',#5766,#1299);
#843=LINE('',#5789,#1300);
#844=LINE('',#5812,#1301);
#845=LINE('',#5835,#1302);
#846=LINE('',#5858,#1303);
#847=LINE('',#5881,#1304);
#848=LINE('',#5889,#1305);
#849=LINE('',#5891,#1306);
#850=LINE('',#5892,#1307);
#851=LINE('',#5910,#1308);
#852=LINE('',#5933,#1309);
#853=LINE('',#5956,#1310);
#854=LINE('',#5979,#1311);
#855=LINE('',#6002,#1312);
#856=LINE('',#6025,#1313);
#857=LINE('',#6048,#1314);
#858=LINE('',#6071,#1315);
#859=LINE('',#6094,#1316);
#860=LINE('',#6117,#1317);
#861=LINE('',#6140,#1318);
#862=LINE('',#6163,#1319);
#863=LINE('',#6186,#1320);
#864=LINE('',#6209,#1321);
#865=LINE('',#6232,#1322);
#866=LINE('',#6255,#1323);
#867=LINE('',#6278,#1324);
#868=LINE('',#6301,#1325);
#869=LINE('',#6309,#1326);
#870=LINE('',#6311,#1327);
#871=LINE('',#6312,#1328);
#872=LINE('',#6337,#1329);
#873=LINE('',#6339,#1330);
#874=LINE('',#6341,#1331);
#875=LINE('',#6342,#1332);
#876=LINE('',#6345,#1333);
#877=LINE('',#6347,#1334);
#878=LINE('',#6348,#1335);
#879=LINE('',#6351,#1336);
#880=LINE('',#6353,#1337);
#881=LINE('',#6354,#1338);
#882=LINE('',#6356,#1339);
#883=LINE('',#6357,#1340);
#884=LINE('',#6362,#1341);
#885=LINE('',#6364,#1342);
#886=LINE('',#6366,#1343);
#887=LINE('',#6367,#1344);
#888=LINE('',#6370,#1345);
#889=LINE('',#6372,#1346);
#890=LINE('',#6373,#1347);
#891=LINE('',#6376,#1348);
#892=LINE('',#6378,#1349);
#893=LINE('',#6379,#1350);
#894=LINE('',#6381,#1351);
#895=LINE('',#6382,#1352);
#896=LINE('',#6402,#1353);
#897=LINE('',#6409,#1354);
#898=LINE('',#6427,#1355);
#899=LINE('',#6450,#1356);
#900=LINE('',#6473,#1357);
#901=LINE('',#6496,#1358);
#902=LINE('',#6519,#1359);
#903=LINE('',#6542,#1360);
#904=LINE('',#6565,#1361);
#905=LINE('',#6588,#1362);
#906=LINE('',#6611,#1363);
#907=LINE('',#6634,#1364);
#908=LINE('',#6657,#1365);
#909=LINE('',#6680,#1366);
#910=LINE('',#6703,#1367);
#911=LINE('',#6711,#1368);
#912=LINE('',#6713,#1369);
#913=LINE('',#6714,#1370);
#914=LINE('',#6732,#1371);
#915=LINE('',#6755,#1372);
#916=LINE('',#6778,#1373);
#917=LINE('',#6801,#1374);
#918=LINE('',#6824,#1375);
#919=LINE('',#6847,#1376);
#920=LINE('',#6870,#1377);
#921=LINE('',#6893,#1378);
#922=LINE('',#6916,#1379);
#923=LINE('',#6939,#1380);
#924=LINE('',#6962,#1381);
#925=LINE('',#6985,#1382);
#926=LINE('',#7008,#1383);
#927=LINE('',#7031,#1384);
#928=LINE('',#7054,#1385);
#929=LINE('',#7077,#1386);
#930=LINE('',#7100,#1387);
#931=LINE('',#7123,#1388);
#932=LINE('',#7131,#1389);
#933=LINE('',#7133,#1390);
#934=LINE('',#7134,#1391);
#935=LINE('',#7159,#1392);
#936=LINE('',#7161,#1393);
#937=LINE('',#7163,#1394);
#938=LINE('',#7164,#1395);
#939=LINE('',#7167,#1396);
#940=LINE('',#7169,#1397);
#941=LINE('',#7170,#1398);
#942=LINE('',#7173,#1399);
#943=LINE('',#7175,#1400);
#944=LINE('',#7176,#1401);
#945=LINE('',#7178,#1402);
#946=LINE('',#7179,#1403);
#947=LINE('',#7184,#1404);
#948=LINE('',#7186,#1405);
#949=LINE('',#7188,#1406);
#950=LINE('',#7189,#1407);
#951=LINE('',#7207,#1408);
#952=LINE('',#7230,#1409);
#953=LINE('',#7238,#1410);
#954=LINE('',#7240,#1411);
#955=LINE('',#7241,#1412);
#956=LINE('',#7244,#1413);
#957=LINE('',#7246,#1414);
#958=LINE('',#7247,#1415);
#959=LINE('',#7250,#1416);
#960=LINE('',#7252,#1417);
#961=LINE('',#7253,#1418);
#962=LINE('',#7256,#1419);
#963=LINE('',#7258,#1420);
#964=LINE('',#7259,#1421);
#965=LINE('',#7262,#1422);
#966=LINE('',#7264,#1423);
#967=LINE('',#7265,#1424);
#968=LINE('',#7268,#1425);
#969=LINE('',#7270,#1426);
#970=LINE('',#7271,#1427);
#971=LINE('',#7289,#1428);
#972=LINE('',#7312,#1429);
#973=LINE('',#7320,#1430);
#974=LINE('',#7322,#1431);
#975=LINE('',#7323,#1432);
#976=LINE('',#7326,#1433);
#977=LINE('',#7328,#1434);
#978=LINE('',#7329,#1435);
#979=LINE('',#7332,#1436);
#980=LINE('',#7334,#1437);
#981=LINE('',#7335,#1438);
#982=LINE('',#7338,#1439);
#983=LINE('',#7340,#1440);
#984=LINE('',#7341,#1441);
#985=LINE('',#7343,#1442);
#986=LINE('',#7344,#1443);
#987=LINE('',#7364,#1444);
#988=LINE('',#7371,#1445);
#989=LINE('',#7389,#1446);
#990=LINE('',#7397,#1447);
#991=LINE('',#7399,#1448);
#992=LINE('',#7400,#1449);
#993=LINE('',#7403,#1450);
#994=LINE('',#7405,#1451);
#995=LINE('',#7406,#1452);
#996=LINE('',#7408,#1453);
#997=LINE('',#7409,#1454);
#998=LINE('',#7413,#1455);
#999=LINE('',#7415,#1456);
#1000=LINE('',#7417,#1457);
#1001=LINE('',#7418,#1458);
#1002=LINE('',#7421,#1459);
#1003=LINE('',#7423,#1460);
#1004=LINE('',#7424,#1461);
#1005=LINE('',#7427,#1462);
#1006=LINE('',#7429,#1463);
#1007=LINE('',#7430,#1464);
#1008=LINE('',#7433,#1465);
#1009=LINE('',#7435,#1466);
#1010=LINE('',#7436,#1467);
#1011=LINE('',#7439,#1468);
#1012=LINE('',#7441,#1469);
#1013=LINE('',#7442,#1470);
#1014=LINE('',#7445,#1471);
#1015=LINE('',#7447,#1472);
#1016=LINE('',#7448,#1473);
#1017=LINE('',#7451,#1474);
#1018=LINE('',#7453,#1475);
#1019=LINE('',#7454,#1476);
#1020=LINE('',#7456,#1477);
#1021=LINE('',#7457,#1478);
#1022=LINE('',#7462,#1479);
#1023=LINE('',#7464,#1480);
#1024=LINE('',#7466,#1481);
#1025=LINE('',#7467,#1482);
#1026=LINE('',#7485,#1483);
#1027=LINE('',#7508,#1484);
#1028=LINE('',#7516,#1485);
#1029=LINE('',#7518,#1486);
#1030=LINE('',#7519,#1487);
#1031=LINE('',#7522,#1488);
#1032=LINE('',#7524,#1489);
#1033=LINE('',#7525,#1490);
#1034=LINE('',#7528,#1491);
#1035=LINE('',#7530,#1492);
#1036=LINE('',#7531,#1493);
#1037=LINE('',#7534,#1494);
#1038=LINE('',#7536,#1495);
#1039=LINE('',#7537,#1496);
#1040=LINE('',#7540,#1497);
#1041=LINE('',#7542,#1498);
#1042=LINE('',#7543,#1499);
#1043=LINE('',#7546,#1500);
#1044=LINE('',#7548,#1501);
#1045=LINE('',#7549,#1502);
#1046=LINE('',#7567,#1503);
#1047=LINE('',#7590,#1504);
#1048=LINE('',#7598,#1505);
#1049=LINE('',#7600,#1506);
#1050=LINE('',#7601,#1507);
#1051=LINE('',#7604,#1508);
#1052=LINE('',#7606,#1509);
#1053=LINE('',#7607,#1510);
#1054=LINE('',#7610,#1511);
#1055=LINE('',#7612,#1512);
#1056=LINE('',#7613,#1513);
#1057=LINE('',#7616,#1514);
#1058=LINE('',#7618,#1515);
#1059=LINE('',#7619,#1516);
#1060=LINE('',#7621,#1517);
#1061=LINE('',#7622,#1518);
#1062=LINE('',#7627,#1519);
#1063=LINE('',#7629,#1520);
#1064=LINE('',#7631,#1521);
#1065=LINE('',#7632,#1522);
#1066=LINE('',#7650,#1523);
#1067=LINE('',#7673,#1524);
#1068=LINE('',#7681,#1525);
#1069=LINE('',#7683,#1526);
#1070=LINE('',#7684,#1527);
#1071=LINE('',#7687,#1528);
#1072=LINE('',#7689,#1529);
#1073=LINE('',#7690,#1530);
#1074=LINE('',#7693,#1531);
#1075=LINE('',#7695,#1532);
#1076=LINE('',#7696,#1533);
#1077=LINE('',#7699,#1534);
#1078=LINE('',#7701,#1535);
#1079=LINE('',#7702,#1536);
#1080=LINE('',#7705,#1537);
#1081=LINE('',#7707,#1538);
#1082=LINE('',#7708,#1539);
#1083=LINE('',#7711,#1540);
#1084=LINE('',#7713,#1541);
#1085=LINE('',#7714,#1542);
#1086=LINE('',#7732,#1543);
#1087=LINE('',#7755,#1544);
#1088=LINE('',#7763,#1545);
#1089=LINE('',#7765,#1546);
#1090=LINE('',#7766,#1547);
#1091=LINE('',#7769,#1548);
#1092=LINE('',#7771,#1549);
#1093=LINE('',#7772,#1550);
#1094=LINE('',#7775,#1551);
#1095=LINE('',#7777,#1552);
#1096=LINE('',#7778,#1553);
#1097=LINE('',#7781,#1554);
#1098=LINE('',#7783,#1555);
#1099=LINE('',#7784,#1556);
#1100=LINE('',#7786,#1557);
#1101=LINE('',#7787,#1558);
#1102=LINE('',#7807,#1559);
#1103=LINE('',#7814,#1560);
#1104=LINE('',#7832,#1561);
#1105=LINE('',#7840,#1562);
#1106=LINE('',#7842,#1563);
#1107=LINE('',#7843,#1564);
#1108=LINE('',#7846,#1565);
#1109=LINE('',#7848,#1566);
#1110=LINE('',#7849,#1567);
#1111=LINE('',#7851,#1568);
#1112=LINE('',#7852,#1569);
#1113=LINE('',#7856,#1570);
#1114=LINE('',#7858,#1571);
#1115=LINE('',#7860,#1572);
#1116=LINE('',#7861,#1573);
#1117=LINE('',#7864,#1574);
#1118=LINE('',#7866,#1575);
#1119=LINE('',#7867,#1576);
#1120=LINE('',#7870,#1577);
#1121=LINE('',#7872,#1578);
#1122=LINE('',#7873,#1579);
#1123=LINE('',#7876,#1580);
#1124=LINE('',#7878,#1581);
#1125=LINE('',#7879,#1582);
#1126=LINE('',#7882,#1583);
#1127=LINE('',#7884,#1584);
#1128=LINE('',#7885,#1585);
#1129=LINE('',#7888,#1586);
#1130=LINE('',#7890,#1587);
#1131=LINE('',#7891,#1588);
#1132=LINE('',#7894,#1589);
#1133=LINE('',#7896,#1590);
#1134=LINE('',#7897,#1591);
#1135=LINE('',#7899,#1592);
#1136=LINE('',#7900,#1593);
#1137=LINE('',#7905,#1594);
#1138=LINE('',#7907,#1595);
#1139=LINE('',#7909,#1596);
#1140=LINE('',#7910,#1597);
#1141=LINE('',#7913,#1598);
#1142=LINE('',#7915,#1599);
#1143=LINE('',#7916,#1600);
#1144=LINE('',#7919,#1601);
#1145=LINE('',#7921,#1602);
#1146=LINE('',#7922,#1603);
#1147=LINE('',#7925,#1604);
#1148=LINE('',#7927,#1605);
#1149=LINE('',#7928,#1606);
#1150=LINE('',#7946,#1607);
#1151=LINE('',#7969,#1608);
#1152=LINE('',#7977,#1609);
#1153=LINE('',#7979,#1610);
#1154=LINE('',#7980,#1611);
#1155=LINE('',#7983,#1612);
#1156=LINE('',#7985,#1613);
#1157=LINE('',#7986,#1614);
#1158=LINE('',#7989,#1615);
#1159=LINE('',#7991,#1616);
#1160=LINE('',#7992,#1617);
#1161=LINE('',#7995,#1618);
#1162=LINE('',#7997,#1619);
#1163=LINE('',#7998,#1620);
#1164=LINE('',#8000,#1621);
#1165=LINE('',#8001,#1622);
#1166=LINE('',#8008,#1623);
#1167=LINE('',#8010,#1624);
#1168=LINE('',#8012,#1625);
#1169=LINE('',#8013,#1626);
#1170=LINE('',#8017,#1627);
#1171=LINE('',#8019,#1628);
#1172=LINE('',#8021,#1629);
#1173=LINE('',#8022,#1630);
#1174=LINE('',#8025,#1631);
#1175=LINE('',#8027,#1632);
#1176=LINE('',#8029,#1633);
#1177=LINE('',#8031,#1634);
#1178=LINE('',#8033,#1635);
#1179=LINE('',#8035,#1636);
#1180=LINE('',#8036,#1637);
#1181=LINE('',#8040,#1638);
#1182=LINE('',#8042,#1639);
#1183=LINE('',#8044,#1640);
#1184=LINE('',#8045,#1641);
#1185=LINE('',#8048,#1642);
#1186=LINE('',#8050,#1643);
#1187=LINE('',#8051,#1644);
#1188=LINE('',#8054,#1645);
#1189=LINE('',#8055,#1646);
#1190=LINE('',#8057,#1647);
#1191=LINE('',#8059,#1648);
#1192=LINE('',#8061,#1649);
#1193=LINE('',#8065,#1650);
#1194=LINE('',#8069,#1651);
#1195=LINE('',#8070,#1652);
#1196=LINE('',#8073,#1653);
#1197=LINE('',#8074,#1654);
#1198=LINE('',#8077,#1655);
#1199=LINE('',#8079,#1656);
#1200=LINE('',#8083,#1657);
#1201=LINE('',#8087,#1658);
#1202=LINE('',#8089,#1659);
#1203=LINE('',#8091,#1660);
#1204=LINE('',#8095,#1661);
#1205=LINE('',#8099,#1662);
#1206=LINE('',#8100,#1663);
#1207=LINE('',#8102,#1664);
#1208=LINE('',#8106,#1665);
#1209=LINE('',#8110,#1666);
#1210=LINE('',#8112,#1667);
#1211=LINE('',#8114,#1668);
#1212=LINE('',#8118,#1669);
#1213=LINE('',#8121,#1670);
#1214=LINE('',#8127,#1671);
#1215=LINE('',#8130,#1672);
#1216=LINE('',#8133,#1673);
#1217=LINE('',#8135,#1674);
#1218=LINE('',#8136,#1675);
#1219=LINE('',#8142,#1676);
#1220=LINE('',#8145,#1677);
#1221=LINE('',#8147,#1678);
#1222=LINE('',#8148,#1679);
#1223=LINE('',#8154,#1680);
#1224=LINE('',#8157,#1681);
#1225=LINE('',#8159,#1682);
#1226=LINE('',#8160,#1683);
#1227=LINE('',#8165,#1684);
#1228=LINE('',#8168,#1685);
#1229=LINE('',#8169,#1686);
#1230=LINE('',#8175,#1687);
#1231=LINE('',#8178,#1688);
#1232=LINE('',#8181,#1689);
#1233=LINE('',#8183,#1690);
#1234=LINE('',#8184,#1691);
#1235=LINE('',#8190,#1692);
#1236=LINE('',#8193,#1693);
#1237=LINE('',#8195,#1694);
#1238=LINE('',#8196,#1695);
#1239=LINE('',#8201,#1696);
#1240=LINE('',#8205,#1697);
#1241=LINE('',#8207,#1698);
#1242=LINE('',#8208,#1699);
#1243=LINE('',#8213,#1700);
#1244=LINE('',#8216,#1701);
#1245=LINE('',#8217,#1702);
#1246=LINE('',#8220,#1703);
#1247=LINE('',#8222,#1704);
#1248=LINE('',#8223,#1705);
#1249=LINE('',#8225,#1706);
#1250=LINE('',#8227,#1707);
#1251=LINE('',#8229,#1708);
#1252=LINE('',#8230,#1709);
#1253=LINE('',#8233,#1710);
#1254=LINE('',#8234,#1711);
#1255=LINE('',#8236,#1712);
#1256=LINE('',#8237,#1713);
#1257=LINE('',#8240,#1714);
#1258=LINE('',#8241,#1715);
#1259=LINE('',#8244,#1716);
#1260=LINE('',#8250,#1717);
#1261=LINE('',#8253,#1718);
#1262=LINE('',#8255,#1719);
#1263=LINE('',#8258,#1720);
#1264=LINE('',#8260,#1721);
#1265=LINE('',#8261,#1722);
#1266=LINE('',#8266,#1723);
#1267=LINE('',#8269,#1724);
#1268=LINE('',#8270,#1725);
#1269=LINE('',#8272,#1726);
#1270=LINE('',#8273,#1727);
#1271=LINE('',#8275,#1728);
#1272=LINE('',#8279,#1729);
#1273=LINE('',#8282,#1730);
#1274=LINE('',#8283,#1731);
#1275=LINE('',#8286,#1732);
#1276=LINE('',#8288,#1733);
#1277=LINE('',#8292,#1734);
#1278=VECTOR('',#4715,10.);
#1279=VECTOR('',#4716,10.);
#1280=VECTOR('',#4717,10.);
#1281=VECTOR('',#4718,10.);
#1282=VECTOR('',#4721,10.);
#1283=VECTOR('',#4722,10.);
#1284=VECTOR('',#4723,10.);
#1285=VECTOR('',#4726,10.);
#1286=VECTOR('',#4727,10.);
#1287=VECTOR('',#4728,10.);
#1288=VECTOR('',#4731,10.);
#1289=VECTOR('',#4732,10.);
#1290=VECTOR('',#4735,10.);
#1291=VECTOR('',#4736,10.);
#1292=VECTOR('',#4737,10.);
#1293=VECTOR('',#4738,10.);
#1294=VECTOR('',#4739,10.);
#1295=VECTOR('',#4740,10.);
#1296=VECTOR('',#4741,10.);
#1297=VECTOR('',#4742,10.);
#1298=VECTOR('',#4743,10.);
#1299=VECTOR('',#4744,10.);
#1300=VECTOR('',#4745,10.);
#1301=VECTOR('',#4746,10.);
#1302=VECTOR('',#4747,10.);
#1303=VECTOR('',#4748,10.);
#1304=VECTOR('',#4749,10.);
#1305=VECTOR('',#4752,10.);
#1306=VECTOR('',#4753,10.);
#1307=VECTOR('',#4754,10.);
#1308=VECTOR('',#4755,10.);
#1309=VECTOR('',#4756,10.);
#1310=VECTOR('',#4757,10.);
#1311=VECTOR('',#4758,10.);
#1312=VECTOR('',#4759,10.);
#1313=VECTOR('',#4760,10.);
#1314=VECTOR('',#4761,10.);
#1315=VECTOR('',#4762,10.);
#1316=VECTOR('',#4763,10.);
#1317=VECTOR('',#4764,10.);
#1318=VECTOR('',#4765,10.);
#1319=VECTOR('',#4766,10.);
#1320=VECTOR('',#4767,10.);
#1321=VECTOR('',#4768,10.);
#1322=VECTOR('',#4769,10.);
#1323=VECTOR('',#4770,10.);
#1324=VECTOR('',#4771,10.);
#1325=VECTOR('',#4772,10.);
#1326=VECTOR('',#4775,10.);
#1327=VECTOR('',#4776,10.);
#1328=VECTOR('',#4777,10.);
#1329=VECTOR('',#4782,10.);
#1330=VECTOR('',#4783,10.);
#1331=VECTOR('',#4784,10.);
#1332=VECTOR('',#4785,10.);
#1333=VECTOR('',#4788,10.);
#1334=VECTOR('',#4789,10.);
#1335=VECTOR('',#4790,10.);
#1336=VECTOR('',#4793,10.);
#1337=VECTOR('',#4794,10.);
#1338=VECTOR('',#4795,10.);
#1339=VECTOR('',#4798,10.);
#1340=VECTOR('',#4799,10.);
#1341=VECTOR('',#4804,10.);
#1342=VECTOR('',#4805,10.);
#1343=VECTOR('',#4806,10.);
#1344=VECTOR('',#4807,10.);
#1345=VECTOR('',#4810,10.);
#1346=VECTOR('',#4811,10.);
#1347=VECTOR('',#4812,10.);
#1348=VECTOR('',#4815,10.);
#1349=VECTOR('',#4816,10.);
#1350=VECTOR('',#4817,10.);
#1351=VECTOR('',#4820,10.);
#1352=VECTOR('',#4821,10.);
#1353=VECTOR('',#4824,10.);
#1354=VECTOR('',#4825,10.);
#1355=VECTOR('',#4826,10.);
#1356=VECTOR('',#4827,10.);
#1357=VECTOR('',#4828,10.);
#1358=VECTOR('',#4829,10.);
#1359=VECTOR('',#4830,10.);
#1360=VECTOR('',#4831,10.);
#1361=VECTOR('',#4832,10.);
#1362=VECTOR('',#4833,10.);
#1363=VECTOR('',#4834,10.);
#1364=VECTOR('',#4835,10.);
#1365=VECTOR('',#4836,10.);
#1366=VECTOR('',#4837,10.);
#1367=VECTOR('',#4838,10.);
#1368=VECTOR('',#4841,10.);
#1369=VECTOR('',#4842,10.);
#1370=VECTOR('',#4843,10.);
#1371=VECTOR('',#4844,10.);
#1372=VECTOR('',#4845,10.);
#1373=VECTOR('',#4846,10.);
#1374=VECTOR('',#4847,10.);
#1375=VECTOR('',#4848,10.);
#1376=VECTOR('',#4849,10.);
#1377=VECTOR('',#4850,10.);
#1378=VECTOR('',#4851,10.);
#1379=VECTOR('',#4852,10.);
#1380=VECTOR('',#4853,10.);
#1381=VECTOR('',#4854,10.);
#1382=VECTOR('',#4855,10.);
#1383=VECTOR('',#4856,10.);
#1384=VECTOR('',#4857,10.);
#1385=VECTOR('',#4858,10.);
#1386=VECTOR('',#4859,10.);
#1387=VECTOR('',#4860,10.);
#1388=VECTOR('',#4861,10.);
#1389=VECTOR('',#4864,10.);
#1390=VECTOR('',#4865,10.);
#1391=VECTOR('',#4866,10.);
#1392=VECTOR('',#4871,10.);
#1393=VECTOR('',#4872,10.);
#1394=VECTOR('',#4873,10.);
#1395=VECTOR('',#4874,10.);
#1396=VECTOR('',#4877,10.);
#1397=VECTOR('',#4878,10.);
#1398=VECTOR('',#4879,10.);
#1399=VECTOR('',#4882,10.);
#1400=VECTOR('',#4883,10.);
#1401=VECTOR('',#4884,10.);
#1402=VECTOR('',#4887,10.);
#1403=VECTOR('',#4888,10.);
#1404=VECTOR('',#4893,10.);
#1405=VECTOR('',#4894,10.);
#1406=VECTOR('',#4895,10.);
#1407=VECTOR('',#4896,10.);
#1408=VECTOR('',#4897,10.);
#1409=VECTOR('',#4898,10.);
#1410=VECTOR('',#4901,10.);
#1411=VECTOR('',#4902,10.);
#1412=VECTOR('',#4903,10.);
#1413=VECTOR('',#4906,10.);
#1414=VECTOR('',#4907,10.);
#1415=VECTOR('',#4908,10.);
#1416=VECTOR('',#4911,10.);
#1417=VECTOR('',#4912,10.);
#1418=VECTOR('',#4913,10.);
#1419=VECTOR('',#4916,10.);
#1420=VECTOR('',#4917,10.);
#1421=VECTOR('',#4918,10.);
#1422=VECTOR('',#4921,10.);
#1423=VECTOR('',#4922,10.);
#1424=VECTOR('',#4923,10.);
#1425=VECTOR('',#4926,10.);
#1426=VECTOR('',#4927,10.);
#1427=VECTOR('',#4928,10.);
#1428=VECTOR('',#4929,10.);
#1429=VECTOR('',#4930,10.);
#1430=VECTOR('',#4933,10.);
#1431=VECTOR('',#4934,10.);
#1432=VECTOR('',#4935,10.);
#1433=VECTOR('',#4938,10.);
#1434=VECTOR('',#4939,10.);
#1435=VECTOR('',#4940,10.);
#1436=VECTOR('',#4943,10.);
#1437=VECTOR('',#4944,10.);
#1438=VECTOR('',#4945,10.);
#1439=VECTOR('',#4948,10.);
#1440=VECTOR('',#4949,10.);
#1441=VECTOR('',#4950,10.);
#1442=VECTOR('',#4953,10.);
#1443=VECTOR('',#4954,10.);
#1444=VECTOR('',#4957,10.);
#1445=VECTOR('',#4958,10.);
#1446=VECTOR('',#4959,10.);
#1447=VECTOR('',#4962,10.);
#1448=VECTOR('',#4963,10.);
#1449=VECTOR('',#4964,10.);
#1450=VECTOR('',#4967,10.);
#1451=VECTOR('',#4968,10.);
#1452=VECTOR('',#4969,10.);
#1453=VECTOR('',#4972,10.);
#1454=VECTOR('',#4973,10.);
#1455=VECTOR('',#4976,10.);
#1456=VECTOR('',#4977,10.);
#1457=VECTOR('',#4978,10.);
#1458=VECTOR('',#4979,10.);
#1459=VECTOR('',#4982,10.);
#1460=VECTOR('',#4983,10.);
#1461=VECTOR('',#4984,10.);
#1462=VECTOR('',#4987,10.);
#1463=VECTOR('',#4988,10.);
#1464=VECTOR('',#4989,10.);
#1465=VECTOR('',#4992,10.);
#1466=VECTOR('',#4993,10.);
#1467=VECTOR('',#4994,10.);
#1468=VECTOR('',#4997,10.);
#1469=VECTOR('',#4998,10.);
#1470=VECTOR('',#4999,10.);
#1471=VECTOR('',#5002,10.);
#1472=VECTOR('',#5003,10.);
#1473=VECTOR('',#5004,10.);
#1474=VECTOR('',#5007,10.);
#1475=VECTOR('',#5008,10.);
#1476=VECTOR('',#5009,10.);
#1477=VECTOR('',#5012,10.);
#1478=VECTOR('',#5013,10.);
#1479=VECTOR('',#5018,10.);
#1480=VECTOR('',#5019,10.);
#1481=VECTOR('',#5020,10.);
#1482=VECTOR('',#5021,10.);
#1483=VECTOR('',#5022,10.);
#1484=VECTOR('',#5023,10.);
#1485=VECTOR('',#5026,10.);
#1486=VECTOR('',#5027,10.);
#1487=VECTOR('',#5028,10.);
#1488=VECTOR('',#5031,10.);
#1489=VECTOR('',#5032,10.);
#1490=VECTOR('',#5033,10.);
#1491=VECTOR('',#5036,10.);
#1492=VECTOR('',#5037,10.);
#1493=VECTOR('',#5038,10.);
#1494=VECTOR('',#5041,10.);
#1495=VECTOR('',#5042,10.);
#1496=VECTOR('',#5043,10.);
#1497=VECTOR('',#5046,10.);
#1498=VECTOR('',#5047,10.);
#1499=VECTOR('',#5048,10.);
#1500=VECTOR('',#5051,10.);
#1501=VECTOR('',#5052,10.);
#1502=VECTOR('',#5053,10.);
#1503=VECTOR('',#5054,10.);
#1504=VECTOR('',#5055,10.);
#1505=VECTOR('',#5058,10.);
#1506=VECTOR('',#5059,10.);
#1507=VECTOR('',#5060,10.);
#1508=VECTOR('',#5063,10.);
#1509=VECTOR('',#5064,10.);
#1510=VECTOR('',#5065,10.);
#1511=VECTOR('',#5068,10.);
#1512=VECTOR('',#5069,10.);
#1513=VECTOR('',#5070,10.);
#1514=VECTOR('',#5073,10.);
#1515=VECTOR('',#5074,10.);
#1516=VECTOR('',#5075,10.);
#1517=VECTOR('',#5078,10.);
#1518=VECTOR('',#5079,10.);
#1519=VECTOR('',#5084,10.);
#1520=VECTOR('',#5085,10.);
#1521=VECTOR('',#5086,10.);
#1522=VECTOR('',#5087,10.);
#1523=VECTOR('',#5088,10.);
#1524=VECTOR('',#5089,10.);
#1525=VECTOR('',#5092,10.);
#1526=VECTOR('',#5093,10.);
#1527=VECTOR('',#5094,10.);
#1528=VECTOR('',#5097,10.);
#1529=VECTOR('',#5098,10.);
#1530=VECTOR('',#5099,10.);
#1531=VECTOR('',#5102,10.);
#1532=VECTOR('',#5103,10.);
#1533=VECTOR('',#5104,10.);
#1534=VECTOR('',#5107,10.);
#1535=VECTOR('',#5108,10.);
#1536=VECTOR('',#5109,10.);
#1537=VECTOR('',#5112,10.);
#1538=VECTOR('',#5113,10.);
#1539=VECTOR('',#5114,10.);
#1540=VECTOR('',#5117,10.);
#1541=VECTOR('',#5118,10.);
#1542=VECTOR('',#5119,10.);
#1543=VECTOR('',#5120,10.);
#1544=VECTOR('',#5121,10.);
#1545=VECTOR('',#5124,10.);
#1546=VECTOR('',#5125,10.);
#1547=VECTOR('',#5126,10.);
#1548=VECTOR('',#5129,10.);
#1549=VECTOR('',#5130,10.);
#1550=VECTOR('',#5131,10.);
#1551=VECTOR('',#5134,10.);
#1552=VECTOR('',#5135,10.);
#1553=VECTOR('',#5136,10.);
#1554=VECTOR('',#5139,10.);
#1555=VECTOR('',#5140,10.);
#1556=VECTOR('',#5141,10.);
#1557=VECTOR('',#5144,10.);
#1558=VECTOR('',#5145,10.);
#1559=VECTOR('',#5148,10.);
#1560=VECTOR('',#5149,10.);
#1561=VECTOR('',#5150,10.);
#1562=VECTOR('',#5153,10.);
#1563=VECTOR('',#5154,10.);
#1564=VECTOR('',#5155,10.);
#1565=VECTOR('',#5158,10.);
#1566=VECTOR('',#5159,10.);
#1567=VECTOR('',#5160,10.);
#1568=VECTOR('',#5163,10.);
#1569=VECTOR('',#5164,10.);
#1570=VECTOR('',#5167,10.);
#1571=VECTOR('',#5168,10.);
#1572=VECTOR('',#5169,10.);
#1573=VECTOR('',#5170,10.);
#1574=VECTOR('',#5173,10.);
#1575=VECTOR('',#5174,10.);
#1576=VECTOR('',#5175,10.);
#1577=VECTOR('',#5178,10.);
#1578=VECTOR('',#5179,10.);
#1579=VECTOR('',#5180,10.);
#1580=VECTOR('',#5183,10.);
#1581=VECTOR('',#5184,10.);
#1582=VECTOR('',#5185,10.);
#1583=VECTOR('',#5188,10.);
#1584=VECTOR('',#5189,10.);
#1585=VECTOR('',#5190,10.);
#1586=VECTOR('',#5193,10.);
#1587=VECTOR('',#5194,10.);
#1588=VECTOR('',#5195,10.);
#1589=VECTOR('',#5198,10.);
#1590=VECTOR('',#5199,10.);
#1591=VECTOR('',#5200,10.);
#1592=VECTOR('',#5203,10.);
#1593=VECTOR('',#5204,10.);
#1594=VECTOR('',#5209,10.);
#1595=VECTOR('',#5210,10.);
#1596=VECTOR('',#5211,10.);
#1597=VECTOR('',#5212,10.);
#1598=VECTOR('',#5215,10.);
#1599=VECTOR('',#5216,10.);
#1600=VECTOR('',#5217,10.);
#1601=VECTOR('',#5220,10.);
#1602=VECTOR('',#5221,10.);
#1603=VECTOR('',#5222,10.);
#1604=VECTOR('',#5225,10.);
#1605=VECTOR('',#5226,10.);
#1606=VECTOR('',#5227,10.);
#1607=VECTOR('',#5228,10.);
#1608=VECTOR('',#5229,10.);
#1609=VECTOR('',#5232,10.);
#1610=VECTOR('',#5233,10.);
#1611=VECTOR('',#5234,10.);
#1612=VECTOR('',#5237,10.);
#1613=VECTOR('',#5238,10.);
#1614=VECTOR('',#5239,10.);
#1615=VECTOR('',#5242,10.);
#1616=VECTOR('',#5243,10.);
#1617=VECTOR('',#5244,10.);
#1618=VECTOR('',#5247,10.);
#1619=VECTOR('',#5248,10.);
#1620=VECTOR('',#5249,10.);
#1621=VECTOR('',#5252,10.);
#1622=VECTOR('',#5253,10.);
#1623=VECTOR('',#5262,10.);
#1624=VECTOR('',#5263,10.);
#1625=VECTOR('',#5264,10.);
#1626=VECTOR('',#5265,10.);
#1627=VECTOR('',#5268,10.);
#1628=VECTOR('',#5269,10.);
#1629=VECTOR('',#5270,10.);
#1630=VECTOR('',#5271,10.);
#1631=VECTOR('',#5274,10.);
#1632=VECTOR('',#5275,10.);
#1633=VECTOR('',#5276,10.);
#1634=VECTOR('',#5277,10.);
#1635=VECTOR('',#5278,10.);
#1636=VECTOR('',#5279,10.);
#1637=VECTOR('',#5280,10.);
#1638=VECTOR('',#5283,10.);
#1639=VECTOR('',#5284,10.);
#1640=VECTOR('',#5285,10.);
#1641=VECTOR('',#5286,10.);
#1642=VECTOR('',#5289,10.);
#1643=VECTOR('',#5290,10.);
#1644=VECTOR('',#5291,10.);
#1645=VECTOR('',#5294,10.);
#1646=VECTOR('',#5295,10.);
#1647=VECTOR('',#5296,10.);
#1648=VECTOR('',#5297,10.);
#1649=VECTOR('',#5298,10.);
#1650=VECTOR('',#5301,10.);
#1651=VECTOR('',#5304,10.);
#1652=VECTOR('',#5305,10.);
#1653=VECTOR('',#5308,10.);
#1654=VECTOR('',#5309,10.);
#1655=VECTOR('',#5312,10.);
#1656=VECTOR('',#5313,10.);
#1657=VECTOR('',#5316,10.);
#1658=VECTOR('',#5319,10.);
#1659=VECTOR('',#5320,10.);
#1660=VECTOR('',#5321,10.);
#1661=VECTOR('',#5324,10.);
#1662=VECTOR('',#5329,10.);
#1663=VECTOR('',#5330,10.);
#1664=VECTOR('',#5333,10.);
#1665=VECTOR('',#5336,10.);
#1666=VECTOR('',#5339,10.);
#1667=VECTOR('',#5340,10.);
#1668=VECTOR('',#5341,10.);
#1669=VECTOR('',#5344,10.);
#1670=VECTOR('',#5349,10.);
#1671=VECTOR('',#5354,10.);
#1672=VECTOR('',#5357,10.);
#1673=VECTOR('',#5360,10.);
#1674=VECTOR('',#5361,10.);
#1675=VECTOR('',#5362,10.);
#1676=VECTOR('',#5367,10.);
#1677=VECTOR('',#5370,10.);
#1678=VECTOR('',#5373,10.);
#1679=VECTOR('',#5374,10.);
#1680=VECTOR('',#5379,10.);
#1681=VECTOR('',#5382,10.);
#1682=VECTOR('',#5385,10.);
#1683=VECTOR('',#5386,10.);
#1684=VECTOR('',#5391,10.);
#1685=VECTOR('',#5396,10.);
#1686=VECTOR('',#5397,10.);
#1687=VECTOR('',#5402,10.);
#1688=VECTOR('',#5405,10.);
#1689=VECTOR('',#5408,10.);
#1690=VECTOR('',#5409,10.);
#1691=VECTOR('',#5410,10.);
#1692=VECTOR('',#5415,10.);
#1693=VECTOR('',#5418,10.);
#1694=VECTOR('',#5421,10.);
#1695=VECTOR('',#5422,10.);
#1696=VECTOR('',#5427,10.);
#1697=VECTOR('',#5432,10.);
#1698=VECTOR('',#5433,10.);
#1699=VECTOR('',#5434,10.);
#1700=VECTOR('',#5439,10.);
#1701=VECTOR('',#5444,10.);
#1702=VECTOR('',#5445,10.);
#1703=VECTOR('',#5448,10.);
#1704=VECTOR('',#5449,10.);
#1705=VECTOR('',#5450,10.);
#1706=VECTOR('',#5453,10.);
#1707=VECTOR('',#5454,10.);
#1708=VECTOR('',#5455,10.);
#1709=VECTOR('',#5456,10.);
#1710=VECTOR('',#5459,10.);
#1711=VECTOR('',#5460,10.);
#1712=VECTOR('',#5463,10.);
#1713=VECTOR('',#5464,10.);
#1714=VECTOR('',#5467,10.);
#1715=VECTOR('',#5468,10.);
#1716=VECTOR('',#5471,10.);
#1717=VECTOR('',#5478,10.);
#1718=VECTOR('',#5481,10.);
#1719=VECTOR('',#5482,10.);
#1720=VECTOR('',#5485,10.);
#1721=VECTOR('',#5488,10.);
#1722=VECTOR('',#5489,10.);
#1723=VECTOR('',#5496,10.);
#1724=VECTOR('',#5499,10.);
#1725=VECTOR('',#5500,10.);
#1726=VECTOR('',#5503,10.);
#1727=VECTOR('',#5504,10.);
#1728=VECTOR('',#5507,10.);
#1729=VECTOR('',#5512,10.);
#1730=VECTOR('',#5515,10.);
#1731=VECTOR('',#5516,10.);
#1732=VECTOR('',#5521,10.);
#1733=VECTOR('',#5524,10.);
#1734=VECTOR('',#5531,10.);
#1735=VERTEX_POINT('',#5538);
#1736=VERTEX_POINT('',#5539);
#1737=VERTEX_POINT('',#5541);
#1738=VERTEX_POINT('',#5543);
#1739=VERTEX_POINT('',#5547);
#1740=VERTEX_POINT('',#5549);
#1741=VERTEX_POINT('',#5553);
#1742=VERTEX_POINT('',#5555);
#1743=VERTEX_POINT('',#5572);
#1744=VERTEX_POINT('',#5573);
#1745=VERTEX_POINT('',#5579);
#1746=VERTEX_POINT('',#5581);
#1747=VERTEX_POINT('',#5598);
#1748=VERTEX_POINT('',#5604);
#1749=VERTEX_POINT('',#5621);
#1750=VERTEX_POINT('',#5627);
#1751=VERTEX_POINT('',#5644);
#1752=VERTEX_POINT('',#5650);
#1753=VERTEX_POINT('',#5667);
#1754=VERTEX_POINT('',#5673);
#1755=VERTEX_POINT('',#5690);
#1756=VERTEX_POINT('',#5696);
#1757=VERTEX_POINT('',#5713);
#1758=VERTEX_POINT('',#5719);
#1759=VERTEX_POINT('',#5736);
#1760=VERTEX_POINT('',#5742);
#1761=VERTEX_POINT('',#5759);
#1762=VERTEX_POINT('',#5765);
#1763=VERTEX_POINT('',#5782);
#1764=VERTEX_POINT('',#5788);
#1765=VERTEX_POINT('',#5805);
#1766=VERTEX_POINT('',#5811);
#1767=VERTEX_POINT('',#5828);
#1768=VERTEX_POINT('',#5834);
#1769=VERTEX_POINT('',#5851);
#1770=VERTEX_POINT('',#5857);
#1771=VERTEX_POINT('',#5874);
#1772=VERTEX_POINT('',#5880);
#1773=VERTEX_POINT('',#5888);
#1774=VERTEX_POINT('',#5890);
#1775=VERTEX_POINT('',#5903);
#1776=VERTEX_POINT('',#5909);
#1777=VERTEX_POINT('',#5926);
#1778=VERTEX_POINT('',#5932);
#1779=VERTEX_POINT('',#5949);
#1780=VERTEX_POINT('',#5955);
#1781=VERTEX_POINT('',#5972);
#1782=VERTEX_POINT('',#5978);
#1783=VERTEX_POINT('',#5995);
#1784=VERTEX_POINT('',#6001);
#1785=VERTEX_POINT('',#6018);
#1786=VERTEX_POINT('',#6024);
#1787=VERTEX_POINT('',#6041);
#1788=VERTEX_POINT('',#6047);
#1789=VERTEX_POINT('',#6064);
#1790=VERTEX_POINT('',#6070);
#1791=VERTEX_POINT('',#6087);
#1792=VERTEX_POINT('',#6093);
#1793=VERTEX_POINT('',#6110);
#1794=VERTEX_POINT('',#6116);
#1795=VERTEX_POINT('',#6133);
#1796=VERTEX_POINT('',#6139);
#1797=VERTEX_POINT('',#6156);
#1798=VERTEX_POINT('',#6162);
#1799=VERTEX_POINT('',#6179);
#1800=VERTEX_POINT('',#6185);
#1801=VERTEX_POINT('',#6202);
#1802=VERTEX_POINT('',#6208);
#1803=VERTEX_POINT('',#6225);
#1804=VERTEX_POINT('',#6231);
#1805=VERTEX_POINT('',#6248);
#1806=VERTEX_POINT('',#6254);
#1807=VERTEX_POINT('',#6271);
#1808=VERTEX_POINT('',#6277);
#1809=VERTEX_POINT('',#6294);
#1810=VERTEX_POINT('',#6300);
#1811=VERTEX_POINT('',#6308);
#1812=VERTEX_POINT('',#6310);
#1813=VERTEX_POINT('',#6335);
#1814=VERTEX_POINT('',#6336);
#1815=VERTEX_POINT('',#6338);
#1816=VERTEX_POINT('',#6340);
#1817=VERTEX_POINT('',#6344);
#1818=VERTEX_POINT('',#6346);
#1819=VERTEX_POINT('',#6350);
#1820=VERTEX_POINT('',#6352);
#1821=VERTEX_POINT('',#6360);
#1822=VERTEX_POINT('',#6361);
#1823=VERTEX_POINT('',#6363);
#1824=VERTEX_POINT('',#6365);
#1825=VERTEX_POINT('',#6369);
#1826=VERTEX_POINT('',#6371);
#1827=VERTEX_POINT('',#6375);
#1828=VERTEX_POINT('',#6377);
#1829=VERTEX_POINT('',#6394);
#1830=VERTEX_POINT('',#6395);
#1831=VERTEX_POINT('',#6401);
#1832=VERTEX_POINT('',#6403);
#1833=VERTEX_POINT('',#6420);
#1834=VERTEX_POINT('',#6426);
#1835=VERTEX_POINT('',#6443);
#1836=VERTEX_POINT('',#6449);
#1837=VERTEX_POINT('',#6466);
#1838=VERTEX_POINT('',#6472);
#1839=VERTEX_POINT('',#6489);
#1840=VERTEX_POINT('',#6495);
#1841=VERTEX_POINT('',#6512);
#1842=VERTEX_POINT('',#6518);
#1843=VERTEX_POINT('',#6535);
#1844=VERTEX_POINT('',#6541);
#1845=VERTEX_POINT('',#6558);
#1846=VERTEX_POINT('',#6564);
#1847=VERTEX_POINT('',#6581);
#1848=VERTEX_POINT('',#6587);
#1849=VERTEX_POINT('',#6604);
#1850=VERTEX_POINT('',#6610);
#1851=VERTEX_POINT('',#6627);
#1852=VERTEX_POINT('',#6633);
#1853=VERTEX_POINT('',#6650);
#1854=VERTEX_POINT('',#6656);
#1855=VERTEX_POINT('',#6673);
#1856=VERTEX_POINT('',#6679);
#1857=VERTEX_POINT('',#6696);
#1858=VERTEX_POINT('',#6702);
#1859=VERTEX_POINT('',#6710);
#1860=VERTEX_POINT('',#6712);
#1861=VERTEX_POINT('',#6725);
#1862=VERTEX_POINT('',#6731);
#1863=VERTEX_POINT('',#6748);
#1864=VERTEX_POINT('',#6754);
#1865=VERTEX_POINT('',#6771);
#1866=VERTEX_POINT('',#6777);
#1867=VERTEX_POINT('',#6794);
#1868=VERTEX_POINT('',#6800);
#1869=VERTEX_POINT('',#6817);
#1870=VERTEX_POINT('',#6823);
#1871=VERTEX_POINT('',#6840);
#1872=VERTEX_POINT('',#6846);
#1873=VERTEX_POINT('',#6863);
#1874=VERTEX_POINT('',#6869);
#1875=VERTEX_POINT('',#6886);
#1876=VERTEX_POINT('',#6892);
#1877=VERTEX_POINT('',#6909);
#1878=VERTEX_POINT('',#6915);
#1879=VERTEX_POINT('',#6932);
#1880=VERTEX_POINT('',#6938);
#1881=VERTEX_POINT('',#6955);
#1882=VERTEX_POINT('',#6961);
#1883=VERTEX_POINT('',#6978);
#1884=VERTEX_POINT('',#6984);
#1885=VERTEX_POINT('',#7001);
#1886=VERTEX_POINT('',#7007);
#1887=VERTEX_POINT('',#7024);
#1888=VERTEX_POINT('',#7030);
#1889=VERTEX_POINT('',#7047);
#1890=VERTEX_POINT('',#7053);
#1891=VERTEX_POINT('',#7070);
#1892=VERTEX_POINT('',#7076);
#1893=VERTEX_POINT('',#7093);
#1894=VERTEX_POINT('',#7099);
#1895=VERTEX_POINT('',#7116);
#1896=VERTEX_POINT('',#7122);
#1897=VERTEX_POINT('',#7130);
#1898=VERTEX_POINT('',#7132);
#1899=VERTEX_POINT('',#7157);
#1900=VERTEX_POINT('',#7158);
#1901=VERTEX_POINT('',#7160);
#1902=VERTEX_POINT('',#7162);
#1903=VERTEX_POINT('',#7166);
#1904=VERTEX_POINT('',#7168);
#1905=VERTEX_POINT('',#7172);
#1906=VERTEX_POINT('',#7174);
#1907=VERTEX_POINT('',#7182);
#1908=VERTEX_POINT('',#7183);
#1909=VERTEX_POINT('',#7185);
#1910=VERTEX_POINT('',#7187);
#1911=VERTEX_POINT('',#7200);
#1912=VERTEX_POINT('',#7206);
#1913=VERTEX_POINT('',#7223);
#1914=VERTEX_POINT('',#7229);
#1915=VERTEX_POINT('',#7237);
#1916=VERTEX_POINT('',#7239);
#1917=VERTEX_POINT('',#7243);
#1918=VERTEX_POINT('',#7245);
#1919=VERTEX_POINT('',#7249);
#1920=VERTEX_POINT('',#7251);
#1921=VERTEX_POINT('',#7255);
#1922=VERTEX_POINT('',#7257);
#1923=VERTEX_POINT('',#7261);
#1924=VERTEX_POINT('',#7263);
#1925=VERTEX_POINT('',#7267);
#1926=VERTEX_POINT('',#7269);
#1927=VERTEX_POINT('',#7282);
#1928=VERTEX_POINT('',#7288);
#1929=VERTEX_POINT('',#7305);
#1930=VERTEX_POINT('',#7311);
#1931=VERTEX_POINT('',#7319);
#1932=VERTEX_POINT('',#7321);
#1933=VERTEX_POINT('',#7325);
#1934=VERTEX_POINT('',#7327);
#1935=VERTEX_POINT('',#7331);
#1936=VERTEX_POINT('',#7333);
#1937=VERTEX_POINT('',#7337);
#1938=VERTEX_POINT('',#7339);
#1939=VERTEX_POINT('',#7356);
#1940=VERTEX_POINT('',#7357);
#1941=VERTEX_POINT('',#7363);
#1942=VERTEX_POINT('',#7365);
#1943=VERTEX_POINT('',#7382);
#1944=VERTEX_POINT('',#7388);
#1945=VERTEX_POINT('',#7396);
#1946=VERTEX_POINT('',#7398);
#1947=VERTEX_POINT('',#7402);
#1948=VERTEX_POINT('',#7404);
#1949=VERTEX_POINT('',#7411);
#1950=VERTEX_POINT('',#7412);
#1951=VERTEX_POINT('',#7414);
#1952=VERTEX_POINT('',#7416);
#1953=VERTEX_POINT('',#7420);
#1954=VERTEX_POINT('',#7422);
#1955=VERTEX_POINT('',#7426);
#1956=VERTEX_POINT('',#7428);
#1957=VERTEX_POINT('',#7432);
#1958=VERTEX_POINT('',#7434);
#1959=VERTEX_POINT('',#7438);
#1960=VERTEX_POINT('',#7440);
#1961=VERTEX_POINT('',#7444);
#1962=VERTEX_POINT('',#7446);
#1963=VERTEX_POINT('',#7450);
#1964=VERTEX_POINT('',#7452);
#1965=VERTEX_POINT('',#7460);
#1966=VERTEX_POINT('',#7461);
#1967=VERTEX_POINT('',#7463);
#1968=VERTEX_POINT('',#7465);
#1969=VERTEX_POINT('',#7478);
#1970=VERTEX_POINT('',#7484);
#1971=VERTEX_POINT('',#7501);
#1972=VERTEX_POINT('',#7507);
#1973=VERTEX_POINT('',#7515);
#1974=VERTEX_POINT('',#7517);
#1975=VERTEX_POINT('',#7521);
#1976=VERTEX_POINT('',#7523);
#1977=VERTEX_POINT('',#7527);
#1978=VERTEX_POINT('',#7529);
#1979=VERTEX_POINT('',#7533);
#1980=VERTEX_POINT('',#7535);
#1981=VERTEX_POINT('',#7539);
#1982=VERTEX_POINT('',#7541);
#1983=VERTEX_POINT('',#7545);
#1984=VERTEX_POINT('',#7547);
#1985=VERTEX_POINT('',#7560);
#1986=VERTEX_POINT('',#7566);
#1987=VERTEX_POINT('',#7583);
#1988=VERTEX_POINT('',#7589);
#1989=VERTEX_POINT('',#7597);
#1990=VERTEX_POINT('',#7599);
#1991=VERTEX_POINT('',#7603);
#1992=VERTEX_POINT('',#7605);
#1993=VERTEX_POINT('',#7609);
#1994=VERTEX_POINT('',#7611);
#1995=VERTEX_POINT('',#7615);
#1996=VERTEX_POINT('',#7617);
#1997=VERTEX_POINT('',#7625);
#1998=VERTEX_POINT('',#7626);
#1999=VERTEX_POINT('',#7628);
#2000=VERTEX_POINT('',#7630);
#2001=VERTEX_POINT('',#7643);
#2002=VERTEX_POINT('',#7649);
#2003=VERTEX_POINT('',#7666);
#2004=VERTEX_POINT('',#7672);
#2005=VERTEX_POINT('',#7680);
#2006=VERTEX_POINT('',#7682);
#2007=VERTEX_POINT('',#7686);
#2008=VERTEX_POINT('',#7688);
#2009=VERTEX_POINT('',#7692);
#2010=VERTEX_POINT('',#7694);
#2011=VERTEX_POINT('',#7698);
#2012=VERTEX_POINT('',#7700);
#2013=VERTEX_POINT('',#7704);
#2014=VERTEX_POINT('',#7706);
#2015=VERTEX_POINT('',#7710);
#2016=VERTEX_POINT('',#7712);
#2017=VERTEX_POINT('',#7725);
#2018=VERTEX_POINT('',#7731);
#2019=VERTEX_POINT('',#7748);
#2020=VERTEX_POINT('',#7754);
#2021=VERTEX_POINT('',#7762);
#2022=VERTEX_POINT('',#7764);
#2023=VERTEX_POINT('',#7768);
#2024=VERTEX_POINT('',#7770);
#2025=VERTEX_POINT('',#7774);
#2026=VERTEX_POINT('',#7776);
#2027=VERTEX_POINT('',#7780);
#2028=VERTEX_POINT('',#7782);
#2029=VERTEX_POINT('',#7799);
#2030=VERTEX_POINT('',#7800);
#2031=VERTEX_POINT('',#7806);
#2032=VERTEX_POINT('',#7808);
#2033=VERTEX_POINT('',#7825);
#2034=VERTEX_POINT('',#7831);
#2035=VERTEX_POINT('',#7839);
#2036=VERTEX_POINT('',#7841);
#2037=VERTEX_POINT('',#7845);
#2038=VERTEX_POINT('',#7847);
#2039=VERTEX_POINT('',#7854);
#2040=VERTEX_POINT('',#7855);
#2041=VERTEX_POINT('',#7857);
#2042=VERTEX_POINT('',#7859);
#2043=VERTEX_POINT('',#7863);
#2044=VERTEX_POINT('',#7865);
#2045=VERTEX_POINT('',#7869);
#2046=VERTEX_POINT('',#7871);
#2047=VERTEX_POINT('',#7875);
#2048=VERTEX_POINT('',#7877);
#2049=VERTEX_POINT('',#7881);
#2050=VERTEX_POINT('',#7883);
#2051=VERTEX_POINT('',#7887);
#2052=VERTEX_POINT('',#7889);
#2053=VERTEX_POINT('',#7893);
#2054=VERTEX_POINT('',#7895);
#2055=VERTEX_POINT('',#7903);
#2056=VERTEX_POINT('',#7904);
#2057=VERTEX_POINT('',#7906);
#2058=VERTEX_POINT('',#7908);
#2059=VERTEX_POINT('',#7912);
#2060=VERTEX_POINT('',#7914);
#2061=VERTEX_POINT('',#7918);
#2062=VERTEX_POINT('',#7920);
#2063=VERTEX_POINT('',#7924);
#2064=VERTEX_POINT('',#7926);
#2065=VERTEX_POINT('',#7939);
#2066=VERTEX_POINT('',#7945);
#2067=VERTEX_POINT('',#7962);
#2068=VERTEX_POINT('',#7968);
#2069=VERTEX_POINT('',#7976);
#2070=VERTEX_POINT('',#7978);
#2071=VERTEX_POINT('',#7982);
#2072=VERTEX_POINT('',#7984);
#2073=VERTEX_POINT('',#7988);
#2074=VERTEX_POINT('',#7990);
#2075=VERTEX_POINT('',#7994);
#2076=VERTEX_POINT('',#7996);
#2077=VERTEX_POINT('',#8006);
#2078=VERTEX_POINT('',#8007);
#2079=VERTEX_POINT('',#8009);
#2080=VERTEX_POINT('',#8011);
#2081=VERTEX_POINT('',#8015);
#2082=VERTEX_POINT('',#8016);
#2083=VERTEX_POINT('',#8018);
#2084=VERTEX_POINT('',#8020);
#2085=VERTEX_POINT('',#8024);
#2086=VERTEX_POINT('',#8026);
#2087=VERTEX_POINT('',#8028);
#2088=VERTEX_POINT('',#8030);
#2089=VERTEX_POINT('',#8032);
#2090=VERTEX_POINT('',#8034);
#2091=VERTEX_POINT('',#8038);
#2092=VERTEX_POINT('',#8039);
#2093=VERTEX_POINT('',#8041);
#2094=VERTEX_POINT('',#8043);
#2095=VERTEX_POINT('',#8047);
#2096=VERTEX_POINT('',#8049);
#2097=VERTEX_POINT('',#8053);
#2098=VERTEX_POINT('',#8056);
#2099=VERTEX_POINT('',#8058);
#2100=VERTEX_POINT('',#8060);
#2101=VERTEX_POINT('',#8062);
#2102=VERTEX_POINT('',#8064);
#2103=VERTEX_POINT('',#8066);
#2104=VERTEX_POINT('',#8068);
#2105=VERTEX_POINT('',#8072);
#2106=VERTEX_POINT('',#8076);
#2107=VERTEX_POINT('',#8078);
#2108=VERTEX_POINT('',#8080);
#2109=VERTEX_POINT('',#8082);
#2110=VERTEX_POINT('',#8084);
#2111=VERTEX_POINT('',#8086);
#2112=VERTEX_POINT('',#8088);
#2113=VERTEX_POINT('',#8090);
#2114=VERTEX_POINT('',#8092);
#2115=VERTEX_POINT('',#8094);
#2116=VERTEX_POINT('',#8098);
#2117=VERTEX_POINT('',#8103);
#2118=VERTEX_POINT('',#8105);
#2119=VERTEX_POINT('',#8107);
#2120=VERTEX_POINT('',#8109);
#2121=VERTEX_POINT('',#8111);
#2122=VERTEX_POINT('',#8113);
#2123=VERTEX_POINT('',#8115);
#2124=VERTEX_POINT('',#8117);
#2125=VERTEX_POINT('',#8123);
#2126=VERTEX_POINT('',#8124);
#2127=VERTEX_POINT('',#8126);
#2128=VERTEX_POINT('',#8128);
#2129=VERTEX_POINT('',#8132);
#2130=VERTEX_POINT('',#8134);
#2131=VERTEX_POINT('',#8138);
#2132=VERTEX_POINT('',#8139);
#2133=VERTEX_POINT('',#8141);
#2134=VERTEX_POINT('',#8143);
#2135=VERTEX_POINT('',#8150);
#2136=VERTEX_POINT('',#8151);
#2137=VERTEX_POINT('',#8153);
#2138=VERTEX_POINT('',#8155);
#2139=VERTEX_POINT('',#8162);
#2140=VERTEX_POINT('',#8164);
#2141=VERTEX_POINT('',#8171);
#2142=VERTEX_POINT('',#8172);
#2143=VERTEX_POINT('',#8174);
#2144=VERTEX_POINT('',#8176);
#2145=VERTEX_POINT('',#8180);
#2146=VERTEX_POINT('',#8182);
#2147=VERTEX_POINT('',#8186);
#2148=VERTEX_POINT('',#8187);
#2149=VERTEX_POINT('',#8189);
#2150=VERTEX_POINT('',#8191);
#2151=VERTEX_POINT('',#8198);
#2152=VERTEX_POINT('',#8200);
#2153=VERTEX_POINT('',#8204);
#2154=VERTEX_POINT('',#8206);
#2155=VERTEX_POINT('',#8210);
#2156=VERTEX_POINT('',#8212);
#2157=VERTEX_POINT('',#8219);
#2158=VERTEX_POINT('',#8221);
#2159=VERTEX_POINT('',#8226);
#2160=VERTEX_POINT('',#8228);
#2161=VERTEX_POINT('',#8232);
#2162=VERTEX_POINT('',#8239);
#2163=VERTEX_POINT('',#8243);
#2164=VERTEX_POINT('',#8247);
#2165=VERTEX_POINT('',#8249);
#2166=VERTEX_POINT('',#8251);
#2167=VERTEX_POINT('',#8254);
#2168=VERTEX_POINT('',#8256);
#2169=VERTEX_POINT('',#8264);
#2170=VERTEX_POINT('',#8268);
#2171=VERTEX_POINT('',#8277);
#2172=VERTEX_POINT('',#8281);
#2173=EDGE_CURVE('',#1735,#1736,#821,.T.);
#2174=EDGE_CURVE('',#1735,#1737,#822,.T.);
#2175=EDGE_CURVE('',#1737,#1738,#823,.T.);
#2176=EDGE_CURVE('',#1736,#1738,#824,.T.);
#2177=EDGE_CURVE('',#1739,#1735,#825,.T.);
#2178=EDGE_CURVE('',#1739,#1740,#826,.T.);
#2179=EDGE_CURVE('',#1740,#1737,#827,.T.);
#2180=EDGE_CURVE('',#1741,#1739,#828,.T.);
#2181=EDGE_CURVE('',#1741,#1742,#829,.T.);
#2182=EDGE_CURVE('',#1742,#1740,#830,.T.);
#2183=EDGE_CURVE('',#1736,#1741,#831,.T.);
#2184=EDGE_CURVE('',#1738,#1742,#832,.T.);
#2185=EDGE_CURVE('',#1743,#1744,#81,.T.);
#2186=EDGE_CURVE('',#1743,#1745,#833,.T.);
#2187=EDGE_CURVE('',#1745,#1746,#82,.T.);
#2188=EDGE_CURVE('',#1744,#1746,#834,.T.);
#2189=EDGE_CURVE('',#1747,#1743,#83,.T.);
#2190=EDGE_CURVE('',#1747,#1748,#835,.T.);
#2191=EDGE_CURVE('',#1748,#1745,#84,.T.);
#2192=EDGE_CURVE('',#1749,#1747,#85,.T.);
#2193=EDGE_CURVE('',#1749,#1750,#836,.T.);
#2194=EDGE_CURVE('',#1750,#1748,#86,.T.);
#2195=EDGE_CURVE('',#1751,#1749,#87,.T.);
#2196=EDGE_CURVE('',#1751,#1752,#837,.T.);
#2197=EDGE_CURVE('',#1752,#1750,#88,.T.);
#2198=EDGE_CURVE('',#1753,#1751,#89,.T.);
#2199=EDGE_CURVE('',#1753,#1754,#838,.T.);
#2200=EDGE_CURVE('',#1754,#1752,#90,.T.);
#2201=EDGE_CURVE('',#1755,#1753,#91,.T.);
#2202=EDGE_CURVE('',#1755,#1756,#839,.T.);
#2203=EDGE_CURVE('',#1756,#1754,#92,.T.);
#2204=EDGE_CURVE('',#1757,#1755,#93,.T.);
#2205=EDGE_CURVE('',#1757,#1758,#840,.T.);
#2206=EDGE_CURVE('',#1758,#1756,#94,.T.);
#2207=EDGE_CURVE('',#1759,#1757,#95,.T.);
#2208=EDGE_CURVE('',#1759,#1760,#841,.T.);
#2209=EDGE_CURVE('',#1760,#1758,#96,.T.);
#2210=EDGE_CURVE('',#1761,#1759,#97,.T.);
#2211=EDGE_CURVE('',#1761,#1762,#842,.T.);
#2212=EDGE_CURVE('',#1762,#1760,#98,.T.);
#2213=EDGE_CURVE('',#1763,#1761,#99,.T.);
#2214=EDGE_CURVE('',#1763,#1764,#843,.T.);
#2215=EDGE_CURVE('',#1764,#1762,#100,.T.);
#2216=EDGE_CURVE('',#1765,#1763,#101,.T.);
#2217=EDGE_CURVE('',#1765,#1766,#844,.T.);
#2218=EDGE_CURVE('',#1766,#1764,#102,.T.);
#2219=EDGE_CURVE('',#1767,#1765,#103,.T.);
#2220=EDGE_CURVE('',#1767,#1768,#845,.T.);
#2221=EDGE_CURVE('',#1768,#1766,#104,.T.);
#2222=EDGE_CURVE('',#1769,#1767,#105,.T.);
#2223=EDGE_CURVE('',#1769,#1770,#846,.T.);
#2224=EDGE_CURVE('',#1770,#1768,#106,.T.);
#2225=EDGE_CURVE('',#1771,#1769,#107,.T.);
#2226=EDGE_CURVE('',#1771,#1772,#847,.T.);
#2227=EDGE_CURVE('',#1772,#1770,#108,.T.);
#2228=EDGE_CURVE('',#1773,#1771,#848,.T.);
#2229=EDGE_CURVE('',#1773,#1774,#849,.T.);
#2230=EDGE_CURVE('',#1774,#1772,#850,.T.);
#2231=EDGE_CURVE('',#1775,#1773,#109,.T.);
#2232=EDGE_CURVE('',#1775,#1776,#851,.T.);
#2233=EDGE_CURVE('',#1776,#1774,#110,.T.);
#2234=EDGE_CURVE('',#1777,#1775,#111,.T.);
#2235=EDGE_CURVE('',#1777,#1778,#852,.T.);
#2236=EDGE_CURVE('',#1778,#1776,#112,.T.);
#2237=EDGE_CURVE('',#1779,#1777,#113,.T.);
#2238=EDGE_CURVE('',#1779,#1780,#853,.T.);
#2239=EDGE_CURVE('',#1780,#1778,#114,.T.);
#2240=EDGE_CURVE('',#1781,#1779,#115,.T.);
#2241=EDGE_CURVE('',#1781,#1782,#854,.T.);
#2242=EDGE_CURVE('',#1782,#1780,#116,.T.);
#2243=EDGE_CURVE('',#1783,#1781,#117,.T.);
#2244=EDGE_CURVE('',#1783,#1784,#855,.T.);
#2245=EDGE_CURVE('',#1784,#1782,#118,.T.);
#2246=EDGE_CURVE('',#1785,#1783,#119,.T.);
#2247=EDGE_CURVE('',#1785,#1786,#856,.T.);
#2248=EDGE_CURVE('',#1786,#1784,#120,.T.);
#2249=EDGE_CURVE('',#1787,#1785,#121,.T.);
#2250=EDGE_CURVE('',#1787,#1788,#857,.T.);
#2251=EDGE_CURVE('',#1788,#1786,#122,.T.);
#2252=EDGE_CURVE('',#1789,#1787,#123,.T.);
#2253=EDGE_CURVE('',#1789,#1790,#858,.T.);
#2254=EDGE_CURVE('',#1790,#1788,#124,.T.);
#2255=EDGE_CURVE('',#1791,#1789,#125,.T.);
#2256=EDGE_CURVE('',#1791,#1792,#859,.T.);
#2257=EDGE_CURVE('',#1792,#1790,#126,.T.);
#2258=EDGE_CURVE('',#1793,#1791,#127,.T.);
#2259=EDGE_CURVE('',#1793,#1794,#860,.T.);
#2260=EDGE_CURVE('',#1794,#1792,#128,.T.);
#2261=EDGE_CURVE('',#1795,#1793,#129,.T.);
#2262=EDGE_CURVE('',#1795,#1796,#861,.T.);
#2263=EDGE_CURVE('',#1796,#1794,#130,.T.);
#2264=EDGE_CURVE('',#1797,#1795,#131,.T.);
#2265=EDGE_CURVE('',#1797,#1798,#862,.T.);
#2266=EDGE_CURVE('',#1798,#1796,#132,.T.);
#2267=EDGE_CURVE('',#1799,#1797,#133,.T.);
#2268=EDGE_CURVE('',#1799,#1800,#863,.T.);
#2269=EDGE_CURVE('',#1800,#1798,#134,.T.);
#2270=EDGE_CURVE('',#1801,#1799,#135,.T.);
#2271=EDGE_CURVE('',#1801,#1802,#864,.T.);
#2272=EDGE_CURVE('',#1802,#1800,#136,.T.);
#2273=EDGE_CURVE('',#1803,#1801,#137,.T.);
#2274=EDGE_CURVE('',#1803,#1804,#865,.T.);
#2275=EDGE_CURVE('',#1804,#1802,#138,.T.);
#2276=EDGE_CURVE('',#1805,#1803,#139,.T.);
#2277=EDGE_CURVE('',#1805,#1806,#866,.T.);
#2278=EDGE_CURVE('',#1806,#1804,#140,.T.);
#2279=EDGE_CURVE('',#1807,#1805,#141,.T.);
#2280=EDGE_CURVE('',#1807,#1808,#867,.T.);
#2281=EDGE_CURVE('',#1808,#1806,#142,.T.);
#2282=EDGE_CURVE('',#1809,#1807,#143,.T.);
#2283=EDGE_CURVE('',#1809,#1810,#868,.T.);
#2284=EDGE_CURVE('',#1810,#1808,#144,.T.);
#2285=EDGE_CURVE('',#1811,#1809,#869,.T.);
#2286=EDGE_CURVE('',#1811,#1812,#870,.T.);
#2287=EDGE_CURVE('',#1812,#1810,#871,.T.);
#2288=EDGE_CURVE('',#1744,#1811,#145,.T.);
#2289=EDGE_CURVE('',#1746,#1812,#146,.T.);
#2290=EDGE_CURVE('',#1813,#1814,#872,.T.);
#2291=EDGE_CURVE('',#1813,#1815,#873,.T.);
#2292=EDGE_CURVE('',#1815,#1816,#874,.T.);
#2293=EDGE_CURVE('',#1814,#1816,#875,.T.);
#2294=EDGE_CURVE('',#1817,#1813,#876,.T.);
#2295=EDGE_CURVE('',#1817,#1818,#877,.T.);
#2296=EDGE_CURVE('',#1818,#1815,#878,.T.);
#2297=EDGE_CURVE('',#1819,#1817,#879,.T.);
#2298=EDGE_CURVE('',#1819,#1820,#880,.T.);
#2299=EDGE_CURVE('',#1820,#1818,#881,.T.);
#2300=EDGE_CURVE('',#1814,#1819,#882,.T.);
#2301=EDGE_CURVE('',#1816,#1820,#883,.T.);
#2302=EDGE_CURVE('',#1821,#1822,#884,.T.);
#2303=EDGE_CURVE('',#1821,#1823,#885,.T.);
#2304=EDGE_CURVE('',#1823,#1824,#886,.T.);
#2305=EDGE_CURVE('',#1822,#1824,#887,.T.);
#2306=EDGE_CURVE('',#1825,#1821,#888,.T.);
#2307=EDGE_CURVE('',#1825,#1826,#889,.T.);
#2308=EDGE_CURVE('',#1826,#1823,#890,.T.);
#2309=EDGE_CURVE('',#1827,#1825,#891,.T.);
#2310=EDGE_CURVE('',#1827,#1828,#892,.T.);
#2311=EDGE_CURVE('',#1828,#1826,#893,.T.);
#2312=EDGE_CURVE('',#1822,#1827,#894,.T.);
#2313=EDGE_CURVE('',#1824,#1828,#895,.T.);
#2314=EDGE_CURVE('',#1829,#1830,#147,.T.);
#2315=EDGE_CURVE('',#1829,#1831,#896,.T.);
#2316=EDGE_CURVE('',#1831,#1832,#148,.T.);
#2317=EDGE_CURVE('',#1830,#1832,#897,.T.);
#2318=EDGE_CURVE('',#1833,#1829,#149,.T.);
#2319=EDGE_CURVE('',#1833,#1834,#898,.T.);
#2320=EDGE_CURVE('',#1834,#1831,#150,.T.);
#2321=EDGE_CURVE('',#1835,#1833,#151,.T.);
#2322=EDGE_CURVE('',#1835,#1836,#899,.T.);
#2323=EDGE_CURVE('',#1836,#1834,#152,.T.);
#2324=EDGE_CURVE('',#1837,#1835,#153,.T.);
#2325=EDGE_CURVE('',#1837,#1838,#900,.T.);
#2326=EDGE_CURVE('',#1838,#1836,#154,.T.);
#2327=EDGE_CURVE('',#1839,#1837,#155,.T.);
#2328=EDGE_CURVE('',#1839,#1840,#901,.T.);
#2329=EDGE_CURVE('',#1840,#1838,#156,.T.);
#2330=EDGE_CURVE('',#1841,#1839,#157,.T.);
#2331=EDGE_CURVE('',#1841,#1842,#902,.T.);
#2332=EDGE_CURVE('',#1842,#1840,#158,.T.);
#2333=EDGE_CURVE('',#1843,#1841,#159,.T.);
#2334=EDGE_CURVE('',#1843,#1844,#903,.T.);
#2335=EDGE_CURVE('',#1844,#1842,#160,.T.);
#2336=EDGE_CURVE('',#1845,#1843,#161,.T.);
#2337=EDGE_CURVE('',#1845,#1846,#904,.T.);
#2338=EDGE_CURVE('',#1846,#1844,#162,.T.);
#2339=EDGE_CURVE('',#1847,#1845,#163,.T.);
#2340=EDGE_CURVE('',#1847,#1848,#905,.T.);
#2341=EDGE_CURVE('',#1848,#1846,#164,.T.);
#2342=EDGE_CURVE('',#1849,#1847,#165,.T.);
#2343=EDGE_CURVE('',#1849,#1850,#906,.T.);
#2344=EDGE_CURVE('',#1850,#1848,#166,.T.);
#2345=EDGE_CURVE('',#1851,#1849,#167,.T.);
#2346=EDGE_CURVE('',#1851,#1852,#907,.T.);
#2347=EDGE_CURVE('',#1852,#1850,#168,.T.);
#2348=EDGE_CURVE('',#1853,#1851,#169,.T.);
#2349=EDGE_CURVE('',#1853,#1854,#908,.T.);
#2350=EDGE_CURVE('',#1854,#1852,#170,.T.);
#2351=EDGE_CURVE('',#1855,#1853,#171,.T.);
#2352=EDGE_CURVE('',#1855,#1856,#909,.T.);
#2353=EDGE_CURVE('',#1856,#1854,#172,.T.);
#2354=EDGE_CURVE('',#1857,#1855,#173,.T.);
#2355=EDGE_CURVE('',#1857,#1858,#910,.T.);
#2356=EDGE_CURVE('',#1858,#1856,#174,.T.);
#2357=EDGE_CURVE('',#1859,#1857,#911,.T.);
#2358=EDGE_CURVE('',#1859,#1860,#912,.T.);
#2359=EDGE_CURVE('',#1860,#1858,#913,.T.);
#2360=EDGE_CURVE('',#1861,#1859,#175,.T.);
#2361=EDGE_CURVE('',#1861,#1862,#914,.T.);
#2362=EDGE_CURVE('',#1862,#1860,#176,.T.);
#2363=EDGE_CURVE('',#1863,#1861,#177,.T.);
#2364=EDGE_CURVE('',#1863,#1864,#915,.T.);
#2365=EDGE_CURVE('',#1864,#1862,#178,.T.);
#2366=EDGE_CURVE('',#1865,#1863,#179,.T.);
#2367=EDGE_CURVE('',#1865,#1866,#916,.T.);
#2368=EDGE_CURVE('',#1866,#1864,#180,.T.);
#2369=EDGE_CURVE('',#1867,#1865,#181,.T.);
#2370=EDGE_CURVE('',#1867,#1868,#917,.T.);
#2371=EDGE_CURVE('',#1868,#1866,#182,.T.);
#2372=EDGE_CURVE('',#1869,#1867,#183,.T.);
#2373=EDGE_CURVE('',#1869,#1870,#918,.T.);
#2374=EDGE_CURVE('',#1870,#1868,#184,.T.);
#2375=EDGE_CURVE('',#1871,#1869,#185,.T.);
#2376=EDGE_CURVE('',#1871,#1872,#919,.T.);
#2377=EDGE_CURVE('',#1872,#1870,#186,.T.);
#2378=EDGE_CURVE('',#1873,#1871,#187,.T.);
#2379=EDGE_CURVE('',#1873,#1874,#920,.T.);
#2380=EDGE_CURVE('',#1874,#1872,#188,.T.);
#2381=EDGE_CURVE('',#1875,#1873,#189,.T.);
#2382=EDGE_CURVE('',#1875,#1876,#921,.T.);
#2383=EDGE_CURVE('',#1876,#1874,#190,.T.);
#2384=EDGE_CURVE('',#1877,#1875,#191,.T.);
#2385=EDGE_CURVE('',#1877,#1878,#922,.T.);
#2386=EDGE_CURVE('',#1878,#1876,#192,.T.);
#2387=EDGE_CURVE('',#1879,#1877,#193,.T.);
#2388=EDGE_CURVE('',#1879,#1880,#923,.T.);
#2389=EDGE_CURVE('',#1880,#1878,#194,.T.);
#2390=EDGE_CURVE('',#1881,#1879,#195,.T.);
#2391=EDGE_CURVE('',#1881,#1882,#924,.T.);
#2392=EDGE_CURVE('',#1882,#1880,#196,.T.);
#2393=EDGE_CURVE('',#1883,#1881,#197,.T.);
#2394=EDGE_CURVE('',#1883,#1884,#925,.T.);
#2395=EDGE_CURVE('',#1884,#1882,#198,.T.);
#2396=EDGE_CURVE('',#1885,#1883,#199,.T.);
#2397=EDGE_CURVE('',#1885,#1886,#926,.T.);
#2398=EDGE_CURVE('',#1886,#1884,#200,.T.);
#2399=EDGE_CURVE('',#1887,#1885,#201,.T.);
#2400=EDGE_CURVE('',#1887,#1888,#927,.T.);
#2401=EDGE_CURVE('',#1888,#1886,#202,.T.);
#2402=EDGE_CURVE('',#1889,#1887,#203,.T.);
#2403=EDGE_CURVE('',#1889,#1890,#928,.T.);
#2404=EDGE_CURVE('',#1890,#1888,#204,.T.);
#2405=EDGE_CURVE('',#1891,#1889,#205,.T.);
#2406=EDGE_CURVE('',#1891,#1892,#929,.T.);
#2407=EDGE_CURVE('',#1892,#1890,#206,.T.);
#2408=EDGE_CURVE('',#1893,#1891,#207,.T.);
#2409=EDGE_CURVE('',#1893,#1894,#930,.T.);
#2410=EDGE_CURVE('',#1894,#1892,#208,.T.);
#2411=EDGE_CURVE('',#1895,#1893,#209,.T.);
#2412=EDGE_CURVE('',#1895,#1896,#931,.T.);
#2413=EDGE_CURVE('',#1896,#1894,#210,.T.);
#2414=EDGE_CURVE('',#1897,#1895,#932,.T.);
#2415=EDGE_CURVE('',#1897,#1898,#933,.T.);
#2416=EDGE_CURVE('',#1898,#1896,#934,.T.);
#2417=EDGE_CURVE('',#1830,#1897,#211,.T.);
#2418=EDGE_CURVE('',#1832,#1898,#212,.T.);
#2419=EDGE_CURVE('',#1899,#1900,#935,.T.);
#2420=EDGE_CURVE('',#1899,#1901,#936,.T.);
#2421=EDGE_CURVE('',#1901,#1902,#937,.T.);
#2422=EDGE_CURVE('',#1900,#1902,#938,.T.);
#2423=EDGE_CURVE('',#1903,#1899,#939,.T.);
#2424=EDGE_CURVE('',#1903,#1904,#940,.T.);
#2425=EDGE_CURVE('',#1904,#1901,#941,.T.);
#2426=EDGE_CURVE('',#1905,#1903,#942,.T.);
#2427=EDGE_CURVE('',#1905,#1906,#943,.T.);
#2428=EDGE_CURVE('',#1906,#1904,#944,.T.);
#2429=EDGE_CURVE('',#1900,#1905,#945,.T.);
#2430=EDGE_CURVE('',#1902,#1906,#946,.T.);
#2431=EDGE_CURVE('',#1907,#1908,#947,.T.);
#2432=EDGE_CURVE('',#1907,#1909,#948,.T.);
#2433=EDGE_CURVE('',#1909,#1910,#949,.T.);
#2434=EDGE_CURVE('',#1908,#1910,#950,.T.);
#2435=EDGE_CURVE('',#1911,#1907,#213,.T.);
#2436=EDGE_CURVE('',#1911,#1912,#951,.T.);
#2437=EDGE_CURVE('',#1912,#1909,#214,.T.);
#2438=EDGE_CURVE('',#1913,#1911,#215,.T.);
#2439=EDGE_CURVE('',#1913,#1914,#952,.T.);
#2440=EDGE_CURVE('',#1914,#1912,#216,.T.);
#2441=EDGE_CURVE('',#1915,#1913,#953,.T.);
#2442=EDGE_CURVE('',#1915,#1916,#954,.T.);
#2443=EDGE_CURVE('',#1916,#1914,#955,.T.);
#2444=EDGE_CURVE('',#1917,#1915,#956,.T.);
#2445=EDGE_CURVE('',#1917,#1918,#957,.T.);
#2446=EDGE_CURVE('',#1918,#1916,#958,.T.);
#2447=EDGE_CURVE('',#1919,#1917,#959,.T.);
#2448=EDGE_CURVE('',#1919,#1920,#960,.T.);
#2449=EDGE_CURVE('',#1920,#1918,#961,.T.);
#2450=EDGE_CURVE('',#1921,#1919,#962,.T.);
#2451=EDGE_CURVE('',#1921,#1922,#963,.T.);
#2452=EDGE_CURVE('',#1922,#1920,#964,.T.);
#2453=EDGE_CURVE('',#1923,#1921,#965,.T.);
#2454=EDGE_CURVE('',#1923,#1924,#966,.T.);
#2455=EDGE_CURVE('',#1924,#1922,#967,.T.);
#2456=EDGE_CURVE('',#1925,#1923,#968,.T.);
#2457=EDGE_CURVE('',#1925,#1926,#969,.T.);
#2458=EDGE_CURVE('',#1926,#1924,#970,.T.);
#2459=EDGE_CURVE('',#1927,#1925,#217,.T.);
#2460=EDGE_CURVE('',#1927,#1928,#971,.T.);
#2461=EDGE_CURVE('',#1928,#1926,#218,.T.);
#2462=EDGE_CURVE('',#1929,#1927,#219,.T.);
#2463=EDGE_CURVE('',#1929,#1930,#972,.T.);
#2464=EDGE_CURVE('',#1930,#1928,#220,.T.);
#2465=EDGE_CURVE('',#1931,#1929,#973,.T.);
#2466=EDGE_CURVE('',#1931,#1932,#974,.T.);
#2467=EDGE_CURVE('',#1932,#1930,#975,.T.);
#2468=EDGE_CURVE('',#1933,#1931,#976,.T.);
#2469=EDGE_CURVE('',#1933,#1934,#977,.T.);
#2470=EDGE_CURVE('',#1934,#1932,#978,.T.);
#2471=EDGE_CURVE('',#1935,#1933,#979,.T.);
#2472=EDGE_CURVE('',#1935,#1936,#980,.T.);
#2473=EDGE_CURVE('',#1936,#1934,#981,.T.);
#2474=EDGE_CURVE('',#1937,#1935,#982,.T.);
#2475=EDGE_CURVE('',#1937,#1938,#983,.T.);
#2476=EDGE_CURVE('',#1938,#1936,#984,.T.);
#2477=EDGE_CURVE('',#1908,#1937,#985,.T.);
#2478=EDGE_CURVE('',#1910,#1938,#986,.T.);
#2479=EDGE_CURVE('',#1939,#1940,#221,.T.);
#2480=EDGE_CURVE('',#1939,#1941,#987,.T.);
#2481=EDGE_CURVE('',#1941,#1942,#222,.T.);
#2482=EDGE_CURVE('',#1940,#1942,#988,.T.);
#2483=EDGE_CURVE('',#1943,#1939,#223,.T.);
#2484=EDGE_CURVE('',#1943,#1944,#989,.T.);
#2485=EDGE_CURVE('',#1944,#1941,#224,.T.);
#2486=EDGE_CURVE('',#1945,#1943,#990,.T.);
#2487=EDGE_CURVE('',#1945,#1946,#991,.T.);
#2488=EDGE_CURVE('',#1946,#1944,#992,.T.);
#2489=EDGE_CURVE('',#1947,#1945,#993,.T.);
#2490=EDGE_CURVE('',#1947,#1948,#994,.T.);
#2491=EDGE_CURVE('',#1948,#1946,#995,.T.);
#2492=EDGE_CURVE('',#1940,#1947,#996,.T.);
#2493=EDGE_CURVE('',#1942,#1948,#997,.T.);
#2494=EDGE_CURVE('',#1949,#1950,#998,.T.);
#2495=EDGE_CURVE('',#1949,#1951,#999,.T.);
#2496=EDGE_CURVE('',#1951,#1952,#1000,.T.);
#2497=EDGE_CURVE('',#1950,#1952,#1001,.T.);
#2498=EDGE_CURVE('',#1953,#1949,#1002,.T.);
#2499=EDGE_CURVE('',#1953,#1954,#1003,.T.);
#2500=EDGE_CURVE('',#1954,#1951,#1004,.T.);
#2501=EDGE_CURVE('',#1955,#1953,#1005,.T.);
#2502=EDGE_CURVE('',#1955,#1956,#1006,.T.);
#2503=EDGE_CURVE('',#1956,#1954,#1007,.T.);
#2504=EDGE_CURVE('',#1957,#1955,#1008,.T.);
#2505=EDGE_CURVE('',#1957,#1958,#1009,.T.);
#2506=EDGE_CURVE('',#1958,#1956,#1010,.T.);
#2507=EDGE_CURVE('',#1959,#1957,#1011,.T.);
#2508=EDGE_CURVE('',#1959,#1960,#1012,.T.);
#2509=EDGE_CURVE('',#1960,#1958,#1013,.T.);
#2510=EDGE_CURVE('',#1961,#1959,#1014,.T.);
#2511=EDGE_CURVE('',#1961,#1962,#1015,.T.);
#2512=EDGE_CURVE('',#1962,#1960,#1016,.T.);
#2513=EDGE_CURVE('',#1963,#1961,#1017,.T.);
#2514=EDGE_CURVE('',#1963,#1964,#1018,.T.);
#2515=EDGE_CURVE('',#1964,#1962,#1019,.T.);
#2516=EDGE_CURVE('',#1950,#1963,#1020,.T.);
#2517=EDGE_CURVE('',#1952,#1964,#1021,.T.);
#2518=EDGE_CURVE('',#1965,#1966,#1022,.T.);
#2519=EDGE_CURVE('',#1965,#1967,#1023,.T.);
#2520=EDGE_CURVE('',#1967,#1968,#1024,.T.);
#2521=EDGE_CURVE('',#1966,#1968,#1025,.T.);
#2522=EDGE_CURVE('',#1969,#1965,#225,.T.);
#2523=EDGE_CURVE('',#1969,#1970,#1026,.T.);
#2524=EDGE_CURVE('',#1970,#1967,#226,.T.);
#2525=EDGE_CURVE('',#1971,#1969,#227,.T.);
#2526=EDGE_CURVE('',#1971,#1972,#1027,.T.);
#2527=EDGE_CURVE('',#1972,#1970,#228,.T.);
#2528=EDGE_CURVE('',#1973,#1971,#1028,.T.);
#2529=EDGE_CURVE('',#1973,#1974,#1029,.T.);
#2530=EDGE_CURVE('',#1974,#1972,#1030,.T.);
#2531=EDGE_CURVE('',#1975,#1973,#1031,.T.);
#2532=EDGE_CURVE('',#1975,#1976,#1032,.T.);
#2533=EDGE_CURVE('',#1976,#1974,#1033,.T.);
#2534=EDGE_CURVE('',#1977,#1975,#1034,.T.);
#2535=EDGE_CURVE('',#1977,#1978,#1035,.T.);
#2536=EDGE_CURVE('',#1978,#1976,#1036,.T.);
#2537=EDGE_CURVE('',#1979,#1977,#1037,.T.);
#2538=EDGE_CURVE('',#1979,#1980,#1038,.T.);
#2539=EDGE_CURVE('',#1980,#1978,#1039,.T.);
#2540=EDGE_CURVE('',#1981,#1979,#1040,.T.);
#2541=EDGE_CURVE('',#1981,#1982,#1041,.T.);
#2542=EDGE_CURVE('',#1982,#1980,#1042,.T.);
#2543=EDGE_CURVE('',#1983,#1981,#1043,.T.);
#2544=EDGE_CURVE('',#1983,#1984,#1044,.T.);
#2545=EDGE_CURVE('',#1984,#1982,#1045,.T.);
#2546=EDGE_CURVE('',#1985,#1983,#229,.T.);
#2547=EDGE_CURVE('',#1985,#1986,#1046,.T.);
#2548=EDGE_CURVE('',#1986,#1984,#230,.T.);
#2549=EDGE_CURVE('',#1987,#1985,#231,.T.);
#2550=EDGE_CURVE('',#1987,#1988,#1047,.T.);
#2551=EDGE_CURVE('',#1988,#1986,#232,.T.);
#2552=EDGE_CURVE('',#1989,#1987,#1048,.T.);
#2553=EDGE_CURVE('',#1989,#1990,#1049,.T.);
#2554=EDGE_CURVE('',#1990,#1988,#1050,.T.);
#2555=EDGE_CURVE('',#1991,#1989,#1051,.T.);
#2556=EDGE_CURVE('',#1991,#1992,#1052,.T.);
#2557=EDGE_CURVE('',#1992,#1990,#1053,.T.);
#2558=EDGE_CURVE('',#1993,#1991,#1054,.T.);
#2559=EDGE_CURVE('',#1993,#1994,#1055,.T.);
#2560=EDGE_CURVE('',#1994,#1992,#1056,.T.);
#2561=EDGE_CURVE('',#1995,#1993,#1057,.T.);
#2562=EDGE_CURVE('',#1995,#1996,#1058,.T.);
#2563=EDGE_CURVE('',#1996,#1994,#1059,.T.);
#2564=EDGE_CURVE('',#1966,#1995,#1060,.T.);
#2565=EDGE_CURVE('',#1968,#1996,#1061,.T.);
#2566=EDGE_CURVE('',#1997,#1998,#1062,.T.);
#2567=EDGE_CURVE('',#1997,#1999,#1063,.T.);
#2568=EDGE_CURVE('',#1999,#2000,#1064,.T.);
#2569=EDGE_CURVE('',#1998,#2000,#1065,.T.);
#2570=EDGE_CURVE('',#2001,#1997,#233,.T.);
#2571=EDGE_CURVE('',#2001,#2002,#1066,.T.);
#2572=EDGE_CURVE('',#2002,#1999,#234,.T.);
#2573=EDGE_CURVE('',#2003,#2001,#235,.T.);
#2574=EDGE_CURVE('',#2003,#2004,#1067,.T.);
#2575=EDGE_CURVE('',#2004,#2002,#236,.T.);
#2576=EDGE_CURVE('',#2005,#2003,#1068,.T.);
#2577=EDGE_CURVE('',#2005,#2006,#1069,.T.);
#2578=EDGE_CURVE('',#2006,#2004,#1070,.T.);
#2579=EDGE_CURVE('',#2007,#2005,#1071,.T.);
#2580=EDGE_CURVE('',#2007,#2008,#1072,.T.);
#2581=EDGE_CURVE('',#2008,#2006,#1073,.T.);
#2582=EDGE_CURVE('',#2009,#2007,#1074,.T.);
#2583=EDGE_CURVE('',#2009,#2010,#1075,.T.);
#2584=EDGE_CURVE('',#2010,#2008,#1076,.T.);
#2585=EDGE_CURVE('',#2011,#2009,#1077,.T.);
#2586=EDGE_CURVE('',#2011,#2012,#1078,.T.);
#2587=EDGE_CURVE('',#2012,#2010,#1079,.T.);
#2588=EDGE_CURVE('',#2013,#2011,#1080,.T.);
#2589=EDGE_CURVE('',#2013,#2014,#1081,.T.);
#2590=EDGE_CURVE('',#2014,#2012,#1082,.T.);
#2591=EDGE_CURVE('',#2015,#2013,#1083,.T.);
#2592=EDGE_CURVE('',#2015,#2016,#1084,.T.);
#2593=EDGE_CURVE('',#2016,#2014,#1085,.T.);
#2594=EDGE_CURVE('',#2017,#2015,#237,.T.);
#2595=EDGE_CURVE('',#2017,#2018,#1086,.T.);
#2596=EDGE_CURVE('',#2018,#2016,#238,.T.);
#2597=EDGE_CURVE('',#2019,#2017,#239,.T.);
#2598=EDGE_CURVE('',#2019,#2020,#1087,.T.);
#2599=EDGE_CURVE('',#2020,#2018,#240,.T.);
#2600=EDGE_CURVE('',#2021,#2019,#1088,.T.);
#2601=EDGE_CURVE('',#2021,#2022,#1089,.T.);
#2602=EDGE_CURVE('',#2022,#2020,#1090,.T.);
#2603=EDGE_CURVE('',#2023,#2021,#1091,.T.);
#2604=EDGE_CURVE('',#2023,#2024,#1092,.T.);
#2605=EDGE_CURVE('',#2024,#2022,#1093,.T.);
#2606=EDGE_CURVE('',#2025,#2023,#1094,.T.);
#2607=EDGE_CURVE('',#2025,#2026,#1095,.T.);
#2608=EDGE_CURVE('',#2026,#2024,#1096,.T.);
#2609=EDGE_CURVE('',#2027,#2025,#1097,.T.);
#2610=EDGE_CURVE('',#2027,#2028,#1098,.T.);
#2611=EDGE_CURVE('',#2028,#2026,#1099,.T.);
#2612=EDGE_CURVE('',#1998,#2027,#1100,.T.);
#2613=EDGE_CURVE('',#2000,#2028,#1101,.T.);
#2614=EDGE_CURVE('',#2029,#2030,#241,.T.);
#2615=EDGE_CURVE('',#2029,#2031,#1102,.T.);
#2616=EDGE_CURVE('',#2031,#2032,#242,.T.);
#2617=EDGE_CURVE('',#2030,#2032,#1103,.T.);
#2618=EDGE_CURVE('',#2033,#2029,#243,.T.);
#2619=EDGE_CURVE('',#2033,#2034,#1104,.T.);
#2620=EDGE_CURVE('',#2034,#2031,#244,.T.);
#2621=EDGE_CURVE('',#2035,#2033,#1105,.T.);
#2622=EDGE_CURVE('',#2035,#2036,#1106,.T.);
#2623=EDGE_CURVE('',#2036,#2034,#1107,.T.);
#2624=EDGE_CURVE('',#2037,#2035,#1108,.T.);
#2625=EDGE_CURVE('',#2037,#2038,#1109,.T.);
#2626=EDGE_CURVE('',#2038,#2036,#1110,.T.);
#2627=EDGE_CURVE('',#2030,#2037,#1111,.T.);
#2628=EDGE_CURVE('',#2032,#2038,#1112,.T.);
#2629=EDGE_CURVE('',#2039,#2040,#1113,.T.);
#2630=EDGE_CURVE('',#2039,#2041,#1114,.T.);
#2631=EDGE_CURVE('',#2041,#2042,#1115,.T.);
#2632=EDGE_CURVE('',#2040,#2042,#1116,.T.);
#2633=EDGE_CURVE('',#2043,#2039,#1117,.T.);
#2634=EDGE_CURVE('',#2043,#2044,#1118,.T.);
#2635=EDGE_CURVE('',#2044,#2041,#1119,.T.);
#2636=EDGE_CURVE('',#2045,#2043,#1120,.T.);
#2637=EDGE_CURVE('',#2045,#2046,#1121,.T.);
#2638=EDGE_CURVE('',#2046,#2044,#1122,.T.);
#2639=EDGE_CURVE('',#2047,#2045,#1123,.T.);
#2640=EDGE_CURVE('',#2047,#2048,#1124,.T.);
#2641=EDGE_CURVE('',#2048,#2046,#1125,.T.);
#2642=EDGE_CURVE('',#2049,#2047,#1126,.T.);
#2643=EDGE_CURVE('',#2049,#2050,#1127,.T.);
#2644=EDGE_CURVE('',#2050,#2048,#1128,.T.);
#2645=EDGE_CURVE('',#2051,#2049,#1129,.T.);
#2646=EDGE_CURVE('',#2051,#2052,#1130,.T.);
#2647=EDGE_CURVE('',#2052,#2050,#1131,.T.);
#2648=EDGE_CURVE('',#2053,#2051,#1132,.T.);
#2649=EDGE_CURVE('',#2053,#2054,#1133,.T.);
#2650=EDGE_CURVE('',#2054,#2052,#1134,.T.);
#2651=EDGE_CURVE('',#2040,#2053,#1135,.T.);
#2652=EDGE_CURVE('',#2042,#2054,#1136,.T.);
#2653=EDGE_CURVE('',#2055,#2056,#1137,.T.);
#2654=EDGE_CURVE('',#2055,#2057,#1138,.T.);
#2655=EDGE_CURVE('',#2057,#2058,#1139,.T.);
#2656=EDGE_CURVE('',#2056,#2058,#1140,.T.);
#2657=EDGE_CURVE('',#2059,#2055,#1141,.T.);
#2658=EDGE_CURVE('',#2059,#2060,#1142,.T.);
#2659=EDGE_CURVE('',#2060,#2057,#1143,.T.);
#2660=EDGE_CURVE('',#2061,#2059,#1144,.T.);
#2661=EDGE_CURVE('',#2061,#2062,#1145,.T.);
#2662=EDGE_CURVE('',#2062,#2060,#1146,.T.);
#2663=EDGE_CURVE('',#2063,#2061,#1147,.T.);
#2664=EDGE_CURVE('',#2063,#2064,#1148,.T.);
#2665=EDGE_CURVE('',#2064,#2062,#1149,.T.);
#2666=EDGE_CURVE('',#2065,#2063,#245,.T.);
#2667=EDGE_CURVE('',#2065,#2066,#1150,.T.);
#2668=EDGE_CURVE('',#2066,#2064,#246,.T.);
#2669=EDGE_CURVE('',#2067,#2065,#247,.T.);
#2670=EDGE_CURVE('',#2067,#2068,#1151,.T.);
#2671=EDGE_CURVE('',#2068,#2066,#248,.T.);
#2672=EDGE_CURVE('',#2069,#2067,#1152,.T.);
#2673=EDGE_CURVE('',#2069,#2070,#1153,.T.);
#2674=EDGE_CURVE('',#2070,#2068,#1154,.T.);
#2675=EDGE_CURVE('',#2071,#2069,#1155,.T.);
#2676=EDGE_CURVE('',#2071,#2072,#1156,.T.);
#2677=EDGE_CURVE('',#2072,#2070,#1157,.T.);
#2678=EDGE_CURVE('',#2073,#2071,#1158,.T.);
#2679=EDGE_CURVE('',#2073,#2074,#1159,.T.);
#2680=EDGE_CURVE('',#2074,#2072,#1160,.T.);
#2681=EDGE_CURVE('',#2075,#2073,#1161,.T.);
#2682=EDGE_CURVE('',#2075,#2076,#1162,.T.);
#2683=EDGE_CURVE('',#2076,#2074,#1163,.T.);
#2684=EDGE_CURVE('',#2056,#2075,#1164,.T.);
#2685=EDGE_CURVE('',#2058,#2076,#1165,.T.);
#2686=EDGE_CURVE('',#2077,#2078,#1166,.T.);
#2687=EDGE_CURVE('',#2079,#2077,#1167,.T.);
#2688=EDGE_CURVE('',#2080,#2079,#1168,.T.);
#2689=EDGE_CURVE('',#2078,#2080,#1169,.T.);
#2690=EDGE_CURVE('',#2081,#2082,#1170,.T.);
#2691=EDGE_CURVE('',#2083,#2081,#1171,.T.);
#2692=EDGE_CURVE('',#2084,#2083,#1172,.T.);
#2693=EDGE_CURVE('',#2084,#2082,#1173,.T.);
#2694=EDGE_CURVE('',#2085,#2077,#1174,.T.);
#2695=EDGE_CURVE('',#2085,#2086,#1175,.T.);
#2696=EDGE_CURVE('',#2086,#2087,#1176,.T.);
#2697=EDGE_CURVE('',#2088,#2087,#1177,.T.);
#2698=EDGE_CURVE('',#2089,#2088,#1178,.T.);
#2699=EDGE_CURVE('',#2090,#2089,#1179,.T.);
#2700=EDGE_CURVE('',#2079,#2090,#1180,.T.);
#2701=EDGE_CURVE('',#2091,#2092,#1181,.T.);
#2702=EDGE_CURVE('',#2092,#2093,#1182,.T.);
#2703=EDGE_CURVE('',#2094,#2093,#1183,.T.);
#2704=EDGE_CURVE('',#2094,#2091,#1184,.T.);
#2705=EDGE_CURVE('',#2095,#2080,#1185,.T.);
#2706=EDGE_CURVE('',#2095,#2096,#1186,.T.);
#2707=EDGE_CURVE('',#2096,#2078,#1187,.T.);
#2708=EDGE_CURVE('',#2090,#2097,#1188,.T.);
#2709=EDGE_CURVE('',#2097,#2084,#1189,.T.);
#2710=EDGE_CURVE('',#2083,#2098,#1190,.T.);
#2711=EDGE_CURVE('',#2098,#2099,#1191,.T.);
#2712=EDGE_CURVE('',#2099,#2100,#1192,.T.);
#2713=EDGE_CURVE('',#2101,#2100,#31,.T.);
#2714=EDGE_CURVE('',#2101,#2102,#1193,.T.);
#2715=EDGE_CURVE('',#2103,#2102,#32,.T.);
#2716=EDGE_CURVE('',#2103,#2104,#1194,.T.);
#2717=EDGE_CURVE('',#2104,#2095,#1195,.T.);
#2718=EDGE_CURVE('',#2081,#2105,#1196,.T.);
#2719=EDGE_CURVE('',#2105,#2098,#1197,.T.);
#2720=EDGE_CURVE('',#2086,#2106,#1198,.T.);
#2721=EDGE_CURVE('',#2107,#2106,#1199,.T.);
#2722=EDGE_CURVE('',#2108,#2107,#33,.T.);
#2723=EDGE_CURVE('',#2109,#2108,#1200,.T.);
#2724=EDGE_CURVE('',#2110,#2109,#34,.T.);
#2725=EDGE_CURVE('',#2111,#2110,#1201,.T.);
#2726=EDGE_CURVE('',#2111,#2112,#1202,.T.);
#2727=EDGE_CURVE('',#2112,#2113,#1203,.T.);
#2728=EDGE_CURVE('',#2113,#2114,#35,.T.);
#2729=EDGE_CURVE('',#2114,#2115,#1204,.T.);
#2730=EDGE_CURVE('',#2115,#2087,#36,.T.);
#2731=EDGE_CURVE('',#2116,#2082,#1205,.T.);
#2732=EDGE_CURVE('',#2116,#2105,#1206,.T.);
#2733=EDGE_CURVE('',#2092,#2089,#1207,.T.);
#2734=EDGE_CURVE('',#2088,#2117,#37,.T.);
#2735=EDGE_CURVE('',#2117,#2118,#1208,.T.);
#2736=EDGE_CURVE('',#2118,#2119,#38,.T.);
#2737=EDGE_CURVE('',#2120,#2119,#1209,.T.);
#2738=EDGE_CURVE('',#2120,#2121,#1210,.T.);
#2739=EDGE_CURVE('',#2122,#2121,#1211,.T.);
#2740=EDGE_CURVE('',#2123,#2122,#39,.T.);
#2741=EDGE_CURVE('',#2124,#2123,#1212,.T.);
#2742=EDGE_CURVE('',#2093,#2124,#40,.T.);
#2743=EDGE_CURVE('',#2096,#2085,#1213,.T.);
#2744=EDGE_CURVE('',#2125,#2126,#41,.T.);
#2745=EDGE_CURVE('',#2126,#2127,#1214,.T.);
#2746=EDGE_CURVE('',#2127,#2128,#42,.T.);
#2747=EDGE_CURVE('',#2128,#2125,#1215,.T.);
#2748=EDGE_CURVE('',#2129,#2126,#1216,.T.);
#2749=EDGE_CURVE('',#2130,#2129,#1217,.T.);
#2750=EDGE_CURVE('',#2127,#2130,#1218,.T.);
#2751=EDGE_CURVE('',#2131,#2132,#43,.T.);
#2752=EDGE_CURVE('',#2132,#2133,#1219,.T.);
#2753=EDGE_CURVE('',#2133,#2134,#44,.T.);
#2754=EDGE_CURVE('',#2134,#2131,#1220,.T.);
#2755=EDGE_CURVE('',#2133,#2128,#1221,.T.);
#2756=EDGE_CURVE('',#2125,#2132,#1222,.T.);
#2757=EDGE_CURVE('',#2135,#2136,#45,.T.);
#2758=EDGE_CURVE('',#2136,#2137,#1223,.T.);
#2759=EDGE_CURVE('',#2137,#2138,#46,.T.);
#2760=EDGE_CURVE('',#2138,#2135,#1224,.T.);
#2761=EDGE_CURVE('',#2137,#2134,#1225,.T.);
#2762=EDGE_CURVE('',#2131,#2136,#1226,.T.);
#2763=EDGE_CURVE('',#2129,#2139,#47,.T.);
#2764=EDGE_CURVE('',#2139,#2140,#1227,.T.);
#2765=EDGE_CURVE('',#2140,#2130,#48,.T.);
#2766=EDGE_CURVE('',#2140,#2138,#1228,.T.);
#2767=EDGE_CURVE('',#2135,#2139,#1229,.T.);
#2768=EDGE_CURVE('',#2141,#2142,#49,.T.);
#2769=EDGE_CURVE('',#2142,#2143,#1230,.T.);
#2770=EDGE_CURVE('',#2143,#2144,#50,.T.);
#2771=EDGE_CURVE('',#2144,#2141,#1231,.T.);
#2772=EDGE_CURVE('',#2145,#2142,#1232,.T.);
#2773=EDGE_CURVE('',#2146,#2145,#1233,.T.);
#2774=EDGE_CURVE('',#2143,#2146,#1234,.T.);
#2775=EDGE_CURVE('',#2147,#2148,#51,.T.);
#2776=EDGE_CURVE('',#2148,#2149,#1235,.T.);
#2777=EDGE_CURVE('',#2149,#2150,#52,.T.);
#2778=EDGE_CURVE('',#2150,#2147,#1236,.T.);
#2779=EDGE_CURVE('',#2149,#2144,#1237,.T.);
#2780=EDGE_CURVE('',#2141,#2148,#1238,.T.);
#2781=EDGE_CURVE('',#2145,#2151,#53,.T.);
#2782=EDGE_CURVE('',#2151,#2152,#1239,.T.);
#2783=EDGE_CURVE('',#2152,#2146,#54,.T.);
#2784=EDGE_CURVE('',#2153,#2151,#1240,.T.);
#2785=EDGE_CURVE('',#2154,#2153,#1241,.T.);
#2786=EDGE_CURVE('',#2152,#2154,#1242,.T.);
#2787=EDGE_CURVE('',#2153,#2155,#55,.T.);
#2788=EDGE_CURVE('',#2155,#2156,#1243,.T.);
#2789=EDGE_CURVE('',#2156,#2154,#56,.T.);
#2790=EDGE_CURVE('',#2156,#2150,#1244,.T.);
#2791=EDGE_CURVE('',#2147,#2155,#1245,.T.);
#2792=EDGE_CURVE('',#2157,#2104,#1246,.T.);
#2793=EDGE_CURVE('',#2158,#2157,#1247,.T.);
#2794=EDGE_CURVE('',#2106,#2158,#1248,.T.);
#2795=EDGE_CURVE('',#2112,#2116,#1249,.T.);
#2796=EDGE_CURVE('',#2159,#2111,#1250,.T.);
#2797=EDGE_CURVE('',#2160,#2159,#1251,.T.);
#2798=EDGE_CURVE('',#2099,#2160,#1252,.T.);
#2799=EDGE_CURVE('',#2161,#2110,#1253,.T.);
#2800=EDGE_CURVE('',#2161,#2159,#1254,.T.);
#2801=EDGE_CURVE('',#2113,#2119,#1255,.T.);
#2802=EDGE_CURVE('',#2097,#2120,#1256,.T.);
#2803=EDGE_CURVE('',#2162,#2103,#1257,.T.);
#2804=EDGE_CURVE('',#2157,#2162,#1258,.T.);
#2805=EDGE_CURVE('',#2102,#2163,#1259,.T.);
#2806=EDGE_CURVE('',#2163,#2162,#57,.T.);
#2807=EDGE_CURVE('',#2164,#2161,#58,.T.);
#2808=EDGE_CURVE('',#2164,#2165,#1260,.T.);
#2809=EDGE_CURVE('',#2166,#2165,#59,.T.);
#2810=EDGE_CURVE('',#2166,#2158,#1261,.T.);
#2811=EDGE_CURVE('',#2163,#2167,#1262,.T.);
#2812=EDGE_CURVE('',#2168,#2167,#60,.T.);
#2813=EDGE_CURVE('',#2160,#2168,#1263,.T.);
#2814=EDGE_CURVE('',#2100,#2168,#1264,.T.);
#2815=EDGE_CURVE('',#2167,#2101,#1265,.T.);
#2816=EDGE_CURVE('',#2094,#2169,#61,.T.);
#2817=EDGE_CURVE('',#2124,#2169,#1266,.T.);
#2818=EDGE_CURVE('',#2170,#2123,#1267,.T.);
#2819=EDGE_CURVE('',#2170,#2169,#1268,.T.);
#2820=EDGE_CURVE('',#2165,#2108,#1269,.T.);
#2821=EDGE_CURVE('',#2107,#2166,#1270,.T.);
#2822=EDGE_CURVE('',#2109,#2164,#1271,.T.);
#2823=EDGE_CURVE('',#2170,#2171,#62,.T.);
#2824=EDGE_CURVE('',#2122,#2171,#1272,.T.);
#2825=EDGE_CURVE('',#2121,#2172,#1273,.T.);
#2826=EDGE_CURVE('',#2172,#2171,#1274,.T.);
#2827=EDGE_CURVE('',#2118,#2114,#1275,.T.);
#2828=EDGE_CURVE('',#2115,#2117,#1276,.T.);
#2829=EDGE_CURVE('',#2172,#2091,#1277,.T.);
#2830=ORIENTED_EDGE('',*,*,#2173,.F.);
#2831=ORIENTED_EDGE('',*,*,#2174,.T.);
#2832=ORIENTED_EDGE('',*,*,#2175,.T.);
#2833=ORIENTED_EDGE('',*,*,#2176,.F.);
#2834=ORIENTED_EDGE('',*,*,#2177,.F.);
#2835=ORIENTED_EDGE('',*,*,#2178,.T.);
#2836=ORIENTED_EDGE('',*,*,#2179,.T.);
#2837=ORIENTED_EDGE('',*,*,#2174,.F.);
#2838=ORIENTED_EDGE('',*,*,#2180,.F.);
#2839=ORIENTED_EDGE('',*,*,#2181,.T.);
#2840=ORIENTED_EDGE('',*,*,#2182,.T.);
#2841=ORIENTED_EDGE('',*,*,#2178,.F.);
#2842=ORIENTED_EDGE('',*,*,#2183,.F.);
#2843=ORIENTED_EDGE('',*,*,#2176,.T.);
#2844=ORIENTED_EDGE('',*,*,#2184,.T.);
#2845=ORIENTED_EDGE('',*,*,#2181,.F.);
#2846=ORIENTED_EDGE('',*,*,#2184,.F.);
#2847=ORIENTED_EDGE('',*,*,#2175,.F.);
#2848=ORIENTED_EDGE('',*,*,#2179,.F.);
#2849=ORIENTED_EDGE('',*,*,#2182,.F.);
#2850=ORIENTED_EDGE('',*,*,#2185,.F.);
#2851=ORIENTED_EDGE('',*,*,#2186,.T.);
#2852=ORIENTED_EDGE('',*,*,#2187,.T.);
#2853=ORIENTED_EDGE('',*,*,#2188,.F.);
#2854=ORIENTED_EDGE('',*,*,#2189,.F.);
#2855=ORIENTED_EDGE('',*,*,#2190,.T.);
#2856=ORIENTED_EDGE('',*,*,#2191,.T.);
#2857=ORIENTED_EDGE('',*,*,#2186,.F.);
#2858=ORIENTED_EDGE('',*,*,#2192,.F.);
#2859=ORIENTED_EDGE('',*,*,#2193,.T.);
#2860=ORIENTED_EDGE('',*,*,#2194,.T.);
#2861=ORIENTED_EDGE('',*,*,#2190,.F.);
#2862=ORIENTED_EDGE('',*,*,#2195,.F.);
#2863=ORIENTED_EDGE('',*,*,#2196,.T.);
#2864=ORIENTED_EDGE('',*,*,#2197,.T.);
#2865=ORIENTED_EDGE('',*,*,#2193,.F.);
#2866=ORIENTED_EDGE('',*,*,#2198,.F.);
#2867=ORIENTED_EDGE('',*,*,#2199,.T.);
#2868=ORIENTED_EDGE('',*,*,#2200,.T.);
#2869=ORIENTED_EDGE('',*,*,#2196,.F.);
#2870=ORIENTED_EDGE('',*,*,#2201,.F.);
#2871=ORIENTED_EDGE('',*,*,#2202,.T.);
#2872=ORIENTED_EDGE('',*,*,#2203,.T.);
#2873=ORIENTED_EDGE('',*,*,#2199,.F.);
#2874=ORIENTED_EDGE('',*,*,#2204,.F.);
#2875=ORIENTED_EDGE('',*,*,#2205,.T.);
#2876=ORIENTED_EDGE('',*,*,#2206,.T.);
#2877=ORIENTED_EDGE('',*,*,#2202,.F.);
#2878=ORIENTED_EDGE('',*,*,#2207,.F.);
#2879=ORIENTED_EDGE('',*,*,#2208,.T.);
#2880=ORIENTED_EDGE('',*,*,#2209,.T.);
#2881=ORIENTED_EDGE('',*,*,#2205,.F.);
#2882=ORIENTED_EDGE('',*,*,#2210,.F.);
#2883=ORIENTED_EDGE('',*,*,#2211,.T.);
#2884=ORIENTED_EDGE('',*,*,#2212,.T.);
#2885=ORIENTED_EDGE('',*,*,#2208,.F.);
#2886=ORIENTED_EDGE('',*,*,#2213,.F.);
#2887=ORIENTED_EDGE('',*,*,#2214,.T.);
#2888=ORIENTED_EDGE('',*,*,#2215,.T.);
#2889=ORIENTED_EDGE('',*,*,#2211,.F.);
#2890=ORIENTED_EDGE('',*,*,#2216,.F.);
#2891=ORIENTED_EDGE('',*,*,#2217,.T.);
#2892=ORIENTED_EDGE('',*,*,#2218,.T.);
#2893=ORIENTED_EDGE('',*,*,#2214,.F.);
#2894=ORIENTED_EDGE('',*,*,#2219,.F.);
#2895=ORIENTED_EDGE('',*,*,#2220,.T.);
#2896=ORIENTED_EDGE('',*,*,#2221,.T.);
#2897=ORIENTED_EDGE('',*,*,#2217,.F.);
#2898=ORIENTED_EDGE('',*,*,#2222,.F.);
#2899=ORIENTED_EDGE('',*,*,#2223,.T.);
#2900=ORIENTED_EDGE('',*,*,#2224,.T.);
#2901=ORIENTED_EDGE('',*,*,#2220,.F.);
#2902=ORIENTED_EDGE('',*,*,#2225,.F.);
#2903=ORIENTED_EDGE('',*,*,#2226,.T.);
#2904=ORIENTED_EDGE('',*,*,#2227,.T.);
#2905=ORIENTED_EDGE('',*,*,#2223,.F.);
#2906=ORIENTED_EDGE('',*,*,#2228,.F.);
#2907=ORIENTED_EDGE('',*,*,#2229,.T.);
#2908=ORIENTED_EDGE('',*,*,#2230,.T.);
#2909=ORIENTED_EDGE('',*,*,#2226,.F.);
#2910=ORIENTED_EDGE('',*,*,#2231,.F.);
#2911=ORIENTED_EDGE('',*,*,#2232,.T.);
#2912=ORIENTED_EDGE('',*,*,#2233,.T.);
#2913=ORIENTED_EDGE('',*,*,#2229,.F.);
#2914=ORIENTED_EDGE('',*,*,#2234,.F.);
#2915=ORIENTED_EDGE('',*,*,#2235,.T.);
#2916=ORIENTED_EDGE('',*,*,#2236,.T.);
#2917=ORIENTED_EDGE('',*,*,#2232,.F.);
#2918=ORIENTED_EDGE('',*,*,#2237,.F.);
#2919=ORIENTED_EDGE('',*,*,#2238,.T.);
#2920=ORIENTED_EDGE('',*,*,#2239,.T.);
#2921=ORIENTED_EDGE('',*,*,#2235,.F.);
#2922=ORIENTED_EDGE('',*,*,#2240,.F.);
#2923=ORIENTED_EDGE('',*,*,#2241,.T.);
#2924=ORIENTED_EDGE('',*,*,#2242,.T.);
#2925=ORIENTED_EDGE('',*,*,#2238,.F.);
#2926=ORIENTED_EDGE('',*,*,#2243,.F.);
#2927=ORIENTED_EDGE('',*,*,#2244,.T.);
#2928=ORIENTED_EDGE('',*,*,#2245,.T.);
#2929=ORIENTED_EDGE('',*,*,#2241,.F.);
#2930=ORIENTED_EDGE('',*,*,#2246,.F.);
#2931=ORIENTED_EDGE('',*,*,#2247,.T.);
#2932=ORIENTED_EDGE('',*,*,#2248,.T.);
#2933=ORIENTED_EDGE('',*,*,#2244,.F.);
#2934=ORIENTED_EDGE('',*,*,#2249,.F.);
#2935=ORIENTED_EDGE('',*,*,#2250,.T.);
#2936=ORIENTED_EDGE('',*,*,#2251,.T.);
#2937=ORIENTED_EDGE('',*,*,#2247,.F.);
#2938=ORIENTED_EDGE('',*,*,#2252,.F.);
#2939=ORIENTED_EDGE('',*,*,#2253,.T.);
#2940=ORIENTED_EDGE('',*,*,#2254,.T.);
#2941=ORIENTED_EDGE('',*,*,#2250,.F.);
#2942=ORIENTED_EDGE('',*,*,#2255,.F.);
#2943=ORIENTED_EDGE('',*,*,#2256,.T.);
#2944=ORIENTED_EDGE('',*,*,#2257,.T.);
#2945=ORIENTED_EDGE('',*,*,#2253,.F.);
#2946=ORIENTED_EDGE('',*,*,#2258,.F.);
#2947=ORIENTED_EDGE('',*,*,#2259,.T.);
#2948=ORIENTED_EDGE('',*,*,#2260,.T.);
#2949=ORIENTED_EDGE('',*,*,#2256,.F.);
#2950=ORIENTED_EDGE('',*,*,#2261,.F.);
#2951=ORIENTED_EDGE('',*,*,#2262,.T.);
#2952=ORIENTED_EDGE('',*,*,#2263,.T.);
#2953=ORIENTED_EDGE('',*,*,#2259,.F.);
#2954=ORIENTED_EDGE('',*,*,#2264,.F.);
#2955=ORIENTED_EDGE('',*,*,#2265,.T.);
#2956=ORIENTED_EDGE('',*,*,#2266,.T.);
#2957=ORIENTED_EDGE('',*,*,#2262,.F.);
#2958=ORIENTED_EDGE('',*,*,#2267,.F.);
#2959=ORIENTED_EDGE('',*,*,#2268,.T.);
#2960=ORIENTED_EDGE('',*,*,#2269,.T.);
#2961=ORIENTED_EDGE('',*,*,#2265,.F.);
#2962=ORIENTED_EDGE('',*,*,#2270,.F.);
#2963=ORIENTED_EDGE('',*,*,#2271,.T.);
#2964=ORIENTED_EDGE('',*,*,#2272,.T.);
#2965=ORIENTED_EDGE('',*,*,#2268,.F.);
#2966=ORIENTED_EDGE('',*,*,#2273,.F.);
#2967=ORIENTED_EDGE('',*,*,#2274,.T.);
#2968=ORIENTED_EDGE('',*,*,#2275,.T.);
#2969=ORIENTED_EDGE('',*,*,#2271,.F.);
#2970=ORIENTED_EDGE('',*,*,#2276,.F.);
#2971=ORIENTED_EDGE('',*,*,#2277,.T.);
#2972=ORIENTED_EDGE('',*,*,#2278,.T.);
#2973=ORIENTED_EDGE('',*,*,#2274,.F.);
#2974=ORIENTED_EDGE('',*,*,#2279,.F.);
#2975=ORIENTED_EDGE('',*,*,#2280,.T.);
#2976=ORIENTED_EDGE('',*,*,#2281,.T.);
#2977=ORIENTED_EDGE('',*,*,#2277,.F.);
#2978=ORIENTED_EDGE('',*,*,#2282,.F.);
#2979=ORIENTED_EDGE('',*,*,#2283,.T.);
#2980=ORIENTED_EDGE('',*,*,#2284,.T.);
#2981=ORIENTED_EDGE('',*,*,#2280,.F.);
#2982=ORIENTED_EDGE('',*,*,#2285,.F.);
#2983=ORIENTED_EDGE('',*,*,#2286,.T.);
#2984=ORIENTED_EDGE('',*,*,#2287,.T.);
#2985=ORIENTED_EDGE('',*,*,#2283,.F.);
#2986=ORIENTED_EDGE('',*,*,#2288,.F.);
#2987=ORIENTED_EDGE('',*,*,#2188,.T.);
#2988=ORIENTED_EDGE('',*,*,#2289,.T.);
#2989=ORIENTED_EDGE('',*,*,#2286,.F.);
#2990=ORIENTED_EDGE('',*,*,#2289,.F.);
#2991=ORIENTED_EDGE('',*,*,#2187,.F.);
#2992=ORIENTED_EDGE('',*,*,#2191,.F.);
#2993=ORIENTED_EDGE('',*,*,#2194,.F.);
#2994=ORIENTED_EDGE('',*,*,#2197,.F.);
#2995=ORIENTED_EDGE('',*,*,#2200,.F.);
#2996=ORIENTED_EDGE('',*,*,#2203,.F.);
#2997=ORIENTED_EDGE('',*,*,#2206,.F.);
#2998=ORIENTED_EDGE('',*,*,#2209,.F.);
#2999=ORIENTED_EDGE('',*,*,#2212,.F.);
#3000=ORIENTED_EDGE('',*,*,#2215,.F.);
#3001=ORIENTED_EDGE('',*,*,#2218,.F.);
#3002=ORIENTED_EDGE('',*,*,#2221,.F.);
#3003=ORIENTED_EDGE('',*,*,#2224,.F.);
#3004=ORIENTED_EDGE('',*,*,#2227,.F.);
#3005=ORIENTED_EDGE('',*,*,#2230,.F.);
#3006=ORIENTED_EDGE('',*,*,#2233,.F.);
#3007=ORIENTED_EDGE('',*,*,#2236,.F.);
#3008=ORIENTED_EDGE('',*,*,#2239,.F.);
#3009=ORIENTED_EDGE('',*,*,#2242,.F.);
#3010=ORIENTED_EDGE('',*,*,#2245,.F.);
#3011=ORIENTED_EDGE('',*,*,#2248,.F.);
#3012=ORIENTED_EDGE('',*,*,#2251,.F.);
#3013=ORIENTED_EDGE('',*,*,#2254,.F.);
#3014=ORIENTED_EDGE('',*,*,#2257,.F.);
#3015=ORIENTED_EDGE('',*,*,#2260,.F.);
#3016=ORIENTED_EDGE('',*,*,#2263,.F.);
#3017=ORIENTED_EDGE('',*,*,#2266,.F.);
#3018=ORIENTED_EDGE('',*,*,#2269,.F.);
#3019=ORIENTED_EDGE('',*,*,#2272,.F.);
#3020=ORIENTED_EDGE('',*,*,#2275,.F.);
#3021=ORIENTED_EDGE('',*,*,#2278,.F.);
#3022=ORIENTED_EDGE('',*,*,#2281,.F.);
#3023=ORIENTED_EDGE('',*,*,#2284,.F.);
#3024=ORIENTED_EDGE('',*,*,#2287,.F.);
#3025=ORIENTED_EDGE('',*,*,#2290,.F.);
#3026=ORIENTED_EDGE('',*,*,#2291,.T.);
#3027=ORIENTED_EDGE('',*,*,#2292,.T.);
#3028=ORIENTED_EDGE('',*,*,#2293,.F.);
#3029=ORIENTED_EDGE('',*,*,#2294,.F.);
#3030=ORIENTED_EDGE('',*,*,#2295,.T.);
#3031=ORIENTED_EDGE('',*,*,#2296,.T.);
#3032=ORIENTED_EDGE('',*,*,#2291,.F.);
#3033=ORIENTED_EDGE('',*,*,#2297,.F.);
#3034=ORIENTED_EDGE('',*,*,#2298,.T.);
#3035=ORIENTED_EDGE('',*,*,#2299,.T.);
#3036=ORIENTED_EDGE('',*,*,#2295,.F.);
#3037=ORIENTED_EDGE('',*,*,#2300,.F.);
#3038=ORIENTED_EDGE('',*,*,#2293,.T.);
#3039=ORIENTED_EDGE('',*,*,#2301,.T.);
#3040=ORIENTED_EDGE('',*,*,#2298,.F.);
#3041=ORIENTED_EDGE('',*,*,#2301,.F.);
#3042=ORIENTED_EDGE('',*,*,#2292,.F.);
#3043=ORIENTED_EDGE('',*,*,#2296,.F.);
#3044=ORIENTED_EDGE('',*,*,#2299,.F.);
#3045=ORIENTED_EDGE('',*,*,#2302,.F.);
#3046=ORIENTED_EDGE('',*,*,#2303,.T.);
#3047=ORIENTED_EDGE('',*,*,#2304,.T.);
#3048=ORIENTED_EDGE('',*,*,#2305,.F.);
#3049=ORIENTED_EDGE('',*,*,#2306,.F.);
#3050=ORIENTED_EDGE('',*,*,#2307,.T.);
#3051=ORIENTED_EDGE('',*,*,#2308,.T.);
#3052=ORIENTED_EDGE('',*,*,#2303,.F.);
#3053=ORIENTED_EDGE('',*,*,#2309,.F.);
#3054=ORIENTED_EDGE('',*,*,#2310,.T.);
#3055=ORIENTED_EDGE('',*,*,#2311,.T.);
#3056=ORIENTED_EDGE('',*,*,#2307,.F.);
#3057=ORIENTED_EDGE('',*,*,#2312,.F.);
#3058=ORIENTED_EDGE('',*,*,#2305,.T.);
#3059=ORIENTED_EDGE('',*,*,#2313,.T.);
#3060=ORIENTED_EDGE('',*,*,#2310,.F.);
#3061=ORIENTED_EDGE('',*,*,#2313,.F.);
#3062=ORIENTED_EDGE('',*,*,#2304,.F.);
#3063=ORIENTED_EDGE('',*,*,#2308,.F.);
#3064=ORIENTED_EDGE('',*,*,#2311,.F.);
#3065=ORIENTED_EDGE('',*,*,#2314,.F.);
#3066=ORIENTED_EDGE('',*,*,#2315,.T.);
#3067=ORIENTED_EDGE('',*,*,#2316,.T.);
#3068=ORIENTED_EDGE('',*,*,#2317,.F.);
#3069=ORIENTED_EDGE('',*,*,#2318,.F.);
#3070=ORIENTED_EDGE('',*,*,#2319,.T.);
#3071=ORIENTED_EDGE('',*,*,#2320,.T.);
#3072=ORIENTED_EDGE('',*,*,#2315,.F.);
#3073=ORIENTED_EDGE('',*,*,#2321,.F.);
#3074=ORIENTED_EDGE('',*,*,#2322,.T.);
#3075=ORIENTED_EDGE('',*,*,#2323,.T.);
#3076=ORIENTED_EDGE('',*,*,#2319,.F.);
#3077=ORIENTED_EDGE('',*,*,#2324,.F.);
#3078=ORIENTED_EDGE('',*,*,#2325,.T.);
#3079=ORIENTED_EDGE('',*,*,#2326,.T.);
#3080=ORIENTED_EDGE('',*,*,#2322,.F.);
#3081=ORIENTED_EDGE('',*,*,#2327,.F.);
#3082=ORIENTED_EDGE('',*,*,#2328,.T.);
#3083=ORIENTED_EDGE('',*,*,#2329,.T.);
#3084=ORIENTED_EDGE('',*,*,#2325,.F.);
#3085=ORIENTED_EDGE('',*,*,#2330,.F.);
#3086=ORIENTED_EDGE('',*,*,#2331,.T.);
#3087=ORIENTED_EDGE('',*,*,#2332,.T.);
#3088=ORIENTED_EDGE('',*,*,#2328,.F.);
#3089=ORIENTED_EDGE('',*,*,#2333,.F.);
#3090=ORIENTED_EDGE('',*,*,#2334,.T.);
#3091=ORIENTED_EDGE('',*,*,#2335,.T.);
#3092=ORIENTED_EDGE('',*,*,#2331,.F.);
#3093=ORIENTED_EDGE('',*,*,#2336,.F.);
#3094=ORIENTED_EDGE('',*,*,#2337,.T.);
#3095=ORIENTED_EDGE('',*,*,#2338,.T.);
#3096=ORIENTED_EDGE('',*,*,#2334,.F.);
#3097=ORIENTED_EDGE('',*,*,#2339,.F.);
#3098=ORIENTED_EDGE('',*,*,#2340,.T.);
#3099=ORIENTED_EDGE('',*,*,#2341,.T.);
#3100=ORIENTED_EDGE('',*,*,#2337,.F.);
#3101=ORIENTED_EDGE('',*,*,#2342,.F.);
#3102=ORIENTED_EDGE('',*,*,#2343,.T.);
#3103=ORIENTED_EDGE('',*,*,#2344,.T.);
#3104=ORIENTED_EDGE('',*,*,#2340,.F.);
#3105=ORIENTED_EDGE('',*,*,#2345,.F.);
#3106=ORIENTED_EDGE('',*,*,#2346,.T.);
#3107=ORIENTED_EDGE('',*,*,#2347,.T.);
#3108=ORIENTED_EDGE('',*,*,#2343,.F.);
#3109=ORIENTED_EDGE('',*,*,#2348,.F.);
#3110=ORIENTED_EDGE('',*,*,#2349,.T.);
#3111=ORIENTED_EDGE('',*,*,#2350,.T.);
#3112=ORIENTED_EDGE('',*,*,#2346,.F.);
#3113=ORIENTED_EDGE('',*,*,#2351,.F.);
#3114=ORIENTED_EDGE('',*,*,#2352,.T.);
#3115=ORIENTED_EDGE('',*,*,#2353,.T.);
#3116=ORIENTED_EDGE('',*,*,#2349,.F.);
#3117=ORIENTED_EDGE('',*,*,#2354,.F.);
#3118=ORIENTED_EDGE('',*,*,#2355,.T.);
#3119=ORIENTED_EDGE('',*,*,#2356,.T.);
#3120=ORIENTED_EDGE('',*,*,#2352,.F.);
#3121=ORIENTED_EDGE('',*,*,#2357,.F.);
#3122=ORIENTED_EDGE('',*,*,#2358,.T.);
#3123=ORIENTED_EDGE('',*,*,#2359,.T.);
#3124=ORIENTED_EDGE('',*,*,#2355,.F.);
#3125=ORIENTED_EDGE('',*,*,#2360,.F.);
#3126=ORIENTED_EDGE('',*,*,#2361,.T.);
#3127=ORIENTED_EDGE('',*,*,#2362,.T.);
#3128=ORIENTED_EDGE('',*,*,#2358,.F.);
#3129=ORIENTED_EDGE('',*,*,#2363,.F.);
#3130=ORIENTED_EDGE('',*,*,#2364,.T.);
#3131=ORIENTED_EDGE('',*,*,#2365,.T.);
#3132=ORIENTED_EDGE('',*,*,#2361,.F.);
#3133=ORIENTED_EDGE('',*,*,#2366,.F.);
#3134=ORIENTED_EDGE('',*,*,#2367,.T.);
#3135=ORIENTED_EDGE('',*,*,#2368,.T.);
#3136=ORIENTED_EDGE('',*,*,#2364,.F.);
#3137=ORIENTED_EDGE('',*,*,#2369,.F.);
#3138=ORIENTED_EDGE('',*,*,#2370,.T.);
#3139=ORIENTED_EDGE('',*,*,#2371,.T.);
#3140=ORIENTED_EDGE('',*,*,#2367,.F.);
#3141=ORIENTED_EDGE('',*,*,#2372,.F.);
#3142=ORIENTED_EDGE('',*,*,#2373,.T.);
#3143=ORIENTED_EDGE('',*,*,#2374,.T.);
#3144=ORIENTED_EDGE('',*,*,#2370,.F.);
#3145=ORIENTED_EDGE('',*,*,#2375,.F.);
#3146=ORIENTED_EDGE('',*,*,#2376,.T.);
#3147=ORIENTED_EDGE('',*,*,#2377,.T.);
#3148=ORIENTED_EDGE('',*,*,#2373,.F.);
#3149=ORIENTED_EDGE('',*,*,#2378,.F.);
#3150=ORIENTED_EDGE('',*,*,#2379,.T.);
#3151=ORIENTED_EDGE('',*,*,#2380,.T.);
#3152=ORIENTED_EDGE('',*,*,#2376,.F.);
#3153=ORIENTED_EDGE('',*,*,#2381,.F.);
#3154=ORIENTED_EDGE('',*,*,#2382,.T.);
#3155=ORIENTED_EDGE('',*,*,#2383,.T.);
#3156=ORIENTED_EDGE('',*,*,#2379,.F.);
#3157=ORIENTED_EDGE('',*,*,#2384,.F.);
#3158=ORIENTED_EDGE('',*,*,#2385,.T.);
#3159=ORIENTED_EDGE('',*,*,#2386,.T.);
#3160=ORIENTED_EDGE('',*,*,#2382,.F.);
#3161=ORIENTED_EDGE('',*,*,#2387,.F.);
#3162=ORIENTED_EDGE('',*,*,#2388,.T.);
#3163=ORIENTED_EDGE('',*,*,#2389,.T.);
#3164=ORIENTED_EDGE('',*,*,#2385,.F.);
#3165=ORIENTED_EDGE('',*,*,#2390,.F.);
#3166=ORIENTED_EDGE('',*,*,#2391,.T.);
#3167=ORIENTED_EDGE('',*,*,#2392,.T.);
#3168=ORIENTED_EDGE('',*,*,#2388,.F.);
#3169=ORIENTED_EDGE('',*,*,#2393,.F.);
#3170=ORIENTED_EDGE('',*,*,#2394,.T.);
#3171=ORIENTED_EDGE('',*,*,#2395,.T.);
#3172=ORIENTED_EDGE('',*,*,#2391,.F.);
#3173=ORIENTED_EDGE('',*,*,#2396,.F.);
#3174=ORIENTED_EDGE('',*,*,#2397,.T.);
#3175=ORIENTED_EDGE('',*,*,#2398,.T.);
#3176=ORIENTED_EDGE('',*,*,#2394,.F.);
#3177=ORIENTED_EDGE('',*,*,#2399,.F.);
#3178=ORIENTED_EDGE('',*,*,#2400,.T.);
#3179=ORIENTED_EDGE('',*,*,#2401,.T.);
#3180=ORIENTED_EDGE('',*,*,#2397,.F.);
#3181=ORIENTED_EDGE('',*,*,#2402,.F.);
#3182=ORIENTED_EDGE('',*,*,#2403,.T.);
#3183=ORIENTED_EDGE('',*,*,#2404,.T.);
#3184=ORIENTED_EDGE('',*,*,#2400,.F.);
#3185=ORIENTED_EDGE('',*,*,#2405,.F.);
#3186=ORIENTED_EDGE('',*,*,#2406,.T.);
#3187=ORIENTED_EDGE('',*,*,#2407,.T.);
#3188=ORIENTED_EDGE('',*,*,#2403,.F.);
#3189=ORIENTED_EDGE('',*,*,#2408,.F.);
#3190=ORIENTED_EDGE('',*,*,#2409,.T.);
#3191=ORIENTED_EDGE('',*,*,#2410,.T.);
#3192=ORIENTED_EDGE('',*,*,#2406,.F.);
#3193=ORIENTED_EDGE('',*,*,#2411,.F.);
#3194=ORIENTED_EDGE('',*,*,#2412,.T.);
#3195=ORIENTED_EDGE('',*,*,#2413,.T.);
#3196=ORIENTED_EDGE('',*,*,#2409,.F.);
#3197=ORIENTED_EDGE('',*,*,#2414,.F.);
#3198=ORIENTED_EDGE('',*,*,#2415,.T.);
#3199=ORIENTED_EDGE('',*,*,#2416,.T.);
#3200=ORIENTED_EDGE('',*,*,#2412,.F.);
#3201=ORIENTED_EDGE('',*,*,#2417,.F.);
#3202=ORIENTED_EDGE('',*,*,#2317,.T.);
#3203=ORIENTED_EDGE('',*,*,#2418,.T.);
#3204=ORIENTED_EDGE('',*,*,#2415,.F.);
#3205=ORIENTED_EDGE('',*,*,#2418,.F.);
#3206=ORIENTED_EDGE('',*,*,#2316,.F.);
#3207=ORIENTED_EDGE('',*,*,#2320,.F.);
#3208=ORIENTED_EDGE('',*,*,#2323,.F.);
#3209=ORIENTED_EDGE('',*,*,#2326,.F.);
#3210=ORIENTED_EDGE('',*,*,#2329,.F.);
#3211=ORIENTED_EDGE('',*,*,#2332,.F.);
#3212=ORIENTED_EDGE('',*,*,#2335,.F.);
#3213=ORIENTED_EDGE('',*,*,#2338,.F.);
#3214=ORIENTED_EDGE('',*,*,#2341,.F.);
#3215=ORIENTED_EDGE('',*,*,#2344,.F.);
#3216=ORIENTED_EDGE('',*,*,#2347,.F.);
#3217=ORIENTED_EDGE('',*,*,#2350,.F.);
#3218=ORIENTED_EDGE('',*,*,#2353,.F.);
#3219=ORIENTED_EDGE('',*,*,#2356,.F.);
#3220=ORIENTED_EDGE('',*,*,#2359,.F.);
#3221=ORIENTED_EDGE('',*,*,#2362,.F.);
#3222=ORIENTED_EDGE('',*,*,#2365,.F.);
#3223=ORIENTED_EDGE('',*,*,#2368,.F.);
#3224=ORIENTED_EDGE('',*,*,#2371,.F.);
#3225=ORIENTED_EDGE('',*,*,#2374,.F.);
#3226=ORIENTED_EDGE('',*,*,#2377,.F.);
#3227=ORIENTED_EDGE('',*,*,#2380,.F.);
#3228=ORIENTED_EDGE('',*,*,#2383,.F.);
#3229=ORIENTED_EDGE('',*,*,#2386,.F.);
#3230=ORIENTED_EDGE('',*,*,#2389,.F.);
#3231=ORIENTED_EDGE('',*,*,#2392,.F.);
#3232=ORIENTED_EDGE('',*,*,#2395,.F.);
#3233=ORIENTED_EDGE('',*,*,#2398,.F.);
#3234=ORIENTED_EDGE('',*,*,#2401,.F.);
#3235=ORIENTED_EDGE('',*,*,#2404,.F.);
#3236=ORIENTED_EDGE('',*,*,#2407,.F.);
#3237=ORIENTED_EDGE('',*,*,#2410,.F.);
#3238=ORIENTED_EDGE('',*,*,#2413,.F.);
#3239=ORIENTED_EDGE('',*,*,#2416,.F.);
#3240=ORIENTED_EDGE('',*,*,#2419,.F.);
#3241=ORIENTED_EDGE('',*,*,#2420,.T.);
#3242=ORIENTED_EDGE('',*,*,#2421,.T.);
#3243=ORIENTED_EDGE('',*,*,#2422,.F.);
#3244=ORIENTED_EDGE('',*,*,#2423,.F.);
#3245=ORIENTED_EDGE('',*,*,#2424,.T.);
#3246=ORIENTED_EDGE('',*,*,#2425,.T.);
#3247=ORIENTED_EDGE('',*,*,#2420,.F.);
#3248=ORIENTED_EDGE('',*,*,#2426,.F.);
#3249=ORIENTED_EDGE('',*,*,#2427,.T.);
#3250=ORIENTED_EDGE('',*,*,#2428,.T.);
#3251=ORIENTED_EDGE('',*,*,#2424,.F.);
#3252=ORIENTED_EDGE('',*,*,#2429,.F.);
#3253=ORIENTED_EDGE('',*,*,#2422,.T.);
#3254=ORIENTED_EDGE('',*,*,#2430,.T.);
#3255=ORIENTED_EDGE('',*,*,#2427,.F.);
#3256=ORIENTED_EDGE('',*,*,#2430,.F.);
#3257=ORIENTED_EDGE('',*,*,#2421,.F.);
#3258=ORIENTED_EDGE('',*,*,#2425,.F.);
#3259=ORIENTED_EDGE('',*,*,#2428,.F.);
#3260=ORIENTED_EDGE('',*,*,#2431,.F.);
#3261=ORIENTED_EDGE('',*,*,#2432,.T.);
#3262=ORIENTED_EDGE('',*,*,#2433,.T.);
#3263=ORIENTED_EDGE('',*,*,#2434,.F.);
#3264=ORIENTED_EDGE('',*,*,#2435,.F.);
#3265=ORIENTED_EDGE('',*,*,#2436,.T.);
#3266=ORIENTED_EDGE('',*,*,#2437,.T.);
#3267=ORIENTED_EDGE('',*,*,#2432,.F.);
#3268=ORIENTED_EDGE('',*,*,#2438,.F.);
#3269=ORIENTED_EDGE('',*,*,#2439,.T.);
#3270=ORIENTED_EDGE('',*,*,#2440,.T.);
#3271=ORIENTED_EDGE('',*,*,#2436,.F.);
#3272=ORIENTED_EDGE('',*,*,#2441,.F.);
#3273=ORIENTED_EDGE('',*,*,#2442,.T.);
#3274=ORIENTED_EDGE('',*,*,#2443,.T.);
#3275=ORIENTED_EDGE('',*,*,#2439,.F.);
#3276=ORIENTED_EDGE('',*,*,#2444,.F.);
#3277=ORIENTED_EDGE('',*,*,#2445,.T.);
#3278=ORIENTED_EDGE('',*,*,#2446,.T.);
#3279=ORIENTED_EDGE('',*,*,#2442,.F.);
#3280=ORIENTED_EDGE('',*,*,#2447,.F.);
#3281=ORIENTED_EDGE('',*,*,#2448,.T.);
#3282=ORIENTED_EDGE('',*,*,#2449,.T.);
#3283=ORIENTED_EDGE('',*,*,#2445,.F.);
#3284=ORIENTED_EDGE('',*,*,#2450,.F.);
#3285=ORIENTED_EDGE('',*,*,#2451,.T.);
#3286=ORIENTED_EDGE('',*,*,#2452,.T.);
#3287=ORIENTED_EDGE('',*,*,#2448,.F.);
#3288=ORIENTED_EDGE('',*,*,#2453,.F.);
#3289=ORIENTED_EDGE('',*,*,#2454,.T.);
#3290=ORIENTED_EDGE('',*,*,#2455,.T.);
#3291=ORIENTED_EDGE('',*,*,#2451,.F.);
#3292=ORIENTED_EDGE('',*,*,#2456,.F.);
#3293=ORIENTED_EDGE('',*,*,#2457,.T.);
#3294=ORIENTED_EDGE('',*,*,#2458,.T.);
#3295=ORIENTED_EDGE('',*,*,#2454,.F.);
#3296=ORIENTED_EDGE('',*,*,#2459,.F.);
#3297=ORIENTED_EDGE('',*,*,#2460,.T.);
#3298=ORIENTED_EDGE('',*,*,#2461,.T.);
#3299=ORIENTED_EDGE('',*,*,#2457,.F.);
#3300=ORIENTED_EDGE('',*,*,#2462,.F.);
#3301=ORIENTED_EDGE('',*,*,#2463,.T.);
#3302=ORIENTED_EDGE('',*,*,#2464,.T.);
#3303=ORIENTED_EDGE('',*,*,#2460,.F.);
#3304=ORIENTED_EDGE('',*,*,#2465,.F.);
#3305=ORIENTED_EDGE('',*,*,#2466,.T.);
#3306=ORIENTED_EDGE('',*,*,#2467,.T.);
#3307=ORIENTED_EDGE('',*,*,#2463,.F.);
#3308=ORIENTED_EDGE('',*,*,#2468,.F.);
#3309=ORIENTED_EDGE('',*,*,#2469,.T.);
#3310=ORIENTED_EDGE('',*,*,#2470,.T.);
#3311=ORIENTED_EDGE('',*,*,#2466,.F.);
#3312=ORIENTED_EDGE('',*,*,#2471,.F.);
#3313=ORIENTED_EDGE('',*,*,#2472,.T.);
#3314=ORIENTED_EDGE('',*,*,#2473,.T.);
#3315=ORIENTED_EDGE('',*,*,#2469,.F.);
#3316=ORIENTED_EDGE('',*,*,#2474,.F.);
#3317=ORIENTED_EDGE('',*,*,#2475,.T.);
#3318=ORIENTED_EDGE('',*,*,#2476,.T.);
#3319=ORIENTED_EDGE('',*,*,#2472,.F.);
#3320=ORIENTED_EDGE('',*,*,#2477,.F.);
#3321=ORIENTED_EDGE('',*,*,#2434,.T.);
#3322=ORIENTED_EDGE('',*,*,#2478,.T.);
#3323=ORIENTED_EDGE('',*,*,#2475,.F.);
#3324=ORIENTED_EDGE('',*,*,#2478,.F.);
#3325=ORIENTED_EDGE('',*,*,#2433,.F.);
#3326=ORIENTED_EDGE('',*,*,#2437,.F.);
#3327=ORIENTED_EDGE('',*,*,#2440,.F.);
#3328=ORIENTED_EDGE('',*,*,#2443,.F.);
#3329=ORIENTED_EDGE('',*,*,#2446,.F.);
#3330=ORIENTED_EDGE('',*,*,#2449,.F.);
#3331=ORIENTED_EDGE('',*,*,#2452,.F.);
#3332=ORIENTED_EDGE('',*,*,#2455,.F.);
#3333=ORIENTED_EDGE('',*,*,#2458,.F.);
#3334=ORIENTED_EDGE('',*,*,#2461,.F.);
#3335=ORIENTED_EDGE('',*,*,#2464,.F.);
#3336=ORIENTED_EDGE('',*,*,#2467,.F.);
#3337=ORIENTED_EDGE('',*,*,#2470,.F.);
#3338=ORIENTED_EDGE('',*,*,#2473,.F.);
#3339=ORIENTED_EDGE('',*,*,#2476,.F.);
#3340=ORIENTED_EDGE('',*,*,#2479,.F.);
#3341=ORIENTED_EDGE('',*,*,#2480,.T.);
#3342=ORIENTED_EDGE('',*,*,#2481,.T.);
#3343=ORIENTED_EDGE('',*,*,#2482,.F.);
#3344=ORIENTED_EDGE('',*,*,#2483,.F.);
#3345=ORIENTED_EDGE('',*,*,#2484,.T.);
#3346=ORIENTED_EDGE('',*,*,#2485,.T.);
#3347=ORIENTED_EDGE('',*,*,#2480,.F.);
#3348=ORIENTED_EDGE('',*,*,#2486,.F.);
#3349=ORIENTED_EDGE('',*,*,#2487,.T.);
#3350=ORIENTED_EDGE('',*,*,#2488,.T.);
#3351=ORIENTED_EDGE('',*,*,#2484,.F.);
#3352=ORIENTED_EDGE('',*,*,#2489,.F.);
#3353=ORIENTED_EDGE('',*,*,#2490,.T.);
#3354=ORIENTED_EDGE('',*,*,#2491,.T.);
#3355=ORIENTED_EDGE('',*,*,#2487,.F.);
#3356=ORIENTED_EDGE('',*,*,#2492,.F.);
#3357=ORIENTED_EDGE('',*,*,#2482,.T.);
#3358=ORIENTED_EDGE('',*,*,#2493,.T.);
#3359=ORIENTED_EDGE('',*,*,#2490,.F.);
#3360=ORIENTED_EDGE('',*,*,#2494,.F.);
#3361=ORIENTED_EDGE('',*,*,#2495,.T.);
#3362=ORIENTED_EDGE('',*,*,#2496,.T.);
#3363=ORIENTED_EDGE('',*,*,#2497,.F.);
#3364=ORIENTED_EDGE('',*,*,#2498,.F.);
#3365=ORIENTED_EDGE('',*,*,#2499,.T.);
#3366=ORIENTED_EDGE('',*,*,#2500,.T.);
#3367=ORIENTED_EDGE('',*,*,#2495,.F.);
#3368=ORIENTED_EDGE('',*,*,#2501,.F.);
#3369=ORIENTED_EDGE('',*,*,#2502,.T.);
#3370=ORIENTED_EDGE('',*,*,#2503,.T.);
#3371=ORIENTED_EDGE('',*,*,#2499,.F.);
#3372=ORIENTED_EDGE('',*,*,#2504,.F.);
#3373=ORIENTED_EDGE('',*,*,#2505,.T.);
#3374=ORIENTED_EDGE('',*,*,#2506,.T.);
#3375=ORIENTED_EDGE('',*,*,#2502,.F.);
#3376=ORIENTED_EDGE('',*,*,#2507,.F.);
#3377=ORIENTED_EDGE('',*,*,#2508,.T.);
#3378=ORIENTED_EDGE('',*,*,#2509,.T.);
#3379=ORIENTED_EDGE('',*,*,#2505,.F.);
#3380=ORIENTED_EDGE('',*,*,#2510,.F.);
#3381=ORIENTED_EDGE('',*,*,#2511,.T.);
#3382=ORIENTED_EDGE('',*,*,#2512,.T.);
#3383=ORIENTED_EDGE('',*,*,#2508,.F.);
#3384=ORIENTED_EDGE('',*,*,#2513,.F.);
#3385=ORIENTED_EDGE('',*,*,#2514,.T.);
#3386=ORIENTED_EDGE('',*,*,#2515,.T.);
#3387=ORIENTED_EDGE('',*,*,#2511,.F.);
#3388=ORIENTED_EDGE('',*,*,#2516,.F.);
#3389=ORIENTED_EDGE('',*,*,#2497,.T.);
#3390=ORIENTED_EDGE('',*,*,#2517,.T.);
#3391=ORIENTED_EDGE('',*,*,#2514,.F.);
#3392=ORIENTED_EDGE('',*,*,#2517,.F.);
#3393=ORIENTED_EDGE('',*,*,#2496,.F.);
#3394=ORIENTED_EDGE('',*,*,#2500,.F.);
#3395=ORIENTED_EDGE('',*,*,#2503,.F.);
#3396=ORIENTED_EDGE('',*,*,#2506,.F.);
#3397=ORIENTED_EDGE('',*,*,#2509,.F.);
#3398=ORIENTED_EDGE('',*,*,#2512,.F.);
#3399=ORIENTED_EDGE('',*,*,#2515,.F.);
#3400=ORIENTED_EDGE('',*,*,#2493,.F.);
#3401=ORIENTED_EDGE('',*,*,#2481,.F.);
#3402=ORIENTED_EDGE('',*,*,#2485,.F.);
#3403=ORIENTED_EDGE('',*,*,#2488,.F.);
#3404=ORIENTED_EDGE('',*,*,#2491,.F.);
#3405=ORIENTED_EDGE('',*,*,#2518,.F.);
#3406=ORIENTED_EDGE('',*,*,#2519,.T.);
#3407=ORIENTED_EDGE('',*,*,#2520,.T.);
#3408=ORIENTED_EDGE('',*,*,#2521,.F.);
#3409=ORIENTED_EDGE('',*,*,#2522,.F.);
#3410=ORIENTED_EDGE('',*,*,#2523,.T.);
#3411=ORIENTED_EDGE('',*,*,#2524,.T.);
#3412=ORIENTED_EDGE('',*,*,#2519,.F.);
#3413=ORIENTED_EDGE('',*,*,#2525,.F.);
#3414=ORIENTED_EDGE('',*,*,#2526,.T.);
#3415=ORIENTED_EDGE('',*,*,#2527,.T.);
#3416=ORIENTED_EDGE('',*,*,#2523,.F.);
#3417=ORIENTED_EDGE('',*,*,#2528,.F.);
#3418=ORIENTED_EDGE('',*,*,#2529,.T.);
#3419=ORIENTED_EDGE('',*,*,#2530,.T.);
#3420=ORIENTED_EDGE('',*,*,#2526,.F.);
#3421=ORIENTED_EDGE('',*,*,#2531,.F.);
#3422=ORIENTED_EDGE('',*,*,#2532,.T.);
#3423=ORIENTED_EDGE('',*,*,#2533,.T.);
#3424=ORIENTED_EDGE('',*,*,#2529,.F.);
#3425=ORIENTED_EDGE('',*,*,#2534,.F.);
#3426=ORIENTED_EDGE('',*,*,#2535,.T.);
#3427=ORIENTED_EDGE('',*,*,#2536,.T.);
#3428=ORIENTED_EDGE('',*,*,#2532,.F.);
#3429=ORIENTED_EDGE('',*,*,#2537,.F.);
#3430=ORIENTED_EDGE('',*,*,#2538,.T.);
#3431=ORIENTED_EDGE('',*,*,#2539,.T.);
#3432=ORIENTED_EDGE('',*,*,#2535,.F.);
#3433=ORIENTED_EDGE('',*,*,#2540,.F.);
#3434=ORIENTED_EDGE('',*,*,#2541,.T.);
#3435=ORIENTED_EDGE('',*,*,#2542,.T.);
#3436=ORIENTED_EDGE('',*,*,#2538,.F.);
#3437=ORIENTED_EDGE('',*,*,#2543,.F.);
#3438=ORIENTED_EDGE('',*,*,#2544,.T.);
#3439=ORIENTED_EDGE('',*,*,#2545,.T.);
#3440=ORIENTED_EDGE('',*,*,#2541,.F.);
#3441=ORIENTED_EDGE('',*,*,#2546,.F.);
#3442=ORIENTED_EDGE('',*,*,#2547,.T.);
#3443=ORIENTED_EDGE('',*,*,#2548,.T.);
#3444=ORIENTED_EDGE('',*,*,#2544,.F.);
#3445=ORIENTED_EDGE('',*,*,#2549,.F.);
#3446=ORIENTED_EDGE('',*,*,#2550,.T.);
#3447=ORIENTED_EDGE('',*,*,#2551,.T.);
#3448=ORIENTED_EDGE('',*,*,#2547,.F.);
#3449=ORIENTED_EDGE('',*,*,#2552,.F.);
#3450=ORIENTED_EDGE('',*,*,#2553,.T.);
#3451=ORIENTED_EDGE('',*,*,#2554,.T.);
#3452=ORIENTED_EDGE('',*,*,#2550,.F.);
#3453=ORIENTED_EDGE('',*,*,#2555,.F.);
#3454=ORIENTED_EDGE('',*,*,#2556,.T.);
#3455=ORIENTED_EDGE('',*,*,#2557,.T.);
#3456=ORIENTED_EDGE('',*,*,#2553,.F.);
#3457=ORIENTED_EDGE('',*,*,#2558,.F.);
#3458=ORIENTED_EDGE('',*,*,#2559,.T.);
#3459=ORIENTED_EDGE('',*,*,#2560,.T.);
#3460=ORIENTED_EDGE('',*,*,#2556,.F.);
#3461=ORIENTED_EDGE('',*,*,#2561,.F.);
#3462=ORIENTED_EDGE('',*,*,#2562,.T.);
#3463=ORIENTED_EDGE('',*,*,#2563,.T.);
#3464=ORIENTED_EDGE('',*,*,#2559,.F.);
#3465=ORIENTED_EDGE('',*,*,#2564,.F.);
#3466=ORIENTED_EDGE('',*,*,#2521,.T.);
#3467=ORIENTED_EDGE('',*,*,#2565,.T.);
#3468=ORIENTED_EDGE('',*,*,#2562,.F.);
#3469=ORIENTED_EDGE('',*,*,#2565,.F.);
#3470=ORIENTED_EDGE('',*,*,#2520,.F.);
#3471=ORIENTED_EDGE('',*,*,#2524,.F.);
#3472=ORIENTED_EDGE('',*,*,#2527,.F.);
#3473=ORIENTED_EDGE('',*,*,#2530,.F.);
#3474=ORIENTED_EDGE('',*,*,#2533,.F.);
#3475=ORIENTED_EDGE('',*,*,#2536,.F.);
#3476=ORIENTED_EDGE('',*,*,#2539,.F.);
#3477=ORIENTED_EDGE('',*,*,#2542,.F.);
#3478=ORIENTED_EDGE('',*,*,#2545,.F.);
#3479=ORIENTED_EDGE('',*,*,#2548,.F.);
#3480=ORIENTED_EDGE('',*,*,#2551,.F.);
#3481=ORIENTED_EDGE('',*,*,#2554,.F.);
#3482=ORIENTED_EDGE('',*,*,#2557,.F.);
#3483=ORIENTED_EDGE('',*,*,#2560,.F.);
#3484=ORIENTED_EDGE('',*,*,#2563,.F.);
#3485=ORIENTED_EDGE('',*,*,#2566,.F.);
#3486=ORIENTED_EDGE('',*,*,#2567,.T.);
#3487=ORIENTED_EDGE('',*,*,#2568,.T.);
#3488=ORIENTED_EDGE('',*,*,#2569,.F.);
#3489=ORIENTED_EDGE('',*,*,#2570,.F.);
#3490=ORIENTED_EDGE('',*,*,#2571,.T.);
#3491=ORIENTED_EDGE('',*,*,#2572,.T.);
#3492=ORIENTED_EDGE('',*,*,#2567,.F.);
#3493=ORIENTED_EDGE('',*,*,#2573,.F.);
#3494=ORIENTED_EDGE('',*,*,#2574,.T.);
#3495=ORIENTED_EDGE('',*,*,#2575,.T.);
#3496=ORIENTED_EDGE('',*,*,#2571,.F.);
#3497=ORIENTED_EDGE('',*,*,#2576,.F.);
#3498=ORIENTED_EDGE('',*,*,#2577,.T.);
#3499=ORIENTED_EDGE('',*,*,#2578,.T.);
#3500=ORIENTED_EDGE('',*,*,#2574,.F.);
#3501=ORIENTED_EDGE('',*,*,#2579,.F.);
#3502=ORIENTED_EDGE('',*,*,#2580,.T.);
#3503=ORIENTED_EDGE('',*,*,#2581,.T.);
#3504=ORIENTED_EDGE('',*,*,#2577,.F.);
#3505=ORIENTED_EDGE('',*,*,#2582,.F.);
#3506=ORIENTED_EDGE('',*,*,#2583,.T.);
#3507=ORIENTED_EDGE('',*,*,#2584,.T.);
#3508=ORIENTED_EDGE('',*,*,#2580,.F.);
#3509=ORIENTED_EDGE('',*,*,#2585,.F.);
#3510=ORIENTED_EDGE('',*,*,#2586,.T.);
#3511=ORIENTED_EDGE('',*,*,#2587,.T.);
#3512=ORIENTED_EDGE('',*,*,#2583,.F.);
#3513=ORIENTED_EDGE('',*,*,#2588,.F.);
#3514=ORIENTED_EDGE('',*,*,#2589,.T.);
#3515=ORIENTED_EDGE('',*,*,#2590,.T.);
#3516=ORIENTED_EDGE('',*,*,#2586,.F.);
#3517=ORIENTED_EDGE('',*,*,#2591,.F.);
#3518=ORIENTED_EDGE('',*,*,#2592,.T.);
#3519=ORIENTED_EDGE('',*,*,#2593,.T.);
#3520=ORIENTED_EDGE('',*,*,#2589,.F.);
#3521=ORIENTED_EDGE('',*,*,#2594,.F.);
#3522=ORIENTED_EDGE('',*,*,#2595,.T.);
#3523=ORIENTED_EDGE('',*,*,#2596,.T.);
#3524=ORIENTED_EDGE('',*,*,#2592,.F.);
#3525=ORIENTED_EDGE('',*,*,#2597,.F.);
#3526=ORIENTED_EDGE('',*,*,#2598,.T.);
#3527=ORIENTED_EDGE('',*,*,#2599,.T.);
#3528=ORIENTED_EDGE('',*,*,#2595,.F.);
#3529=ORIENTED_EDGE('',*,*,#2600,.F.);
#3530=ORIENTED_EDGE('',*,*,#2601,.T.);
#3531=ORIENTED_EDGE('',*,*,#2602,.T.);
#3532=ORIENTED_EDGE('',*,*,#2598,.F.);
#3533=ORIENTED_EDGE('',*,*,#2603,.F.);
#3534=ORIENTED_EDGE('',*,*,#2604,.T.);
#3535=ORIENTED_EDGE('',*,*,#2605,.T.);
#3536=ORIENTED_EDGE('',*,*,#2601,.F.);
#3537=ORIENTED_EDGE('',*,*,#2606,.F.);
#3538=ORIENTED_EDGE('',*,*,#2607,.T.);
#3539=ORIENTED_EDGE('',*,*,#2608,.T.);
#3540=ORIENTED_EDGE('',*,*,#2604,.F.);
#3541=ORIENTED_EDGE('',*,*,#2609,.F.);
#3542=ORIENTED_EDGE('',*,*,#2610,.T.);
#3543=ORIENTED_EDGE('',*,*,#2611,.T.);
#3544=ORIENTED_EDGE('',*,*,#2607,.F.);
#3545=ORIENTED_EDGE('',*,*,#2612,.F.);
#3546=ORIENTED_EDGE('',*,*,#2569,.T.);
#3547=ORIENTED_EDGE('',*,*,#2613,.T.);
#3548=ORIENTED_EDGE('',*,*,#2610,.F.);
#3549=ORIENTED_EDGE('',*,*,#2613,.F.);
#3550=ORIENTED_EDGE('',*,*,#2568,.F.);
#3551=ORIENTED_EDGE('',*,*,#2572,.F.);
#3552=ORIENTED_EDGE('',*,*,#2575,.F.);
#3553=ORIENTED_EDGE('',*,*,#2578,.F.);
#3554=ORIENTED_EDGE('',*,*,#2581,.F.);
#3555=ORIENTED_EDGE('',*,*,#2584,.F.);
#3556=ORIENTED_EDGE('',*,*,#2587,.F.);
#3557=ORIENTED_EDGE('',*,*,#2590,.F.);
#3558=ORIENTED_EDGE('',*,*,#2593,.F.);
#3559=ORIENTED_EDGE('',*,*,#2596,.F.);
#3560=ORIENTED_EDGE('',*,*,#2599,.F.);
#3561=ORIENTED_EDGE('',*,*,#2602,.F.);
#3562=ORIENTED_EDGE('',*,*,#2605,.F.);
#3563=ORIENTED_EDGE('',*,*,#2608,.F.);
#3564=ORIENTED_EDGE('',*,*,#2611,.F.);
#3565=ORIENTED_EDGE('',*,*,#2614,.F.);
#3566=ORIENTED_EDGE('',*,*,#2615,.T.);
#3567=ORIENTED_EDGE('',*,*,#2616,.T.);
#3568=ORIENTED_EDGE('',*,*,#2617,.F.);
#3569=ORIENTED_EDGE('',*,*,#2618,.F.);
#3570=ORIENTED_EDGE('',*,*,#2619,.T.);
#3571=ORIENTED_EDGE('',*,*,#2620,.T.);
#3572=ORIENTED_EDGE('',*,*,#2615,.F.);
#3573=ORIENTED_EDGE('',*,*,#2621,.F.);
#3574=ORIENTED_EDGE('',*,*,#2622,.T.);
#3575=ORIENTED_EDGE('',*,*,#2623,.T.);
#3576=ORIENTED_EDGE('',*,*,#2619,.F.);
#3577=ORIENTED_EDGE('',*,*,#2624,.F.);
#3578=ORIENTED_EDGE('',*,*,#2625,.T.);
#3579=ORIENTED_EDGE('',*,*,#2626,.T.);
#3580=ORIENTED_EDGE('',*,*,#2622,.F.);
#3581=ORIENTED_EDGE('',*,*,#2627,.F.);
#3582=ORIENTED_EDGE('',*,*,#2617,.T.);
#3583=ORIENTED_EDGE('',*,*,#2628,.T.);
#3584=ORIENTED_EDGE('',*,*,#2625,.F.);
#3585=ORIENTED_EDGE('',*,*,#2629,.F.);
#3586=ORIENTED_EDGE('',*,*,#2630,.T.);
#3587=ORIENTED_EDGE('',*,*,#2631,.T.);
#3588=ORIENTED_EDGE('',*,*,#2632,.F.);
#3589=ORIENTED_EDGE('',*,*,#2633,.F.);
#3590=ORIENTED_EDGE('',*,*,#2634,.T.);
#3591=ORIENTED_EDGE('',*,*,#2635,.T.);
#3592=ORIENTED_EDGE('',*,*,#2630,.F.);
#3593=ORIENTED_EDGE('',*,*,#2636,.F.);
#3594=ORIENTED_EDGE('',*,*,#2637,.T.);
#3595=ORIENTED_EDGE('',*,*,#2638,.T.);
#3596=ORIENTED_EDGE('',*,*,#2634,.F.);
#3597=ORIENTED_EDGE('',*,*,#2639,.F.);
#3598=ORIENTED_EDGE('',*,*,#2640,.T.);
#3599=ORIENTED_EDGE('',*,*,#2641,.T.);
#3600=ORIENTED_EDGE('',*,*,#2637,.F.);
#3601=ORIENTED_EDGE('',*,*,#2642,.F.);
#3602=ORIENTED_EDGE('',*,*,#2643,.T.);
#3603=ORIENTED_EDGE('',*,*,#2644,.T.);
#3604=ORIENTED_EDGE('',*,*,#2640,.F.);
#3605=ORIENTED_EDGE('',*,*,#2645,.F.);
#3606=ORIENTED_EDGE('',*,*,#2646,.T.);
#3607=ORIENTED_EDGE('',*,*,#2647,.T.);
#3608=ORIENTED_EDGE('',*,*,#2643,.F.);
#3609=ORIENTED_EDGE('',*,*,#2648,.F.);
#3610=ORIENTED_EDGE('',*,*,#2649,.T.);
#3611=ORIENTED_EDGE('',*,*,#2650,.T.);
#3612=ORIENTED_EDGE('',*,*,#2646,.F.);
#3613=ORIENTED_EDGE('',*,*,#2651,.F.);
#3614=ORIENTED_EDGE('',*,*,#2632,.T.);
#3615=ORIENTED_EDGE('',*,*,#2652,.T.);
#3616=ORIENTED_EDGE('',*,*,#2649,.F.);
#3617=ORIENTED_EDGE('',*,*,#2652,.F.);
#3618=ORIENTED_EDGE('',*,*,#2631,.F.);
#3619=ORIENTED_EDGE('',*,*,#2635,.F.);
#3620=ORIENTED_EDGE('',*,*,#2638,.F.);
#3621=ORIENTED_EDGE('',*,*,#2641,.F.);
#3622=ORIENTED_EDGE('',*,*,#2644,.F.);
#3623=ORIENTED_EDGE('',*,*,#2647,.F.);
#3624=ORIENTED_EDGE('',*,*,#2650,.F.);
#3625=ORIENTED_EDGE('',*,*,#2628,.F.);
#3626=ORIENTED_EDGE('',*,*,#2616,.F.);
#3627=ORIENTED_EDGE('',*,*,#2620,.F.);
#3628=ORIENTED_EDGE('',*,*,#2623,.F.);
#3629=ORIENTED_EDGE('',*,*,#2626,.F.);
#3630=ORIENTED_EDGE('',*,*,#2653,.F.);
#3631=ORIENTED_EDGE('',*,*,#2654,.T.);
#3632=ORIENTED_EDGE('',*,*,#2655,.T.);
#3633=ORIENTED_EDGE('',*,*,#2656,.F.);
#3634=ORIENTED_EDGE('',*,*,#2657,.F.);
#3635=ORIENTED_EDGE('',*,*,#2658,.T.);
#3636=ORIENTED_EDGE('',*,*,#2659,.T.);
#3637=ORIENTED_EDGE('',*,*,#2654,.F.);
#3638=ORIENTED_EDGE('',*,*,#2660,.F.);
#3639=ORIENTED_EDGE('',*,*,#2661,.T.);
#3640=ORIENTED_EDGE('',*,*,#2662,.T.);
#3641=ORIENTED_EDGE('',*,*,#2658,.F.);
#3642=ORIENTED_EDGE('',*,*,#2663,.F.);
#3643=ORIENTED_EDGE('',*,*,#2664,.T.);
#3644=ORIENTED_EDGE('',*,*,#2665,.T.);
#3645=ORIENTED_EDGE('',*,*,#2661,.F.);
#3646=ORIENTED_EDGE('',*,*,#2666,.F.);
#3647=ORIENTED_EDGE('',*,*,#2667,.T.);
#3648=ORIENTED_EDGE('',*,*,#2668,.T.);
#3649=ORIENTED_EDGE('',*,*,#2664,.F.);
#3650=ORIENTED_EDGE('',*,*,#2669,.F.);
#3651=ORIENTED_EDGE('',*,*,#2670,.T.);
#3652=ORIENTED_EDGE('',*,*,#2671,.T.);
#3653=ORIENTED_EDGE('',*,*,#2667,.F.);
#3654=ORIENTED_EDGE('',*,*,#2672,.F.);
#3655=ORIENTED_EDGE('',*,*,#2673,.T.);
#3656=ORIENTED_EDGE('',*,*,#2674,.T.);
#3657=ORIENTED_EDGE('',*,*,#2670,.F.);
#3658=ORIENTED_EDGE('',*,*,#2675,.F.);
#3659=ORIENTED_EDGE('',*,*,#2676,.T.);
#3660=ORIENTED_EDGE('',*,*,#2677,.T.);
#3661=ORIENTED_EDGE('',*,*,#2673,.F.);
#3662=ORIENTED_EDGE('',*,*,#2678,.F.);
#3663=ORIENTED_EDGE('',*,*,#2679,.T.);
#3664=ORIENTED_EDGE('',*,*,#2680,.T.);
#3665=ORIENTED_EDGE('',*,*,#2676,.F.);
#3666=ORIENTED_EDGE('',*,*,#2681,.F.);
#3667=ORIENTED_EDGE('',*,*,#2682,.T.);
#3668=ORIENTED_EDGE('',*,*,#2683,.T.);
#3669=ORIENTED_EDGE('',*,*,#2679,.F.);
#3670=ORIENTED_EDGE('',*,*,#2684,.F.);
#3671=ORIENTED_EDGE('',*,*,#2656,.T.);
#3672=ORIENTED_EDGE('',*,*,#2685,.T.);
#3673=ORIENTED_EDGE('',*,*,#2682,.F.);
#3674=ORIENTED_EDGE('',*,*,#2685,.F.);
#3675=ORIENTED_EDGE('',*,*,#2655,.F.);
#3676=ORIENTED_EDGE('',*,*,#2659,.F.);
#3677=ORIENTED_EDGE('',*,*,#2662,.F.);
#3678=ORIENTED_EDGE('',*,*,#2665,.F.);
#3679=ORIENTED_EDGE('',*,*,#2668,.F.);
#3680=ORIENTED_EDGE('',*,*,#2671,.F.);
#3681=ORIENTED_EDGE('',*,*,#2674,.F.);
#3682=ORIENTED_EDGE('',*,*,#2677,.F.);
#3683=ORIENTED_EDGE('',*,*,#2680,.F.);
#3684=ORIENTED_EDGE('',*,*,#2683,.F.);
#3685=ORIENTED_EDGE('',*,*,#2614,.T.);
#3686=ORIENTED_EDGE('',*,*,#2627,.T.);
#3687=ORIENTED_EDGE('',*,*,#2624,.T.);
#3688=ORIENTED_EDGE('',*,*,#2621,.T.);
#3689=ORIENTED_EDGE('',*,*,#2618,.T.);
#3690=ORIENTED_EDGE('',*,*,#2479,.T.);
#3691=ORIENTED_EDGE('',*,*,#2492,.T.);
#3692=ORIENTED_EDGE('',*,*,#2489,.T.);
#3693=ORIENTED_EDGE('',*,*,#2486,.T.);
#3694=ORIENTED_EDGE('',*,*,#2483,.T.);
#3695=ORIENTED_EDGE('',*,*,#2686,.F.);
#3696=ORIENTED_EDGE('',*,*,#2687,.F.);
#3697=ORIENTED_EDGE('',*,*,#2688,.F.);
#3698=ORIENTED_EDGE('',*,*,#2689,.F.);
#3699=ORIENTED_EDGE('',*,*,#2690,.F.);
#3700=ORIENTED_EDGE('',*,*,#2691,.F.);
#3701=ORIENTED_EDGE('',*,*,#2692,.F.);
#3702=ORIENTED_EDGE('',*,*,#2693,.T.);
#3703=ORIENTED_EDGE('',*,*,#2694,.F.);
#3704=ORIENTED_EDGE('',*,*,#2695,.T.);
#3705=ORIENTED_EDGE('',*,*,#2696,.T.);
#3706=ORIENTED_EDGE('',*,*,#2697,.F.);
#3707=ORIENTED_EDGE('',*,*,#2698,.F.);
#3708=ORIENTED_EDGE('',*,*,#2699,.F.);
#3709=ORIENTED_EDGE('',*,*,#2700,.F.);
#3710=ORIENTED_EDGE('',*,*,#2687,.T.);
#3711=ORIENTED_EDGE('',*,*,#2701,.T.);
#3712=ORIENTED_EDGE('',*,*,#2702,.T.);
#3713=ORIENTED_EDGE('',*,*,#2703,.F.);
#3714=ORIENTED_EDGE('',*,*,#2704,.T.);
#3715=ORIENTED_EDGE('',*,*,#2689,.T.);
#3716=ORIENTED_EDGE('',*,*,#2705,.F.);
#3717=ORIENTED_EDGE('',*,*,#2706,.T.);
#3718=ORIENTED_EDGE('',*,*,#2707,.T.);
#3719=ORIENTED_EDGE('',*,*,#2688,.T.);
#3720=ORIENTED_EDGE('',*,*,#2700,.T.);
#3721=ORIENTED_EDGE('',*,*,#2708,.T.);
#3722=ORIENTED_EDGE('',*,*,#2709,.T.);
#3723=ORIENTED_EDGE('',*,*,#2692,.T.);
#3724=ORIENTED_EDGE('',*,*,#2710,.T.);
#3725=ORIENTED_EDGE('',*,*,#2711,.T.);
#3726=ORIENTED_EDGE('',*,*,#2712,.T.);
#3727=ORIENTED_EDGE('',*,*,#2713,.F.);
#3728=ORIENTED_EDGE('',*,*,#2714,.T.);
#3729=ORIENTED_EDGE('',*,*,#2715,.F.);
#3730=ORIENTED_EDGE('',*,*,#2716,.T.);
#3731=ORIENTED_EDGE('',*,*,#2717,.T.);
#3732=ORIENTED_EDGE('',*,*,#2705,.T.);
#3733=ORIENTED_EDGE('',*,*,#2691,.T.);
#3734=ORIENTED_EDGE('',*,*,#2718,.T.);
#3735=ORIENTED_EDGE('',*,*,#2719,.T.);
#3736=ORIENTED_EDGE('',*,*,#2710,.F.);
#3737=ORIENTED_EDGE('',*,*,#2696,.F.);
#3738=ORIENTED_EDGE('',*,*,#2720,.T.);
#3739=ORIENTED_EDGE('',*,*,#2721,.F.);
#3740=ORIENTED_EDGE('',*,*,#2722,.F.);
#3741=ORIENTED_EDGE('',*,*,#2723,.F.);
#3742=ORIENTED_EDGE('',*,*,#2724,.F.);
#3743=ORIENTED_EDGE('',*,*,#2725,.F.);
#3744=ORIENTED_EDGE('',*,*,#2726,.T.);
#3745=ORIENTED_EDGE('',*,*,#2727,.T.);
#3746=ORIENTED_EDGE('',*,*,#2728,.T.);
#3747=ORIENTED_EDGE('',*,*,#2729,.T.);
#3748=ORIENTED_EDGE('',*,*,#2730,.T.);
#3749=ORIENTED_EDGE('',*,*,#2690,.T.);
#3750=ORIENTED_EDGE('',*,*,#2731,.F.);
#3751=ORIENTED_EDGE('',*,*,#2732,.T.);
#3752=ORIENTED_EDGE('',*,*,#2718,.F.);
#3753=ORIENTED_EDGE('',*,*,#2733,.T.);
#3754=ORIENTED_EDGE('',*,*,#2698,.T.);
#3755=ORIENTED_EDGE('',*,*,#2734,.T.);
#3756=ORIENTED_EDGE('',*,*,#2735,.T.);
#3757=ORIENTED_EDGE('',*,*,#2736,.T.);
#3758=ORIENTED_EDGE('',*,*,#2737,.F.);
#3759=ORIENTED_EDGE('',*,*,#2738,.T.);
#3760=ORIENTED_EDGE('',*,*,#2739,.F.);
#3761=ORIENTED_EDGE('',*,*,#2740,.F.);
#3762=ORIENTED_EDGE('',*,*,#2741,.F.);
#3763=ORIENTED_EDGE('',*,*,#2742,.F.);
#3764=ORIENTED_EDGE('',*,*,#2702,.F.);
#3765=ORIENTED_EDGE('',*,*,#2686,.T.);
#3766=ORIENTED_EDGE('',*,*,#2707,.F.);
#3767=ORIENTED_EDGE('',*,*,#2743,.T.);
#3768=ORIENTED_EDGE('',*,*,#2694,.T.);
#3769=ORIENTED_EDGE('',*,*,#2744,.T.);
#3770=ORIENTED_EDGE('',*,*,#2745,.T.);
#3771=ORIENTED_EDGE('',*,*,#2746,.T.);
#3772=ORIENTED_EDGE('',*,*,#2747,.T.);
#3773=ORIENTED_EDGE('',*,*,#2745,.F.);
#3774=ORIENTED_EDGE('',*,*,#2748,.F.);
#3775=ORIENTED_EDGE('',*,*,#2749,.F.);
#3776=ORIENTED_EDGE('',*,*,#2750,.F.);
#3777=ORIENTED_EDGE('',*,*,#2751,.T.);
#3778=ORIENTED_EDGE('',*,*,#2752,.T.);
#3779=ORIENTED_EDGE('',*,*,#2753,.T.);
#3780=ORIENTED_EDGE('',*,*,#2754,.T.);
#3781=ORIENTED_EDGE('',*,*,#2747,.F.);
#3782=ORIENTED_EDGE('',*,*,#2755,.F.);
#3783=ORIENTED_EDGE('',*,*,#2752,.F.);
#3784=ORIENTED_EDGE('',*,*,#2756,.F.);
#3785=ORIENTED_EDGE('',*,*,#2757,.T.);
#3786=ORIENTED_EDGE('',*,*,#2758,.T.);
#3787=ORIENTED_EDGE('',*,*,#2759,.T.);
#3788=ORIENTED_EDGE('',*,*,#2760,.T.);
#3789=ORIENTED_EDGE('',*,*,#2754,.F.);
#3790=ORIENTED_EDGE('',*,*,#2761,.F.);
#3791=ORIENTED_EDGE('',*,*,#2758,.F.);
#3792=ORIENTED_EDGE('',*,*,#2762,.F.);
#3793=ORIENTED_EDGE('',*,*,#2763,.T.);
#3794=ORIENTED_EDGE('',*,*,#2764,.T.);
#3795=ORIENTED_EDGE('',*,*,#2765,.T.);
#3796=ORIENTED_EDGE('',*,*,#2749,.T.);
#3797=ORIENTED_EDGE('',*,*,#2760,.F.);
#3798=ORIENTED_EDGE('',*,*,#2766,.F.);
#3799=ORIENTED_EDGE('',*,*,#2764,.F.);
#3800=ORIENTED_EDGE('',*,*,#2767,.F.);
#3801=ORIENTED_EDGE('',*,*,#2768,.T.);
#3802=ORIENTED_EDGE('',*,*,#2769,.T.);
#3803=ORIENTED_EDGE('',*,*,#2770,.T.);
#3804=ORIENTED_EDGE('',*,*,#2771,.T.);
#3805=ORIENTED_EDGE('',*,*,#2769,.F.);
#3806=ORIENTED_EDGE('',*,*,#2772,.F.);
#3807=ORIENTED_EDGE('',*,*,#2773,.F.);
#3808=ORIENTED_EDGE('',*,*,#2774,.F.);
#3809=ORIENTED_EDGE('',*,*,#2775,.T.);
#3810=ORIENTED_EDGE('',*,*,#2776,.T.);
#3811=ORIENTED_EDGE('',*,*,#2777,.T.);
#3812=ORIENTED_EDGE('',*,*,#2778,.T.);
#3813=ORIENTED_EDGE('',*,*,#2771,.F.);
#3814=ORIENTED_EDGE('',*,*,#2779,.F.);
#3815=ORIENTED_EDGE('',*,*,#2776,.F.);
#3816=ORIENTED_EDGE('',*,*,#2780,.F.);
#3817=ORIENTED_EDGE('',*,*,#2781,.T.);
#3818=ORIENTED_EDGE('',*,*,#2782,.T.);
#3819=ORIENTED_EDGE('',*,*,#2783,.T.);
#3820=ORIENTED_EDGE('',*,*,#2773,.T.);
#3821=ORIENTED_EDGE('',*,*,#2782,.F.);
#3822=ORIENTED_EDGE('',*,*,#2784,.F.);
#3823=ORIENTED_EDGE('',*,*,#2785,.F.);
#3824=ORIENTED_EDGE('',*,*,#2786,.F.);
#3825=ORIENTED_EDGE('',*,*,#2787,.T.);
#3826=ORIENTED_EDGE('',*,*,#2788,.T.);
#3827=ORIENTED_EDGE('',*,*,#2789,.T.);
#3828=ORIENTED_EDGE('',*,*,#2785,.T.);
#3829=ORIENTED_EDGE('',*,*,#2778,.F.);
#3830=ORIENTED_EDGE('',*,*,#2790,.F.);
#3831=ORIENTED_EDGE('',*,*,#2788,.F.);
#3832=ORIENTED_EDGE('',*,*,#2791,.F.);
#3833=ORIENTED_EDGE('',*,*,#2743,.F.);
#3834=ORIENTED_EDGE('',*,*,#2706,.F.);
#3835=ORIENTED_EDGE('',*,*,#2717,.F.);
#3836=ORIENTED_EDGE('',*,*,#2792,.F.);
#3837=ORIENTED_EDGE('',*,*,#2793,.F.);
#3838=ORIENTED_EDGE('',*,*,#2794,.F.);
#3839=ORIENTED_EDGE('',*,*,#2720,.F.);
#3840=ORIENTED_EDGE('',*,*,#2695,.F.);
#3841=ORIENTED_EDGE('',*,*,#2719,.F.);
#3842=ORIENTED_EDGE('',*,*,#2732,.F.);
#3843=ORIENTED_EDGE('',*,*,#2795,.F.);
#3844=ORIENTED_EDGE('',*,*,#2726,.F.);
#3845=ORIENTED_EDGE('',*,*,#2796,.F.);
#3846=ORIENTED_EDGE('',*,*,#2797,.F.);
#3847=ORIENTED_EDGE('',*,*,#2798,.F.);
#3848=ORIENTED_EDGE('',*,*,#2711,.F.);
#3849=ORIENTED_EDGE('',*,*,#2796,.T.);
#3850=ORIENTED_EDGE('',*,*,#2725,.T.);
#3851=ORIENTED_EDGE('',*,*,#2799,.F.);
#3852=ORIENTED_EDGE('',*,*,#2800,.T.);
#3853=ORIENTED_EDGE('',*,*,#2737,.T.);
#3854=ORIENTED_EDGE('',*,*,#2801,.F.);
#3855=ORIENTED_EDGE('',*,*,#2727,.F.);
#3856=ORIENTED_EDGE('',*,*,#2795,.T.);
#3857=ORIENTED_EDGE('',*,*,#2731,.T.);
#3858=ORIENTED_EDGE('',*,*,#2693,.F.);
#3859=ORIENTED_EDGE('',*,*,#2709,.F.);
#3860=ORIENTED_EDGE('',*,*,#2802,.T.);
#3861=ORIENTED_EDGE('',*,*,#2792,.T.);
#3862=ORIENTED_EDGE('',*,*,#2716,.F.);
#3863=ORIENTED_EDGE('',*,*,#2803,.F.);
#3864=ORIENTED_EDGE('',*,*,#2804,.F.);
#3865=ORIENTED_EDGE('',*,*,#2715,.T.);
#3866=ORIENTED_EDGE('',*,*,#2805,.T.);
#3867=ORIENTED_EDGE('',*,*,#2806,.T.);
#3868=ORIENTED_EDGE('',*,*,#2803,.T.);
#3869=ORIENTED_EDGE('',*,*,#2797,.T.);
#3870=ORIENTED_EDGE('',*,*,#2800,.F.);
#3871=ORIENTED_EDGE('',*,*,#2807,.F.);
#3872=ORIENTED_EDGE('',*,*,#2808,.T.);
#3873=ORIENTED_EDGE('',*,*,#2809,.F.);
#3874=ORIENTED_EDGE('',*,*,#2810,.T.);
#3875=ORIENTED_EDGE('',*,*,#2793,.T.);
#3876=ORIENTED_EDGE('',*,*,#2804,.T.);
#3877=ORIENTED_EDGE('',*,*,#2806,.F.);
#3878=ORIENTED_EDGE('',*,*,#2811,.T.);
#3879=ORIENTED_EDGE('',*,*,#2812,.F.);
#3880=ORIENTED_EDGE('',*,*,#2813,.F.);
#3881=ORIENTED_EDGE('',*,*,#2713,.T.);
#3882=ORIENTED_EDGE('',*,*,#2814,.T.);
#3883=ORIENTED_EDGE('',*,*,#2812,.T.);
#3884=ORIENTED_EDGE('',*,*,#2815,.T.);
#3885=ORIENTED_EDGE('',*,*,#2798,.T.);
#3886=ORIENTED_EDGE('',*,*,#2813,.T.);
#3887=ORIENTED_EDGE('',*,*,#2814,.F.);
#3888=ORIENTED_EDGE('',*,*,#2712,.F.);
#3889=ORIENTED_EDGE('',*,*,#2816,.F.);
#3890=ORIENTED_EDGE('',*,*,#2703,.T.);
#3891=ORIENTED_EDGE('',*,*,#2742,.T.);
#3892=ORIENTED_EDGE('',*,*,#2817,.T.);
#3893=ORIENTED_EDGE('',*,*,#2817,.F.);
#3894=ORIENTED_EDGE('',*,*,#2741,.T.);
#3895=ORIENTED_EDGE('',*,*,#2818,.F.);
#3896=ORIENTED_EDGE('',*,*,#2819,.T.);
#3897=ORIENTED_EDGE('',*,*,#2755,.T.);
#3898=ORIENTED_EDGE('',*,*,#2746,.F.);
#3899=ORIENTED_EDGE('',*,*,#2750,.T.);
#3900=ORIENTED_EDGE('',*,*,#2765,.F.);
#3901=ORIENTED_EDGE('',*,*,#2766,.T.);
#3902=ORIENTED_EDGE('',*,*,#2759,.F.);
#3903=ORIENTED_EDGE('',*,*,#2761,.T.);
#3904=ORIENTED_EDGE('',*,*,#2753,.F.);
#3905=ORIENTED_EDGE('',*,*,#2790,.T.);
#3906=ORIENTED_EDGE('',*,*,#2777,.F.);
#3907=ORIENTED_EDGE('',*,*,#2779,.T.);
#3908=ORIENTED_EDGE('',*,*,#2770,.F.);
#3909=ORIENTED_EDGE('',*,*,#2774,.T.);
#3910=ORIENTED_EDGE('',*,*,#2783,.F.);
#3911=ORIENTED_EDGE('',*,*,#2786,.T.);
#3912=ORIENTED_EDGE('',*,*,#2789,.F.);
#3913=ORIENTED_EDGE('',*,*,#2809,.T.);
#3914=ORIENTED_EDGE('',*,*,#2820,.T.);
#3915=ORIENTED_EDGE('',*,*,#2722,.T.);
#3916=ORIENTED_EDGE('',*,*,#2821,.T.);
#3917=ORIENTED_EDGE('',*,*,#2820,.F.);
#3918=ORIENTED_EDGE('',*,*,#2808,.F.);
#3919=ORIENTED_EDGE('',*,*,#2822,.F.);
#3920=ORIENTED_EDGE('',*,*,#2723,.T.);
#3921=ORIENTED_EDGE('',*,*,#2823,.F.);
#3922=ORIENTED_EDGE('',*,*,#2818,.T.);
#3923=ORIENTED_EDGE('',*,*,#2740,.T.);
#3924=ORIENTED_EDGE('',*,*,#2824,.T.);
#3925=ORIENTED_EDGE('',*,*,#2825,.T.);
#3926=ORIENTED_EDGE('',*,*,#2826,.T.);
#3927=ORIENTED_EDGE('',*,*,#2824,.F.);
#3928=ORIENTED_EDGE('',*,*,#2739,.T.);
#3929=ORIENTED_EDGE('',*,*,#2807,.T.);
#3930=ORIENTED_EDGE('',*,*,#2799,.T.);
#3931=ORIENTED_EDGE('',*,*,#2724,.T.);
#3932=ORIENTED_EDGE('',*,*,#2822,.T.);
#3933=ORIENTED_EDGE('',*,*,#2728,.F.);
#3934=ORIENTED_EDGE('',*,*,#2801,.T.);
#3935=ORIENTED_EDGE('',*,*,#2736,.F.);
#3936=ORIENTED_EDGE('',*,*,#2827,.T.);
#3937=ORIENTED_EDGE('',*,*,#2827,.F.);
#3938=ORIENTED_EDGE('',*,*,#2735,.F.);
#3939=ORIENTED_EDGE('',*,*,#2828,.F.);
#3940=ORIENTED_EDGE('',*,*,#2729,.F.);
#3941=ORIENTED_EDGE('',*,*,#2734,.F.);
#3942=ORIENTED_EDGE('',*,*,#2697,.T.);
#3943=ORIENTED_EDGE('',*,*,#2730,.F.);
#3944=ORIENTED_EDGE('',*,*,#2828,.T.);
#3945=ORIENTED_EDGE('',*,*,#2794,.T.);
#3946=ORIENTED_EDGE('',*,*,#2810,.F.);
#3947=ORIENTED_EDGE('',*,*,#2821,.F.);
#3948=ORIENTED_EDGE('',*,*,#2721,.T.);
#3949=ORIENTED_EDGE('',*,*,#2708,.F.);
#3950=ORIENTED_EDGE('',*,*,#2699,.T.);
#3951=ORIENTED_EDGE('',*,*,#2733,.F.);
#3952=ORIENTED_EDGE('',*,*,#2701,.F.);
#3953=ORIENTED_EDGE('',*,*,#2829,.F.);
#3954=ORIENTED_EDGE('',*,*,#2825,.F.);
#3955=ORIENTED_EDGE('',*,*,#2738,.F.);
#3956=ORIENTED_EDGE('',*,*,#2802,.F.);
#3957=ORIENTED_EDGE('',*,*,#2816,.T.);
#3958=ORIENTED_EDGE('',*,*,#2819,.F.);
#3959=ORIENTED_EDGE('',*,*,#2823,.T.);
#3960=ORIENTED_EDGE('',*,*,#2826,.F.);
#3961=ORIENTED_EDGE('',*,*,#2829,.T.);
#3962=ORIENTED_EDGE('',*,*,#2704,.F.);
#3963=ORIENTED_EDGE('',*,*,#2805,.F.);
#3964=ORIENTED_EDGE('',*,*,#2714,.F.);
#3965=ORIENTED_EDGE('',*,*,#2815,.F.);
#3966=ORIENTED_EDGE('',*,*,#2811,.F.);
#3967=ORIENTED_EDGE('',*,*,#2791,.T.);
#3968=ORIENTED_EDGE('',*,*,#2787,.F.);
#3969=ORIENTED_EDGE('',*,*,#2784,.T.);
#3970=ORIENTED_EDGE('',*,*,#2781,.F.);
#3971=ORIENTED_EDGE('',*,*,#2772,.T.);
#3972=ORIENTED_EDGE('',*,*,#2768,.F.);
#3973=ORIENTED_EDGE('',*,*,#2780,.T.);
#3974=ORIENTED_EDGE('',*,*,#2775,.F.);
#3975=ORIENTED_EDGE('',*,*,#2756,.T.);
#3976=ORIENTED_EDGE('',*,*,#2751,.F.);
#3977=ORIENTED_EDGE('',*,*,#2762,.T.);
#3978=ORIENTED_EDGE('',*,*,#2757,.F.);
#3979=ORIENTED_EDGE('',*,*,#2767,.T.);
#3980=ORIENTED_EDGE('',*,*,#2763,.F.);
#3981=ORIENTED_EDGE('',*,*,#2748,.T.);
#3982=ORIENTED_EDGE('',*,*,#2744,.F.);
#3983=ORIENTED_EDGE('',*,*,#2653,.T.);
#3984=ORIENTED_EDGE('',*,*,#2684,.T.);
#3985=ORIENTED_EDGE('',*,*,#2681,.T.);
#3986=ORIENTED_EDGE('',*,*,#2678,.T.);
#3987=ORIENTED_EDGE('',*,*,#2675,.T.);
#3988=ORIENTED_EDGE('',*,*,#2672,.T.);
#3989=ORIENTED_EDGE('',*,*,#2669,.T.);
#3990=ORIENTED_EDGE('',*,*,#2666,.T.);
#3991=ORIENTED_EDGE('',*,*,#2663,.T.);
#3992=ORIENTED_EDGE('',*,*,#2660,.T.);
#3993=ORIENTED_EDGE('',*,*,#2657,.T.);
#3994=ORIENTED_EDGE('',*,*,#2629,.T.);
#3995=ORIENTED_EDGE('',*,*,#2651,.T.);
#3996=ORIENTED_EDGE('',*,*,#2648,.T.);
#3997=ORIENTED_EDGE('',*,*,#2645,.T.);
#3998=ORIENTED_EDGE('',*,*,#2642,.T.);
#3999=ORIENTED_EDGE('',*,*,#2639,.T.);
#4000=ORIENTED_EDGE('',*,*,#2636,.T.);
#4001=ORIENTED_EDGE('',*,*,#2633,.T.);
#4002=ORIENTED_EDGE('',*,*,#2566,.T.);
#4003=ORIENTED_EDGE('',*,*,#2612,.T.);
#4004=ORIENTED_EDGE('',*,*,#2609,.T.);
#4005=ORIENTED_EDGE('',*,*,#2606,.T.);
#4006=ORIENTED_EDGE('',*,*,#2603,.T.);
#4007=ORIENTED_EDGE('',*,*,#2600,.T.);
#4008=ORIENTED_EDGE('',*,*,#2597,.T.);
#4009=ORIENTED_EDGE('',*,*,#2594,.T.);
#4010=ORIENTED_EDGE('',*,*,#2591,.T.);
#4011=ORIENTED_EDGE('',*,*,#2588,.T.);
#4012=ORIENTED_EDGE('',*,*,#2585,.T.);
#4013=ORIENTED_EDGE('',*,*,#2582,.T.);
#4014=ORIENTED_EDGE('',*,*,#2579,.T.);
#4015=ORIENTED_EDGE('',*,*,#2576,.T.);
#4016=ORIENTED_EDGE('',*,*,#2573,.T.);
#4017=ORIENTED_EDGE('',*,*,#2570,.T.);
#4018=ORIENTED_EDGE('',*,*,#2518,.T.);
#4019=ORIENTED_EDGE('',*,*,#2564,.T.);
#4020=ORIENTED_EDGE('',*,*,#2561,.T.);
#4021=ORIENTED_EDGE('',*,*,#2558,.T.);
#4022=ORIENTED_EDGE('',*,*,#2555,.T.);
#4023=ORIENTED_EDGE('',*,*,#2552,.T.);
#4024=ORIENTED_EDGE('',*,*,#2549,.T.);
#4025=ORIENTED_EDGE('',*,*,#2546,.T.);
#4026=ORIENTED_EDGE('',*,*,#2543,.T.);
#4027=ORIENTED_EDGE('',*,*,#2540,.T.);
#4028=ORIENTED_EDGE('',*,*,#2537,.T.);
#4029=ORIENTED_EDGE('',*,*,#2534,.T.);
#4030=ORIENTED_EDGE('',*,*,#2531,.T.);
#4031=ORIENTED_EDGE('',*,*,#2528,.T.);
#4032=ORIENTED_EDGE('',*,*,#2525,.T.);
#4033=ORIENTED_EDGE('',*,*,#2522,.T.);
#4034=ORIENTED_EDGE('',*,*,#2494,.T.);
#4035=ORIENTED_EDGE('',*,*,#2516,.T.);
#4036=ORIENTED_EDGE('',*,*,#2513,.T.);
#4037=ORIENTED_EDGE('',*,*,#2510,.T.);
#4038=ORIENTED_EDGE('',*,*,#2507,.T.);
#4039=ORIENTED_EDGE('',*,*,#2504,.T.);
#4040=ORIENTED_EDGE('',*,*,#2501,.T.);
#4041=ORIENTED_EDGE('',*,*,#2498,.T.);
#4042=ORIENTED_EDGE('',*,*,#2431,.T.);
#4043=ORIENTED_EDGE('',*,*,#2477,.T.);
#4044=ORIENTED_EDGE('',*,*,#2474,.T.);
#4045=ORIENTED_EDGE('',*,*,#2471,.T.);
#4046=ORIENTED_EDGE('',*,*,#2468,.T.);
#4047=ORIENTED_EDGE('',*,*,#2465,.T.);
#4048=ORIENTED_EDGE('',*,*,#2462,.T.);
#4049=ORIENTED_EDGE('',*,*,#2459,.T.);
#4050=ORIENTED_EDGE('',*,*,#2456,.T.);
#4051=ORIENTED_EDGE('',*,*,#2453,.T.);
#4052=ORIENTED_EDGE('',*,*,#2450,.T.);
#4053=ORIENTED_EDGE('',*,*,#2447,.T.);
#4054=ORIENTED_EDGE('',*,*,#2444,.T.);
#4055=ORIENTED_EDGE('',*,*,#2441,.T.);
#4056=ORIENTED_EDGE('',*,*,#2438,.T.);
#4057=ORIENTED_EDGE('',*,*,#2435,.T.);
#4058=ORIENTED_EDGE('',*,*,#2419,.T.);
#4059=ORIENTED_EDGE('',*,*,#2429,.T.);
#4060=ORIENTED_EDGE('',*,*,#2426,.T.);
#4061=ORIENTED_EDGE('',*,*,#2423,.T.);
#4062=ORIENTED_EDGE('',*,*,#2314,.T.);
#4063=ORIENTED_EDGE('',*,*,#2417,.T.);
#4064=ORIENTED_EDGE('',*,*,#2414,.T.);
#4065=ORIENTED_EDGE('',*,*,#2411,.T.);
#4066=ORIENTED_EDGE('',*,*,#2408,.T.);
#4067=ORIENTED_EDGE('',*,*,#2405,.T.);
#4068=ORIENTED_EDGE('',*,*,#2402,.T.);
#4069=ORIENTED_EDGE('',*,*,#2399,.T.);
#4070=ORIENTED_EDGE('',*,*,#2396,.T.);
#4071=ORIENTED_EDGE('',*,*,#2393,.T.);
#4072=ORIENTED_EDGE('',*,*,#2390,.T.);
#4073=ORIENTED_EDGE('',*,*,#2387,.T.);
#4074=ORIENTED_EDGE('',*,*,#2384,.T.);
#4075=ORIENTED_EDGE('',*,*,#2381,.T.);
#4076=ORIENTED_EDGE('',*,*,#2378,.T.);
#4077=ORIENTED_EDGE('',*,*,#2375,.T.);
#4078=ORIENTED_EDGE('',*,*,#2372,.T.);
#4079=ORIENTED_EDGE('',*,*,#2369,.T.);
#4080=ORIENTED_EDGE('',*,*,#2366,.T.);
#4081=ORIENTED_EDGE('',*,*,#2363,.T.);
#4082=ORIENTED_EDGE('',*,*,#2360,.T.);
#4083=ORIENTED_EDGE('',*,*,#2357,.T.);
#4084=ORIENTED_EDGE('',*,*,#2354,.T.);
#4085=ORIENTED_EDGE('',*,*,#2351,.T.);
#4086=ORIENTED_EDGE('',*,*,#2348,.T.);
#4087=ORIENTED_EDGE('',*,*,#2345,.T.);
#4088=ORIENTED_EDGE('',*,*,#2342,.T.);
#4089=ORIENTED_EDGE('',*,*,#2339,.T.);
#4090=ORIENTED_EDGE('',*,*,#2336,.T.);
#4091=ORIENTED_EDGE('',*,*,#2333,.T.);
#4092=ORIENTED_EDGE('',*,*,#2330,.T.);
#4093=ORIENTED_EDGE('',*,*,#2327,.T.);
#4094=ORIENTED_EDGE('',*,*,#2324,.T.);
#4095=ORIENTED_EDGE('',*,*,#2321,.T.);
#4096=ORIENTED_EDGE('',*,*,#2318,.T.);
#4097=ORIENTED_EDGE('',*,*,#2302,.T.);
#4098=ORIENTED_EDGE('',*,*,#2312,.T.);
#4099=ORIENTED_EDGE('',*,*,#2309,.T.);
#4100=ORIENTED_EDGE('',*,*,#2306,.T.);
#4101=ORIENTED_EDGE('',*,*,#2290,.T.);
#4102=ORIENTED_EDGE('',*,*,#2300,.T.);
#4103=ORIENTED_EDGE('',*,*,#2297,.T.);
#4104=ORIENTED_EDGE('',*,*,#2294,.T.);
#4105=ORIENTED_EDGE('',*,*,#2185,.T.);
#4106=ORIENTED_EDGE('',*,*,#2288,.T.);
#4107=ORIENTED_EDGE('',*,*,#2285,.T.);
#4108=ORIENTED_EDGE('',*,*,#2282,.T.);
#4109=ORIENTED_EDGE('',*,*,#2279,.T.);
#4110=ORIENTED_EDGE('',*,*,#2276,.T.);
#4111=ORIENTED_EDGE('',*,*,#2273,.T.);
#4112=ORIENTED_EDGE('',*,*,#2270,.T.);
#4113=ORIENTED_EDGE('',*,*,#2267,.T.);
#4114=ORIENTED_EDGE('',*,*,#2264,.T.);
#4115=ORIENTED_EDGE('',*,*,#2261,.T.);
#4116=ORIENTED_EDGE('',*,*,#2258,.T.);
#4117=ORIENTED_EDGE('',*,*,#2255,.T.);
#4118=ORIENTED_EDGE('',*,*,#2252,.T.);
#4119=ORIENTED_EDGE('',*,*,#2249,.T.);
#4120=ORIENTED_EDGE('',*,*,#2246,.T.);
#4121=ORIENTED_EDGE('',*,*,#2243,.T.);
#4122=ORIENTED_EDGE('',*,*,#2240,.T.);
#4123=ORIENTED_EDGE('',*,*,#2237,.T.);
#4124=ORIENTED_EDGE('',*,*,#2234,.T.);
#4125=ORIENTED_EDGE('',*,*,#2231,.T.);
#4126=ORIENTED_EDGE('',*,*,#2228,.T.);
#4127=ORIENTED_EDGE('',*,*,#2225,.T.);
#4128=ORIENTED_EDGE('',*,*,#2222,.T.);
#4129=ORIENTED_EDGE('',*,*,#2219,.T.);
#4130=ORIENTED_EDGE('',*,*,#2216,.T.);
#4131=ORIENTED_EDGE('',*,*,#2213,.T.);
#4132=ORIENTED_EDGE('',*,*,#2210,.T.);
#4133=ORIENTED_EDGE('',*,*,#2207,.T.);
#4134=ORIENTED_EDGE('',*,*,#2204,.T.);
#4135=ORIENTED_EDGE('',*,*,#2201,.T.);
#4136=ORIENTED_EDGE('',*,*,#2198,.T.);
#4137=ORIENTED_EDGE('',*,*,#2195,.T.);
#4138=ORIENTED_EDGE('',*,*,#2192,.T.);
#4139=ORIENTED_EDGE('',*,*,#2189,.T.);
#4140=ORIENTED_EDGE('',*,*,#2173,.T.);
#4141=ORIENTED_EDGE('',*,*,#2183,.T.);
#4142=ORIENTED_EDGE('',*,*,#2180,.T.);
#4143=ORIENTED_EDGE('',*,*,#2177,.T.);
#4144=PLANE('',#4528);
#4145=PLANE('',#4529);
#4146=PLANE('',#4530);
#4147=PLANE('',#4531);
#4148=PLANE('',#4532);
#4149=PLANE('',#4533);
#4150=PLANE('',#4534);
#4151=PLANE('',#4535);
#4152=PLANE('',#4536);
#4153=PLANE('',#4537);
#4154=PLANE('',#4538);
#4155=PLANE('',#4539);
#4156=PLANE('',#4540);
#4157=PLANE('',#4541);
#4158=PLANE('',#4542);
#4159=PLANE('',#4543);
#4160=PLANE('',#4544);
#4161=PLANE('',#4545);
#4162=PLANE('',#4546);
#4163=PLANE('',#4547);
#4164=PLANE('',#4548);
#4165=PLANE('',#4549);
#4166=PLANE('',#4550);
#4167=PLANE('',#4551);
#4168=PLANE('',#4552);
#4169=PLANE('',#4553);
#4170=PLANE('',#4554);
#4171=PLANE('',#4555);
#4172=PLANE('',#4556);
#4173=PLANE('',#4557);
#4174=PLANE('',#4558);
#4175=PLANE('',#4559);
#4176=PLANE('',#4560);
#4177=PLANE('',#4561);
#4178=PLANE('',#4562);
#4179=PLANE('',#4563);
#4180=PLANE('',#4564);
#4181=PLANE('',#4565);
#4182=PLANE('',#4566);
#4183=PLANE('',#4567);
#4184=PLANE('',#4568);
#4185=PLANE('',#4569);
#4186=PLANE('',#4570);
#4187=PLANE('',#4571);
#4188=PLANE('',#4572);
#4189=PLANE('',#4573);
#4190=PLANE('',#4574);
#4191=PLANE('',#4575);
#4192=PLANE('',#4576);
#4193=PLANE('',#4577);
#4194=PLANE('',#4578);
#4195=PLANE('',#4579);
#4196=PLANE('',#4580);
#4197=PLANE('',#4581);
#4198=PLANE('',#4582);
#4199=PLANE('',#4583);
#4200=PLANE('',#4584);
#4201=PLANE('',#4585);
#4202=PLANE('',#4586);
#4203=PLANE('',#4587);
#4204=PLANE('',#4588);
#4205=PLANE('',#4589);
#4206=PLANE('',#4590);
#4207=PLANE('',#4591);
#4208=PLANE('',#4592);
#4209=PLANE('',#4593);
#4210=PLANE('',#4594);
#4211=PLANE('',#4595);
#4212=PLANE('',#4596);
#4213=PLANE('',#4597);
#4214=PLANE('',#4598);
#4215=PLANE('',#4599);
#4216=PLANE('',#4600);
#4217=PLANE('',#4601);
#4218=PLANE('',#4602);
#4219=PLANE('',#4603);
#4220=PLANE('',#4604);
#4221=PLANE('',#4605);
#4222=PLANE('',#4606);
#4223=PLANE('',#4607);
#4224=PLANE('',#4608);
#4225=PLANE('',#4609);
#4226=PLANE('',#4610);
#4227=PLANE('',#4611);
#4228=PLANE('',#4612);
#4229=PLANE('',#4613);
#4230=PLANE('',#4614);
#4231=PLANE('',#4615);
#4232=PLANE('',#4616);
#4233=PLANE('',#4617);
#4234=PLANE('',#4618);
#4235=PLANE('',#4619);
#4236=PLANE('',#4620);
#4237=PLANE('',#4621);
#4238=PLANE('',#4622);
#4239=PLANE('',#4623);
#4240=PLANE('',#4624);
#4241=PLANE('',#4625);
#4242=PLANE('',#4626);
#4243=PLANE('',#4627);
#4244=PLANE('',#4628);
#4245=PLANE('',#4629);
#4246=PLANE('',#4630);
#4247=PLANE('',#4631);
#4248=PLANE('',#4632);
#4249=PLANE('',#4633);
#4250=PLANE('',#4634);
#4251=PLANE('',#4637);
#4252=PLANE('',#4638);
#4253=PLANE('',#4643);
#4254=PLANE('',#4644);
#4255=PLANE('',#4649);
#4256=PLANE('',#4653);
#4257=PLANE('',#4657);
#4258=PLANE('',#4661);
#4259=PLANE('',#4665);
#4260=PLANE('',#4669);
#4261=PLANE('',#4673);
#4262=PLANE('',#4677);
#4263=PLANE('',#4681);
#4264=PLANE('',#4682);
#4265=PLANE('',#4683);
#4266=PLANE('',#4684);
#4267=PLANE('',#4685);
#4268=PLANE('',#4686);
#4269=PLANE('',#4689);
#4270=PLANE('',#4694);
#4271=PLANE('',#4697);
#4272=PLANE('',#4699);
#4273=PLANE('',#4702);
#4274=PLANE('',#4705);
#4275=PLANE('',#4707);
#4276=PLANE('',#4708);
#4277=PLANE('',#4709);
#4278=PLANE('',#4710);
#4279=ADVANCED_FACE('',(#333),#4144,.F.);
#4280=ADVANCED_FACE('',(#334),#4145,.F.);
#4281=ADVANCED_FACE('',(#335),#4146,.F.);
#4282=ADVANCED_FACE('',(#336),#4147,.F.);
#4283=ADVANCED_FACE('',(#337),#4148,.F.);
#4284=ADVANCED_FACE('',(#338),#249,.F.);
#4285=ADVANCED_FACE('',(#339),#250,.F.);
#4286=ADVANCED_FACE('',(#340),#251,.F.);
#4287=ADVANCED_FACE('',(#341),#252,.F.);
#4288=ADVANCED_FACE('',(#342),#253,.F.);
#4289=ADVANCED_FACE('',(#343),#254,.F.);
#4290=ADVANCED_FACE('',(#344),#255,.F.);
#4291=ADVANCED_FACE('',(#345),#256,.F.);
#4292=ADVANCED_FACE('',(#346),#257,.F.);
#4293=ADVANCED_FACE('',(#347),#258,.F.);
#4294=ADVANCED_FACE('',(#348),#259,.F.);
#4295=ADVANCED_FACE('',(#349),#260,.F.);
#4296=ADVANCED_FACE('',(#350),#261,.F.);
#4297=ADVANCED_FACE('',(#351),#262,.F.);
#4298=ADVANCED_FACE('',(#352),#4149,.F.);
#4299=ADVANCED_FACE('',(#353),#263,.F.);
#4300=ADVANCED_FACE('',(#354),#264,.F.);
#4301=ADVANCED_FACE('',(#355),#265,.F.);
#4302=ADVANCED_FACE('',(#356),#266,.F.);
#4303=ADVANCED_FACE('',(#357),#267,.F.);
#4304=ADVANCED_FACE('',(#358),#268,.F.);
#4305=ADVANCED_FACE('',(#359),#269,.F.);
#4306=ADVANCED_FACE('',(#360),#270,.F.);
#4307=ADVANCED_FACE('',(#361),#271,.F.);
#4308=ADVANCED_FACE('',(#362),#272,.F.);
#4309=ADVANCED_FACE('',(#363),#273,.F.);
#4310=ADVANCED_FACE('',(#364),#274,.F.);
#4311=ADVANCED_FACE('',(#365),#275,.F.);
#4312=ADVANCED_FACE('',(#366),#276,.F.);
#4313=ADVANCED_FACE('',(#367),#277,.F.);
#4314=ADVANCED_FACE('',(#368),#278,.F.);
#4315=ADVANCED_FACE('',(#369),#279,.F.);
#4316=ADVANCED_FACE('',(#370),#280,.F.);
#4317=ADVANCED_FACE('',(#371),#4150,.F.);
#4318=ADVANCED_FACE('',(#372),#281,.F.);
#4319=ADVANCED_FACE('',(#373),#4151,.T.);
#4320=ADVANCED_FACE('',(#374),#4152,.F.);
#4321=ADVANCED_FACE('',(#375),#4153,.F.);
#4322=ADVANCED_FACE('',(#376),#4154,.F.);
#4323=ADVANCED_FACE('',(#377),#4155,.F.);
#4324=ADVANCED_FACE('',(#378),#4156,.F.);
#4325=ADVANCED_FACE('',(#379),#4157,.F.);
#4326=ADVANCED_FACE('',(#380),#4158,.F.);
#4327=ADVANCED_FACE('',(#381),#4159,.F.);
#4328=ADVANCED_FACE('',(#382),#4160,.F.);
#4329=ADVANCED_FACE('',(#383),#4161,.F.);
#4330=ADVANCED_FACE('',(#384),#282,.F.);
#4331=ADVANCED_FACE('',(#385),#283,.F.);
#4332=ADVANCED_FACE('',(#386),#284,.F.);
#4333=ADVANCED_FACE('',(#387),#285,.F.);
#4334=ADVANCED_FACE('',(#388),#286,.F.);
#4335=ADVANCED_FACE('',(#389),#287,.F.);
#4336=ADVANCED_FACE('',(#390),#288,.F.);
#4337=ADVANCED_FACE('',(#391),#289,.F.);
#4338=ADVANCED_FACE('',(#392),#290,.F.);
#4339=ADVANCED_FACE('',(#393),#291,.F.);
#4340=ADVANCED_FACE('',(#394),#292,.F.);
#4341=ADVANCED_FACE('',(#395),#293,.F.);
#4342=ADVANCED_FACE('',(#396),#294,.F.);
#4343=ADVANCED_FACE('',(#397),#295,.F.);
#4344=ADVANCED_FACE('',(#398),#4162,.F.);
#4345=ADVANCED_FACE('',(#399),#296,.F.);
#4346=ADVANCED_FACE('',(#400),#297,.F.);
#4347=ADVANCED_FACE('',(#401),#298,.F.);
#4348=ADVANCED_FACE('',(#402),#299,.F.);
#4349=ADVANCED_FACE('',(#403),#300,.F.);
#4350=ADVANCED_FACE('',(#404),#301,.F.);
#4351=ADVANCED_FACE('',(#405),#302,.F.);
#4352=ADVANCED_FACE('',(#406),#303,.F.);
#4353=ADVANCED_FACE('',(#407),#304,.F.);
#4354=ADVANCED_FACE('',(#408),#305,.F.);
#4355=ADVANCED_FACE('',(#409),#306,.F.);
#4356=ADVANCED_FACE('',(#410),#307,.F.);
#4357=ADVANCED_FACE('',(#411),#308,.F.);
#4358=ADVANCED_FACE('',(#412),#309,.F.);
#4359=ADVANCED_FACE('',(#413),#310,.F.);
#4360=ADVANCED_FACE('',(#414),#311,.F.);
#4361=ADVANCED_FACE('',(#415),#312,.F.);
#4362=ADVANCED_FACE('',(#416),#313,.F.);
#4363=ADVANCED_FACE('',(#417),#4163,.F.);
#4364=ADVANCED_FACE('',(#418),#314,.F.);
#4365=ADVANCED_FACE('',(#419),#4164,.T.);
#4366=ADVANCED_FACE('',(#420),#4165,.F.);
#4367=ADVANCED_FACE('',(#421),#4166,.F.);
#4368=ADVANCED_FACE('',(#422),#4167,.F.);
#4369=ADVANCED_FACE('',(#423),#4168,.F.);
#4370=ADVANCED_FACE('',(#424),#4169,.F.);
#4371=ADVANCED_FACE('',(#425),#4170,.F.);
#4372=ADVANCED_FACE('',(#426),#315,.F.);
#4373=ADVANCED_FACE('',(#427),#316,.F.);
#4374=ADVANCED_FACE('',(#428),#4171,.F.);
#4375=ADVANCED_FACE('',(#429),#4172,.F.);
#4376=ADVANCED_FACE('',(#430),#4173,.F.);
#4377=ADVANCED_FACE('',(#431),#4174,.F.);
#4378=ADVANCED_FACE('',(#432),#4175,.F.);
#4379=ADVANCED_FACE('',(#433),#4176,.F.);
#4380=ADVANCED_FACE('',(#434),#317,.F.);
#4381=ADVANCED_FACE('',(#435),#318,.F.);
#4382=ADVANCED_FACE('',(#436),#4177,.F.);
#4383=ADVANCED_FACE('',(#437),#4178,.F.);
#4384=ADVANCED_FACE('',(#438),#4179,.F.);
#4385=ADVANCED_FACE('',(#439),#4180,.F.);
#4386=ADVANCED_FACE('',(#440),#4181,.F.);
#4387=ADVANCED_FACE('',(#441),#4182,.T.);
#4388=ADVANCED_FACE('',(#442),#319,.F.);
#4389=ADVANCED_FACE('',(#443),#320,.F.);
#4390=ADVANCED_FACE('',(#444),#4183,.F.);
#4391=ADVANCED_FACE('',(#445),#4184,.F.);
#4392=ADVANCED_FACE('',(#446),#4185,.F.);
#4393=ADVANCED_FACE('',(#447),#4186,.F.);
#4394=ADVANCED_FACE('',(#448),#4187,.F.);
#4395=ADVANCED_FACE('',(#449),#4188,.F.);
#4396=ADVANCED_FACE('',(#450),#4189,.F.);
#4397=ADVANCED_FACE('',(#451),#4190,.F.);
#4398=ADVANCED_FACE('',(#452),#4191,.F.);
#4399=ADVANCED_FACE('',(#453),#4192,.F.);
#4400=ADVANCED_FACE('',(#454),#4193,.F.);
#4401=ADVANCED_FACE('',(#455,#63),#4194,.T.);
#4402=ADVANCED_FACE('',(#456),#4195,.F.);
#4403=ADVANCED_FACE('',(#457),#321,.F.);
#4404=ADVANCED_FACE('',(#458),#322,.F.);
#4405=ADVANCED_FACE('',(#459),#4196,.F.);
#4406=ADVANCED_FACE('',(#460),#4197,.F.);
#4407=ADVANCED_FACE('',(#461),#4198,.F.);
#4408=ADVANCED_FACE('',(#462),#4199,.F.);
#4409=ADVANCED_FACE('',(#463),#4200,.F.);
#4410=ADVANCED_FACE('',(#464),#4201,.F.);
#4411=ADVANCED_FACE('',(#465),#323,.F.);
#4412=ADVANCED_FACE('',(#466),#324,.F.);
#4413=ADVANCED_FACE('',(#467),#4202,.F.);
#4414=ADVANCED_FACE('',(#468),#4203,.F.);
#4415=ADVANCED_FACE('',(#469),#4204,.F.);
#4416=ADVANCED_FACE('',(#470),#4205,.F.);
#4417=ADVANCED_FACE('',(#471),#4206,.F.);
#4418=ADVANCED_FACE('',(#472),#4207,.T.);
#4419=ADVANCED_FACE('',(#473),#4208,.F.);
#4420=ADVANCED_FACE('',(#474),#325,.F.);
#4421=ADVANCED_FACE('',(#475),#326,.F.);
#4422=ADVANCED_FACE('',(#476),#4209,.F.);
#4423=ADVANCED_FACE('',(#477),#4210,.F.);
#4424=ADVANCED_FACE('',(#478),#4211,.F.);
#4425=ADVANCED_FACE('',(#479),#4212,.F.);
#4426=ADVANCED_FACE('',(#480),#4213,.F.);
#4427=ADVANCED_FACE('',(#481),#4214,.F.);
#4428=ADVANCED_FACE('',(#482),#327,.F.);
#4429=ADVANCED_FACE('',(#483),#328,.F.);
#4430=ADVANCED_FACE('',(#484),#4215,.F.);
#4431=ADVANCED_FACE('',(#485),#4216,.F.);
#4432=ADVANCED_FACE('',(#486),#4217,.F.);
#4433=ADVANCED_FACE('',(#487),#4218,.F.);
#4434=ADVANCED_FACE('',(#488),#4219,.F.);
#4435=ADVANCED_FACE('',(#489),#4220,.T.);
#4436=ADVANCED_FACE('',(#490),#329,.F.);
#4437=ADVANCED_FACE('',(#491),#330,.F.);
#4438=ADVANCED_FACE('',(#492),#4221,.F.);
#4439=ADVANCED_FACE('',(#493),#4222,.F.);
#4440=ADVANCED_FACE('',(#494),#4223,.F.);
#4441=ADVANCED_FACE('',(#495),#4224,.F.);
#4442=ADVANCED_FACE('',(#496),#4225,.F.);
#4443=ADVANCED_FACE('',(#497),#4226,.F.);
#4444=ADVANCED_FACE('',(#498),#4227,.F.);
#4445=ADVANCED_FACE('',(#499),#4228,.F.);
#4446=ADVANCED_FACE('',(#500),#4229,.F.);
#4447=ADVANCED_FACE('',(#501),#4230,.F.);
#4448=ADVANCED_FACE('',(#502),#4231,.F.);
#4449=ADVANCED_FACE('',(#503,#64),#4232,.T.);
#4450=ADVANCED_FACE('',(#504),#4233,.F.);
#4451=ADVANCED_FACE('',(#505),#4234,.F.);
#4452=ADVANCED_FACE('',(#506),#4235,.F.);
#4453=ADVANCED_FACE('',(#507),#4236,.F.);
#4454=ADVANCED_FACE('',(#508),#331,.F.);
#4455=ADVANCED_FACE('',(#509),#332,.F.);
#4456=ADVANCED_FACE('',(#510),#4237,.F.);
#4457=ADVANCED_FACE('',(#511),#4238,.F.);
#4458=ADVANCED_FACE('',(#512),#4239,.F.);
#4459=ADVANCED_FACE('',(#513),#4240,.F.);
#4460=ADVANCED_FACE('',(#514),#4241,.F.);
#4461=ADVANCED_FACE('',(#515),#4242,.T.);
#4462=ADVANCED_FACE('',(#516),#4243,.T.);
#4463=ADVANCED_FACE('',(#517),#4244,.T.);
#4464=ADVANCED_FACE('',(#518),#4245,.F.);
#4465=ADVANCED_FACE('',(#519),#4246,.F.);
#4466=ADVANCED_FACE('',(#520),#4247,.F.);
#4467=ADVANCED_FACE('',(#521),#4248,.T.);
#4468=ADVANCED_FACE('',(#522),#4249,.T.);
#4469=ADVANCED_FACE('',(#523),#4250,.T.);
#4470=ADVANCED_FACE('',(#524),#4251,.T.);
#4471=ADVANCED_FACE('',(#525),#4252,.F.);
#4472=ADVANCED_FACE('',(#526),#4253,.F.);
#4473=ADVANCED_FACE('',(#527),#4254,.F.);
#4474=ADVANCED_FACE('',(#528),#4255,.F.);
#4475=ADVANCED_FACE('',(#529),#15,.F.);
#4476=ADVANCED_FACE('',(#530),#4256,.F.);
#4477=ADVANCED_FACE('',(#531),#16,.F.);
#4478=ADVANCED_FACE('',(#532),#4257,.F.);
#4479=ADVANCED_FACE('',(#533),#17,.F.);
#4480=ADVANCED_FACE('',(#534),#4258,.F.);
#4481=ADVANCED_FACE('',(#535),#18,.F.);
#4482=ADVANCED_FACE('',(#536),#4259,.F.);
#4483=ADVANCED_FACE('',(#537),#19,.F.);
#4484=ADVANCED_FACE('',(#538),#4260,.F.);
#4485=ADVANCED_FACE('',(#539),#20,.F.);
#4486=ADVANCED_FACE('',(#540),#4261,.F.);
#4487=ADVANCED_FACE('',(#541),#21,.F.);
#4488=ADVANCED_FACE('',(#542),#4262,.F.);
#4489=ADVANCED_FACE('',(#543),#22,.F.);
#4490=ADVANCED_FACE('',(#544),#4263,.F.);
#4491=ADVANCED_FACE('',(#545),#4264,.F.);
#4492=ADVANCED_FACE('',(#546),#4265,.F.);
#4493=ADVANCED_FACE('',(#547),#4266,.T.);
#4494=ADVANCED_FACE('',(#548),#4267,.F.);
#4495=ADVANCED_FACE('',(#549),#4268,.T.);
#4496=ADVANCED_FACE('',(#550),#23,.T.);
#4497=ADVANCED_FACE('',(#551),#4269,.F.);
#4498=ADVANCED_FACE('',(#552),#24,.T.);
#4499=ADVANCED_FACE('',(#553),#4270,.T.);
#4500=ADVANCED_FACE('',(#554),#25,.F.);
#4501=ADVANCED_FACE('',(#555,#65,#66),#4271,.T.);
#4502=ADVANCED_FACE('',(#556),#26,.F.);
#4503=ADVANCED_FACE('',(#557),#4272,.T.);
#4504=ADVANCED_FACE('',(#558),#27,.F.);
#4505=ADVANCED_FACE('',(#559),#4273,.T.);
#4506=ADVANCED_FACE('',(#560),#28,.F.);
#4507=ADVANCED_FACE('',(#561),#29,.F.);
#4508=ADVANCED_FACE('',(#562),#4274,.F.);
#4509=ADVANCED_FACE('',(#563),#30,.F.);
#4510=ADVANCED_FACE('',(#564),#4275,.T.);
#4511=ADVANCED_FACE('',(#565),#4276,.T.);
#4512=ADVANCED_FACE('',(#566),#4277,.T.);
#4513=ADVANCED_FACE('',(#567,#67,#68,#69,#70,#71,#72,#73,#74,#75,#76,#77,
#78,#79,#80),#4278,.T.);
#4514=CLOSED_SHELL('',(#4279,#4280,#4281,#4282,#4283,#4284,#4285,#4286,
#4287,#4288,#4289,#4290,#4291,#4292,#4293,#4294,#4295,#4296,#4297,#4298,
#4299,#4300,#4301,#4302,#4303,#4304,#4305,#4306,#4307,#4308,#4309,#4310,
#4311,#4312,#4313,#4314,#4315,#4316,#4317,#4318,#4319,#4320,#4321,#4322,
#4323,#4324,#4325,#4326,#4327,#4328,#4329,#4330,#4331,#4332,#4333,#4334,
#4335,#4336,#4337,#4338,#4339,#4340,#4341,#4342,#4343,#4344,#4345,#4346,
#4347,#4348,#4349,#4350,#4351,#4352,#4353,#4354,#4355,#4356,#4357,#4358,
#4359,#4360,#4361,#4362,#4363,#4364,#4365,#4366,#4367,#4368,#4369,#4370,
#4371,#4372,#4373,#4374,#4375,#4376,#4377,#4378,#4379,#4380,#4381,#4382,
#4383,#4384,#4385,#4386,#4387,#4388,#4389,#4390,#4391,#4392,#4393,#4394,
#4395,#4396,#4397,#4398,#4399,#4400,#4401,#4402,#4403,#4404,#4405,#4406,
#4407,#4408,#4409,#4410,#4411,#4412,#4413,#4414,#4415,#4416,#4417,#4418,
#4419,#4420,#4421,#4422,#4423,#4424,#4425,#4426,#4427,#4428,#4429,#4430,
#4431,#4432,#4433,#4434,#4435,#4436,#4437,#4438,#4439,#4440,#4441,#4442,
#4443,#4444,#4445,#4446,#4447,#4448,#4449,#4450,#4451,#4452,#4453,#4454,
#4455,#4456,#4457,#4458,#4459,#4460,#4461,#4462,#4463,#4464,#4465,#4466,
#4467,#4468,#4469,#4470,#4471,#4472,#4473,#4474,#4475,#4476,#4477,#4478,
#4479,#4480,#4481,#4482,#4483,#4484,#4485,#4486,#4487,#4488,#4489,#4490,
#4491,#4492,#4493,#4494,#4495,#4496,#4497,#4498,#4499,#4500,#4501,#4502,
#4503,#4504,#4505,#4506,#4507,#4508,#4509,#4510,#4511,#4512,#4513));
#4515=DERIVED_UNIT_ELEMENT(#4517,1.);
#4516=DERIVED_UNIT_ELEMENT(#8300,-3.);
#4517=(
MASS_UNIT()
NAMED_UNIT(*)
SI_UNIT(.KILO.,.GRAM.)
);
#4518=DERIVED_UNIT((#4515,#4516));
#4519=MEASURE_REPRESENTATION_ITEM('density measure',
POSITIVE_RATIO_MEASURE(7850.),#4518);
#4520=PROPERTY_DEFINITION_REPRESENTATION(#4525,#4522);
#4521=PROPERTY_DEFINITION_REPRESENTATION(#4526,#4523);
#4522=REPRESENTATION('material name',(#4524),#8297);
#4523=REPRESENTATION('density',(#4519),#8297);
#4524=DESCRIPTIVE_REPRESENTATION_ITEM('Steel','Steel');
#4525=PROPERTY_DEFINITION('material property','material name',#8307);
#4526=PROPERTY_DEFINITION('material property','density of part',#8307);
#4527=AXIS2_PLACEMENT_3D('',#5536,#4711,#4712);
#4528=AXIS2_PLACEMENT_3D('',#5537,#4713,#4714);
#4529=AXIS2_PLACEMENT_3D('',#5546,#4719,#4720);
#4530=AXIS2_PLACEMENT_3D('',#5552,#4724,#4725);
#4531=AXIS2_PLACEMENT_3D('',#5558,#4729,#4730);
#4532=AXIS2_PLACEMENT_3D('',#5561,#4733,#4734);
#4533=AXIS2_PLACEMENT_3D('',#5887,#4750,#4751);
#4534=AXIS2_PLACEMENT_3D('',#6307,#4773,#4774);
#4535=AXIS2_PLACEMENT_3D('',#6333,#4778,#4779);
#4536=AXIS2_PLACEMENT_3D('',#6334,#4780,#4781);
#4537=AXIS2_PLACEMENT_3D('',#6343,#4786,#4787);
#4538=AXIS2_PLACEMENT_3D('',#6349,#4791,#4792);
#4539=AXIS2_PLACEMENT_3D('',#6355,#4796,#4797);
#4540=AXIS2_PLACEMENT_3D('',#6358,#4800,#4801);
#4541=AXIS2_PLACEMENT_3D('',#6359,#4802,#4803);
#4542=AXIS2_PLACEMENT_3D('',#6368,#4808,#4809);
#4543=AXIS2_PLACEMENT_3D('',#6374,#4813,#4814);
#4544=AXIS2_PLACEMENT_3D('',#6380,#4818,#4819);
#4545=AXIS2_PLACEMENT_3D('',#6383,#4822,#4823);
#4546=AXIS2_PLACEMENT_3D('',#6709,#4839,#4840);
#4547=AXIS2_PLACEMENT_3D('',#7129,#4862,#4863);
#4548=AXIS2_PLACEMENT_3D('',#7155,#4867,#4868);
#4549=AXIS2_PLACEMENT_3D('',#7156,#4869,#4870);
#4550=AXIS2_PLACEMENT_3D('',#7165,#4875,#4876);
#4551=AXIS2_PLACEMENT_3D('',#7171,#4880,#4881);
#4552=AXIS2_PLACEMENT_3D('',#7177,#4885,#4886);
#4553=AXIS2_PLACEMENT_3D('',#7180,#4889,#4890);
#4554=AXIS2_PLACEMENT_3D('',#7181,#4891,#4892);
#4555=AXIS2_PLACEMENT_3D('',#7236,#4899,#4900);
#4556=AXIS2_PLACEMENT_3D('',#7242,#4904,#4905);
#4557=AXIS2_PLACEMENT_3D('',#7248,#4909,#4910);
#4558=AXIS2_PLACEMENT_3D('',#7254,#4914,#4915);
#4559=AXIS2_PLACEMENT_3D('',#7260,#4919,#4920);
#4560=AXIS2_PLACEMENT_3D('',#7266,#4924,#4925);
#4561=AXIS2_PLACEMENT_3D('',#7318,#4931,#4932);
#4562=AXIS2_PLACEMENT_3D('',#7324,#4936,#4937);
#4563=AXIS2_PLACEMENT_3D('',#7330,#4941,#4942);
#4564=AXIS2_PLACEMENT_3D('',#7336,#4946,#4947);
#4565=AXIS2_PLACEMENT_3D('',#7342,#4951,#4952);
#4566=AXIS2_PLACEMENT_3D('',#7345,#4955,#4956);
#4567=AXIS2_PLACEMENT_3D('',#7395,#4960,#4961);
#4568=AXIS2_PLACEMENT_3D('',#7401,#4965,#4966);
#4569=AXIS2_PLACEMENT_3D('',#7407,#4970,#4971);
#4570=AXIS2_PLACEMENT_3D('',#7410,#4974,#4975);
#4571=AXIS2_PLACEMENT_3D('',#7419,#4980,#4981);
#4572=AXIS2_PLACEMENT_3D('',#7425,#4985,#4986);
#4573=AXIS2_PLACEMENT_3D('',#7431,#4990,#4991);
#4574=AXIS2_PLACEMENT_3D('',#7437,#4995,#4996);
#4575=AXIS2_PLACEMENT_3D('',#7443,#5000,#5001);
#4576=AXIS2_PLACEMENT_3D('',#7449,#5005,#5006);
#4577=AXIS2_PLACEMENT_3D('',#7455,#5010,#5011);
#4578=AXIS2_PLACEMENT_3D('',#7458,#5014,#5015);
#4579=AXIS2_PLACEMENT_3D('',#7459,#5016,#5017);
#4580=AXIS2_PLACEMENT_3D('',#7514,#5024,#5025);
#4581=AXIS2_PLACEMENT_3D('',#7520,#5029,#5030);
#4582=AXIS2_PLACEMENT_3D('',#7526,#5034,#5035);
#4583=AXIS2_PLACEMENT_3D('',#7532,#5039,#5040);
#4584=AXIS2_PLACEMENT_3D('',#7538,#5044,#5045);
#4585=AXIS2_PLACEMENT_3D('',#7544,#5049,#5050);
#4586=AXIS2_PLACEMENT_3D('',#7596,#5056,#5057);
#4587=AXIS2_PLACEMENT_3D('',#7602,#5061,#5062);
#4588=AXIS2_PLACEMENT_3D('',#7608,#5066,#5067);
#4589=AXIS2_PLACEMENT_3D('',#7614,#5071,#5072);
#4590=AXIS2_PLACEMENT_3D('',#7620,#5076,#5077);
#4591=AXIS2_PLACEMENT_3D('',#7623,#5080,#5081);
#4592=AXIS2_PLACEMENT_3D('',#7624,#5082,#5083);
#4593=AXIS2_PLACEMENT_3D('',#7679,#5090,#5091);
#4594=AXIS2_PLACEMENT_3D('',#7685,#5095,#5096);
#4595=AXIS2_PLACEMENT_3D('',#7691,#5100,#5101);
#4596=AXIS2_PLACEMENT_3D('',#7697,#5105,#5106);
#4597=AXIS2_PLACEMENT_3D('',#7703,#5110,#5111);
#4598=AXIS2_PLACEMENT_3D('',#7709,#5115,#5116);
#4599=AXIS2_PLACEMENT_3D('',#7761,#5122,#5123);
#4600=AXIS2_PLACEMENT_3D('',#7767,#5127,#5128);
#4601=AXIS2_PLACEMENT_3D('',#7773,#5132,#5133);
#4602=AXIS2_PLACEMENT_3D('',#7779,#5137,#5138);
#4603=AXIS2_PLACEMENT_3D('',#7785,#5142,#5143);
#4604=AXIS2_PLACEMENT_3D('',#7788,#5146,#5147);
#4605=AXIS2_PLACEMENT_3D('',#7838,#5151,#5152);
#4606=AXIS2_PLACEMENT_3D('',#7844,#5156,#5157);
#4607=AXIS2_PLACEMENT_3D('',#7850,#5161,#5162);
#4608=AXIS2_PLACEMENT_3D('',#7853,#5165,#5166);
#4609=AXIS2_PLACEMENT_3D('',#7862,#5171,#5172);
#4610=AXIS2_PLACEMENT_3D('',#7868,#5176,#5177);
#4611=AXIS2_PLACEMENT_3D('',#7874,#5181,#5182);
#4612=AXIS2_PLACEMENT_3D('',#7880,#5186,#5187);
#4613=AXIS2_PLACEMENT_3D('',#7886,#5191,#5192);
#4614=AXIS2_PLACEMENT_3D('',#7892,#5196,#5197);
#4615=AXIS2_PLACEMENT_3D('',#7898,#5201,#5202);
#4616=AXIS2_PLACEMENT_3D('',#7901,#5205,#5206);
#4617=AXIS2_PLACEMENT_3D('',#7902,#5207,#5208);
#4618=AXIS2_PLACEMENT_3D('',#7911,#5213,#5214);
#4619=AXIS2_PLACEMENT_3D('',#7917,#5218,#5219);
#4620=AXIS2_PLACEMENT_3D('',#7923,#5223,#5224);
#4621=AXIS2_PLACEMENT_3D('',#7975,#5230,#5231);
#4622=AXIS2_PLACEMENT_3D('',#7981,#5235,#5236);
#4623=AXIS2_PLACEMENT_3D('',#7987,#5240,#5241);
#4624=AXIS2_PLACEMENT_3D('',#7993,#5245,#5246);
#4625=AXIS2_PLACEMENT_3D('',#7999,#5250,#5251);
#4626=AXIS2_PLACEMENT_3D('',#8002,#5254,#5255);
#4627=AXIS2_PLACEMENT_3D('',#8003,#5256,#5257);
#4628=AXIS2_PLACEMENT_3D('',#8004,#5258,#5259);
#4629=AXIS2_PLACEMENT_3D('',#8005,#5260,#5261);
#4630=AXIS2_PLACEMENT_3D('',#8014,#5266,#5267);
#4631=AXIS2_PLACEMENT_3D('',#8023,#5272,#5273);
#4632=AXIS2_PLACEMENT_3D('',#8037,#5281,#5282);
#4633=AXIS2_PLACEMENT_3D('',#8046,#5287,#5288);
#4634=AXIS2_PLACEMENT_3D('',#8052,#5292,#5293);
#4635=AXIS2_PLACEMENT_3D('',#8063,#5299,#5300);
#4636=AXIS2_PLACEMENT_3D('',#8067,#5302,#5303);
#4637=AXIS2_PLACEMENT_3D('',#8071,#5306,#5307);
#4638=AXIS2_PLACEMENT_3D('',#8075,#5310,#5311);
#4639=AXIS2_PLACEMENT_3D('',#8081,#5314,#5315);
#4640=AXIS2_PLACEMENT_3D('',#8085,#5317,#5318);
#4641=AXIS2_PLACEMENT_3D('',#8093,#5322,#5323);
#4642=AXIS2_PLACEMENT_3D('',#8096,#5325,#5326);
#4643=AXIS2_PLACEMENT_3D('',#8097,#5327,#5328);
#4644=AXIS2_PLACEMENT_3D('',#8101,#5331,#5332);
#4645=AXIS2_PLACEMENT_3D('',#8104,#5334,#5335);
#4646=AXIS2_PLACEMENT_3D('',#8108,#5337,#5338);
#4647=AXIS2_PLACEMENT_3D('',#8116,#5342,#5343);
#4648=AXIS2_PLACEMENT_3D('',#8119,#5345,#5346);
#4649=AXIS2_PLACEMENT_3D('',#8120,#5347,#5348);
#4650=AXIS2_PLACEMENT_3D('',#8122,#5350,#5351);
#4651=AXIS2_PLACEMENT_3D('',#8125,#5352,#5353);
#4652=AXIS2_PLACEMENT_3D('',#8129,#5355,#5356);
#4653=AXIS2_PLACEMENT_3D('',#8131,#5358,#5359);
#4654=AXIS2_PLACEMENT_3D('',#8137,#5363,#5364);
#4655=AXIS2_PLACEMENT_3D('',#8140,#5365,#5366);
#4656=AXIS2_PLACEMENT_3D('',#8144,#5368,#5369);
#4657=AXIS2_PLACEMENT_3D('',#8146,#5371,#5372);
#4658=AXIS2_PLACEMENT_3D('',#8149,#5375,#5376);
#4659=AXIS2_PLACEMENT_3D('',#8152,#5377,#5378);
#4660=AXIS2_PLACEMENT_3D('',#8156,#5380,#5381);
#4661=AXIS2_PLACEMENT_3D('',#8158,#5383,#5384);
#4662=AXIS2_PLACEMENT_3D('',#8161,#5387,#5388);
#4663=AXIS2_PLACEMENT_3D('',#8163,#5389,#5390);
#4664=AXIS2_PLACEMENT_3D('',#8166,#5392,#5393);
#4665=AXIS2_PLACEMENT_3D('',#8167,#5394,#5395);
#4666=AXIS2_PLACEMENT_3D('',#8170,#5398,#5399);
#4667=AXIS2_PLACEMENT_3D('',#8173,#5400,#5401);
#4668=AXIS2_PLACEMENT_3D('',#8177,#5403,#5404);
#4669=AXIS2_PLACEMENT_3D('',#8179,#5406,#5407);
#4670=AXIS2_PLACEMENT_3D('',#8185,#5411,#5412);
#4671=AXIS2_PLACEMENT_3D('',#8188,#5413,#5414);
#4672=AXIS2_PLACEMENT_3D('',#8192,#5416,#5417);
#4673=AXIS2_PLACEMENT_3D('',#8194,#5419,#5420);
#4674=AXIS2_PLACEMENT_3D('',#8197,#5423,#5424);
#4675=AXIS2_PLACEMENT_3D('',#8199,#5425,#5426);
#4676=AXIS2_PLACEMENT_3D('',#8202,#5428,#5429);
#4677=AXIS2_PLACEMENT_3D('',#8203,#5430,#5431);
#4678=AXIS2_PLACEMENT_3D('',#8209,#5435,#5436);
#4679=AXIS2_PLACEMENT_3D('',#8211,#5437,#5438);
#4680=AXIS2_PLACEMENT_3D('',#8214,#5440,#5441);
#4681=AXIS2_PLACEMENT_3D('',#8215,#5442,#5443);
#4682=AXIS2_PLACEMENT_3D('',#8218,#5446,#5447);
#4683=AXIS2_PLACEMENT_3D('',#8224,#5451,#5452);
#4684=AXIS2_PLACEMENT_3D('',#8231,#5457,#5458);
#4685=AXIS2_PLACEMENT_3D('',#8235,#5461,#5462);
#4686=AXIS2_PLACEMENT_3D('',#8238,#5465,#5466);
#4687=AXIS2_PLACEMENT_3D('',#8242,#5469,#5470);
#4688=AXIS2_PLACEMENT_3D('',#8245,#5472,#5473);
#4689=AXIS2_PLACEMENT_3D('',#8246,#5474,#5475);
#4690=AXIS2_PLACEMENT_3D('',#8248,#5476,#5477);
#4691=AXIS2_PLACEMENT_3D('',#8252,#5479,#5480);
#4692=AXIS2_PLACEMENT_3D('',#8257,#5483,#5484);
#4693=AXIS2_PLACEMENT_3D('',#8259,#5486,#5487);
#4694=AXIS2_PLACEMENT_3D('',#8262,#5490,#5491);
#4695=AXIS2_PLACEMENT_3D('',#8263,#5492,#5493);
#4696=AXIS2_PLACEMENT_3D('',#8265,#5494,#5495);
#4697=AXIS2_PLACEMENT_3D('',#8267,#5497,#5498);
#4698=AXIS2_PLACEMENT_3D('',#8271,#5501,#5502);
#4699=AXIS2_PLACEMENT_3D('',#8274,#5505,#5506);
#4700=AXIS2_PLACEMENT_3D('',#8276,#5508,#5509);
#4701=AXIS2_PLACEMENT_3D('',#8278,#5510,#5511);
#4702=AXIS2_PLACEMENT_3D('',#8280,#5513,#5514);
#4703=AXIS2_PLACEMENT_3D('',#8284,#5517,#5518);
#4704=AXIS2_PLACEMENT_3D('',#8285,#5519,#5520);
#4705=AXIS2_PLACEMENT_3D('',#8287,#5522,#5523);
#4706=AXIS2_PLACEMENT_3D('',#8289,#5525,#5526);
#4707=AXIS2_PLACEMENT_3D('',#8290,#5527,#5528);
#4708=AXIS2_PLACEMENT_3D('',#8291,#5529,#5530);
#4709=AXIS2_PLACEMENT_3D('',#8293,#5532,#5533);
#4710=AXIS2_PLACEMENT_3D('',#8294,#5534,#5535);
#4711=DIRECTION('axis',(0.,0.,1.));
#4712=DIRECTION('refdir',(1.,0.,0.));
#4713=DIRECTION('center_axis',(1.,0.,0.));
#4714=DIRECTION('ref_axis',(0.,0.,-1.));
#4715=DIRECTION('',(0.,0.,-1.));
#4716=DIRECTION('',(0.,1.,0.));
#4717=DIRECTION('',(0.,0.,-1.));
#4718=DIRECTION('',(0.,1.,0.));
#4719=DIRECTION('center_axis',(0.,0.,1.));
#4720=DIRECTION('ref_axis',(1.,0.,0.));
#4721=DIRECTION('',(1.,3.29060948020343E-16,0.));
#4722=DIRECTION('',(0.,1.,0.));
#4723=DIRECTION('',(1.,0.,0.));
#4724=DIRECTION('center_axis',(-1.,0.,0.));
#4725=DIRECTION('ref_axis',(0.,0.,1.));
#4726=DIRECTION('',(0.,0.,1.));
#4727=DIRECTION('',(0.,1.,0.));
#4728=DIRECTION('',(0.,0.,1.));
#4729=DIRECTION('center_axis',(0.,0.,-1.));
#4730=DIRECTION('ref_axis',(-1.,0.,0.));
#4731=DIRECTION('',(-1.,-3.29060948020343E-16,0.));
#4732=DIRECTION('',(-1.,0.,0.));
#4733=DIRECTION('center_axis',(0.,1.,0.));
#4734=DIRECTION('ref_axis',(0.,0.,1.));
#4735=DIRECTION('',(0.,1.,0.));
#4736=DIRECTION('',(0.,1.,0.));
#4737=DIRECTION('',(0.,1.,0.));
#4738=DIRECTION('',(0.,1.,0.));
#4739=DIRECTION('',(0.,1.,0.));
#4740=DIRECTION('',(0.,1.,0.));
#4741=DIRECTION('',(0.,1.,0.));
#4742=DIRECTION('',(0.,1.,0.));
#4743=DIRECTION('',(0.,1.,0.));
#4744=DIRECTION('',(0.,1.,0.));
#4745=DIRECTION('',(0.,1.,0.));
#4746=DIRECTION('',(0.,1.,0.));
#4747=DIRECTION('',(0.,1.,0.));
#4748=DIRECTION('',(0.,1.,0.));
#4749=DIRECTION('',(0.,1.,0.));
#4750=DIRECTION('center_axis',(0.0750565239022289,0.,-0.997179280881685));
#4751=DIRECTION('ref_axis',(-0.997179280881685,0.,-0.0750565239022289));
#4752=DIRECTION('',(-0.997179280881685,-3.28132759513171E-16,-0.0750565239022289));
#4753=DIRECTION('',(0.,1.,0.));
#4754=DIRECTION('',(-0.997179280881685,0.,-0.0750565239022289));
#4755=DIRECTION('',(0.,1.,0.));
#4756=DIRECTION('',(0.,1.,0.));
#4757=DIRECTION('',(0.,1.,0.));
#4758=DIRECTION('',(0.,1.,0.));
#4759=DIRECTION('',(0.,1.,0.));
#4760=DIRECTION('',(0.,1.,0.));
#4761=DIRECTION('',(0.,1.,0.));
#4762=DIRECTION('',(0.,1.,0.));
#4763=DIRECTION('',(0.,1.,0.));
#4764=DIRECTION('',(0.,1.,0.));
#4765=DIRECTION('',(0.,1.,0.));
#4766=DIRECTION('',(0.,1.,0.));
#4767=DIRECTION('',(0.,1.,0.));
#4768=DIRECTION('',(0.,1.,0.));
#4769=DIRECTION('',(0.,1.,0.));
#4770=DIRECTION('',(0.,1.,0.));
#4771=DIRECTION('',(0.,1.,0.));
#4772=DIRECTION('',(0.,1.,0.));
#4773=DIRECTION('center_axis',(-0.0870995045169795,0.,0.996199616699834));
#4774=DIRECTION('ref_axis',(0.996199616699834,0.,0.0870995045169795));
#4775=DIRECTION('',(0.996199616699834,3.2781039028875E-16,0.0870995045169795));
#4776=DIRECTION('',(0.,1.,0.));
#4777=DIRECTION('',(0.996199616699834,0.,0.0870995045169795));
#4778=DIRECTION('center_axis',(0.,-1.,0.));
#4779=DIRECTION('ref_axis',(1.,0.,0.));
#4780=DIRECTION('center_axis',(1.,0.,0.));
#4781=DIRECTION('ref_axis',(0.,0.,-1.));
#4782=DIRECTION('',(0.,0.,-1.));
#4783=DIRECTION('',(0.,1.,0.));
#4784=DIRECTION('',(0.,0.,-1.));
#4785=DIRECTION('',(0.,1.,0.));
#4786=DIRECTION('center_axis',(0.,0.,1.));
#4787=DIRECTION('ref_axis',(1.,0.,0.));
#4788=DIRECTION('',(1.,3.29060948020343E-16,0.));
#4789=DIRECTION('',(0.,1.,0.));
#4790=DIRECTION('',(1.,0.,0.));
#4791=DIRECTION('center_axis',(-1.,0.,0.));
#4792=DIRECTION('ref_axis',(0.,0.,1.));
#4793=DIRECTION('',(0.,0.,1.));
#4794=DIRECTION('',(0.,1.,0.));
#4795=DIRECTION('',(0.,0.,1.));
#4796=DIRECTION('center_axis',(0.,0.,-1.));
#4797=DIRECTION('ref_axis',(-1.,0.,0.));
#4798=DIRECTION('',(-1.,-3.29060948020343E-16,0.));
#4799=DIRECTION('',(-1.,0.,0.));
#4800=DIRECTION('center_axis',(0.,1.,0.));
#4801=DIRECTION('ref_axis',(0.,0.,1.));
#4802=DIRECTION('center_axis',(1.,0.,0.));
#4803=DIRECTION('ref_axis',(0.,0.,-1.));
#4804=DIRECTION('',(0.,0.,-1.));
#4805=DIRECTION('',(0.,1.,0.));
#4806=DIRECTION('',(0.,0.,-1.));
#4807=DIRECTION('',(0.,1.,0.));
#4808=DIRECTION('center_axis',(0.,0.,1.));
#4809=DIRECTION('ref_axis',(1.,0.,0.));
#4810=DIRECTION('',(1.,3.29060948020343E-16,0.));
#4811=DIRECTION('',(0.,1.,0.));
#4812=DIRECTION('',(1.,0.,0.));
#4813=DIRECTION('center_axis',(-1.,0.,0.));
#4814=DIRECTION('ref_axis',(0.,0.,1.));
#4815=DIRECTION('',(0.,0.,1.));
#4816=DIRECTION('',(0.,1.,0.));
#4817=DIRECTION('',(0.,0.,1.));
#4818=DIRECTION('center_axis',(0.,0.,-1.));
#4819=DIRECTION('ref_axis',(-1.,0.,0.));
#4820=DIRECTION('',(-1.,-3.29060948020343E-16,0.));
#4821=DIRECTION('',(-1.,0.,0.));
#4822=DIRECTION('center_axis',(0.,1.,0.));
#4823=DIRECTION('ref_axis',(0.,0.,1.));
#4824=DIRECTION('',(0.,1.,0.));
#4825=DIRECTION('',(0.,1.,0.));
#4826=DIRECTION('',(0.,1.,0.));
#4827=DIRECTION('',(0.,1.,0.));
#4828=DIRECTION('',(0.,1.,0.));
#4829=DIRECTION('',(0.,1.,0.));
#4830=DIRECTION('',(0.,1.,0.));
#4831=DIRECTION('',(0.,1.,0.));
#4832=DIRECTION('',(0.,1.,0.));
#4833=DIRECTION('',(0.,1.,0.));
#4834=DIRECTION('',(0.,1.,0.));
#4835=DIRECTION('',(0.,1.,0.));
#4836=DIRECTION('',(0.,1.,0.));
#4837=DIRECTION('',(0.,1.,0.));
#4838=DIRECTION('',(0.,1.,0.));
#4839=DIRECTION('center_axis',(0.0750563485925905,0.,-0.997179294077022));
#4840=DIRECTION('ref_axis',(-0.997179294077022,0.,-0.0750563485925905));
#4841=DIRECTION('',(-0.997179294077022,-3.28132763855241E-16,-0.0750563485925905));
#4842=DIRECTION('',(0.,1.,0.));
#4843=DIRECTION('',(-0.997179294077022,0.,-0.0750563485925904));
#4844=DIRECTION('',(0.,1.,0.));
#4845=DIRECTION('',(0.,1.,0.));
#4846=DIRECTION('',(0.,1.,0.));
#4847=DIRECTION('',(0.,1.,0.));
#4848=DIRECTION('',(0.,1.,0.));
#4849=DIRECTION('',(0.,1.,0.));
#4850=DIRECTION('',(0.,1.,0.));
#4851=DIRECTION('',(0.,1.,0.));
#4852=DIRECTION('',(0.,1.,0.));
#4853=DIRECTION('',(0.,1.,0.));
#4854=DIRECTION('',(0.,1.,0.));
#4855=DIRECTION('',(0.,1.,0.));
#4856=DIRECTION('',(0.,1.,0.));
#4857=DIRECTION('',(0.,1.,0.));
#4858=DIRECTION('',(0.,1.,0.));
#4859=DIRECTION('',(0.,1.,0.));
#4860=DIRECTION('',(0.,1.,0.));
#4861=DIRECTION('',(0.,1.,0.));
#4862=DIRECTION('center_axis',(-0.0870995045169795,0.,0.996199616699834));
#4863=DIRECTION('ref_axis',(0.996199616699834,0.,0.0870995045169795));
#4864=DIRECTION('',(0.996199616699834,3.2781039028875E-16,0.0870995045169795));
#4865=DIRECTION('',(0.,1.,0.));
#4866=DIRECTION('',(0.996199616699834,0.,0.0870995045169795));
#4867=DIRECTION('center_axis',(0.,-1.,0.));
#4868=DIRECTION('ref_axis',(1.,0.,0.));
#4869=DIRECTION('center_axis',(1.,0.,0.));
#4870=DIRECTION('ref_axis',(0.,0.,-1.));
#4871=DIRECTION('',(0.,0.,-1.));
#4872=DIRECTION('',(0.,1.,0.));
#4873=DIRECTION('',(0.,0.,-1.));
#4874=DIRECTION('',(0.,1.,0.));
#4875=DIRECTION('center_axis',(0.,0.,1.));
#4876=DIRECTION('ref_axis',(1.,0.,0.));
#4877=DIRECTION('',(1.,3.29060948020343E-16,0.));
#4878=DIRECTION('',(0.,1.,0.));
#4879=DIRECTION('',(1.,0.,0.));
#4880=DIRECTION('center_axis',(-1.,0.,0.));
#4881=DIRECTION('ref_axis',(0.,0.,1.));
#4882=DIRECTION('',(0.,0.,1.));
#4883=DIRECTION('',(0.,1.,0.));
#4884=DIRECTION('',(0.,0.,1.));
#4885=DIRECTION('center_axis',(0.,0.,-1.));
#4886=DIRECTION('ref_axis',(-1.,0.,0.));
#4887=DIRECTION('',(-1.,-3.29060948020343E-16,0.));
#4888=DIRECTION('',(-1.,0.,0.));
#4889=DIRECTION('center_axis',(0.,1.,0.));
#4890=DIRECTION('ref_axis',(0.,0.,1.));
#4891=DIRECTION('center_axis',(0.81147410544711,0.,-0.584388377869387));
#4892=DIRECTION('ref_axis',(-0.584388377869387,0.,-0.81147410544711));
#4893=DIRECTION('',(-0.584388377869387,-1.92299393633771E-16,-0.81147410544711));
#4894=DIRECTION('',(0.,1.,0.));
#4895=DIRECTION('',(-0.584388377869387,0.,-0.81147410544711));
#4896=DIRECTION('',(0.,1.,0.));
#4897=DIRECTION('',(0.,1.,0.));
#4898=DIRECTION('',(0.,1.,0.));
#4899=DIRECTION('center_axis',(-0.817097669187435,0.,-0.576499261932278));
#4900=DIRECTION('ref_axis',(-0.576499261932278,0.,0.817097669187435));
#4901=DIRECTION('',(-0.576499261932278,-1.89703393664463E-16,0.817097669187435));
#4902=DIRECTION('',(0.,1.,0.));
#4903=DIRECTION('',(-0.576499261932278,0.,0.817097669187435));
#4904=DIRECTION('center_axis',(0.,0.,-1.));
#4905=DIRECTION('ref_axis',(-1.,0.,0.));
#4906=DIRECTION('',(-1.,-3.29060948020343E-16,0.));
#4907=DIRECTION('',(0.,1.,0.));
#4908=DIRECTION('',(-1.,0.,0.));
#4909=DIRECTION('center_axis',(0.813024176748729,0.,0.582229927109601));
#4910=DIRECTION('ref_axis',(0.582229927109601,0.,-0.813024176748729));
#4911=DIRECTION('',(0.582229927109601,1.915891317805E-16,-0.813024176748729));
#4912=DIRECTION('',(0.,1.,0.));
#4913=DIRECTION('',(0.582229927109601,0.,-0.813024176748729));
#4914=DIRECTION('center_axis',(0.801806503392896,0.,-0.597583744019913));
#4915=DIRECTION('ref_axis',(-0.597583744019913,0.,-0.801806503392896));
#4916=DIRECTION('',(-0.597583744019913,-1.96641473328738E-16,-0.801806503392896));
#4917=DIRECTION('',(0.,1.,0.));
#4918=DIRECTION('',(-0.597583744019913,0.,-0.801806503392896));
#4919=DIRECTION('center_axis',(0.,0.,1.));
#4920=DIRECTION('ref_axis',(1.,0.,0.));
#4921=DIRECTION('',(1.,3.29060948020343E-16,0.));
#4922=DIRECTION('',(0.,1.,0.));
#4923=DIRECTION('',(1.,0.,0.));
#4924=DIRECTION('center_axis',(-0.796793095107955,0.,0.604252235070989));
#4925=DIRECTION('ref_axis',(0.604252235070989,0.,0.796793095107955));
#4926=DIRECTION('',(0.604252235070989,1.98835813315871E-16,0.796793095107955));
#4927=DIRECTION('',(0.,1.,0.));
#4928=DIRECTION('',(0.604252235070989,0.,0.796793095107955));
#4929=DIRECTION('',(0.,1.,0.));
#4930=DIRECTION('',(0.,1.,0.));
#4931=DIRECTION('center_axis',(0.816365820925209,0.,0.577535147350453));
#4932=DIRECTION('ref_axis',(0.577535147350453,0.,-0.816365820925209));
#4933=DIRECTION('',(0.577535147350453,1.90044263102208E-16,-0.816365820925209));
#4934=DIRECTION('',(0.,1.,0.));
#4935=DIRECTION('',(0.577535147350453,0.,-0.816365820925209));
#4936=DIRECTION('center_axis',(0.,0.,1.));
#4937=DIRECTION('ref_axis',(1.,0.,0.));
#4938=DIRECTION('',(1.,3.29060948020343E-16,0.));
#4939=DIRECTION('',(0.,1.,0.));
#4940=DIRECTION('',(1.,0.,0.));
#4941=DIRECTION('center_axis',(-0.814516535557066,0.,-0.580140339318096));
#4942=DIRECTION('ref_axis',(-0.580140339318096,0.,0.814516535557066));
#4943=DIRECTION('',(-0.580140339318096,-1.90901530040856E-16,0.814516535557066));
#4944=DIRECTION('',(0.,1.,0.));
#4945=DIRECTION('',(-0.580140339318096,0.,0.814516535557066));
#4946=DIRECTION('center_axis',(-0.803016844566545,0.,0.595956330063194));
#4947=DIRECTION('ref_axis',(0.595956330063194,0.,0.803016844566544));
#4948=DIRECTION('',(0.595956330063194,1.96105954949319E-16,0.803016844566544));
#4949=DIRECTION('',(0.,1.,0.));
#4950=DIRECTION('',(0.595956330063194,0.,0.803016844566544));
#4951=DIRECTION('center_axis',(0.,0.,-1.));
#4952=DIRECTION('ref_axis',(-1.,0.,0.));
#4953=DIRECTION('',(-1.,-3.29060948020343E-16,0.));
#4954=DIRECTION('',(-1.,0.,0.));
#4955=DIRECTION('center_axis',(0.,-1.,0.));
#4956=DIRECTION('ref_axis',(1.,0.,0.));
#4957=DIRECTION('',(0.,1.,0.));
#4958=DIRECTION('',(0.,1.,0.));
#4959=DIRECTION('',(0.,1.,0.));
#4960=DIRECTION('center_axis',(-0.935759598387605,0.,-0.352638588395354));
#4961=DIRECTION('ref_axis',(-0.352638588395354,0.,0.935759598387605));
#4962=DIRECTION('',(-0.352638588395354,-1.16039588205931E-16,0.935759598387605));
#4963=DIRECTION('',(0.,1.,0.));
#4964=DIRECTION('',(-0.352638588395354,0.,0.935759598387605));
#4965=DIRECTION('center_axis',(0.,0.,1.));
#4966=DIRECTION('ref_axis',(1.,0.,0.));
#4967=DIRECTION('',(1.,3.29060948020343E-16,0.));
#4968=DIRECTION('',(0.,1.,0.));
#4969=DIRECTION('',(1.,0.,0.));
#4970=DIRECTION('center_axis',(0.936508105084508,0.,-0.350645931262613));
#4971=DIRECTION('ref_axis',(-0.350645931262613,0.,-0.936508105084508));
#4972=DIRECTION('',(-0.350645931262613,-1.15383882560751E-16,-0.936508105084508));
#4973=DIRECTION('',(-0.350645931262613,0.,-0.936508105084508));
#4974=DIRECTION('center_axis',(0.940102175564903,0.,-0.340892797662457));
#4975=DIRECTION('ref_axis',(-0.340892797662457,0.,-0.940102175564903));
#4976=DIRECTION('',(-0.340892797662457,-1.12174507172115E-16,-0.940102175564903));
#4977=DIRECTION('',(0.,1.,0.));
#4978=DIRECTION('',(-0.340892797662457,0.,-0.940102175564903));
#4979=DIRECTION('',(0.,1.,0.));
#4980=DIRECTION('center_axis',(0.,0.,-1.));
#4981=DIRECTION('ref_axis',(-1.,0.,0.));
#4982=DIRECTION('',(-1.,-3.29060948020343E-16,0.));
#4983=DIRECTION('',(0.,1.,0.));
#4984=DIRECTION('',(-1.,0.,0.));
#4985=DIRECTION('center_axis',(-0.933183015563908,0.,-0.359401529578064));
#4986=DIRECTION('ref_axis',(-0.359401529578064,0.,0.933183015563907));
#4987=DIRECTION('',(-0.359401529578064,-1.18265008042919E-16,0.933183015563907));
#4988=DIRECTION('',(0.,1.,0.));
#4989=DIRECTION('',(-0.359401529578064,0.,0.933183015563907));
#4990=DIRECTION('center_axis',(0.,0.,-1.));
#4991=DIRECTION('ref_axis',(-1.,0.,0.));
#4992=DIRECTION('',(-1.,-3.29060948020343E-16,0.));
#4993=DIRECTION('',(0.,1.,0.));
#4994=DIRECTION('',(-1.,0.,0.));
#4995=DIRECTION('center_axis',(0.925486613502338,0.,0.378780316579378));
#4996=DIRECTION('ref_axis',(0.378780316579377,0.,-0.925486613502338));
#4997=DIRECTION('',(0.378780316579377,1.24641810065055E-16,-0.925486613502338));
#4998=DIRECTION('',(0.,1.,0.));
#4999=DIRECTION('',(0.378780316579377,0.,-0.925486613502338));
#5000=DIRECTION('center_axis',(0.,0.,1.));
#5001=DIRECTION('ref_axis',(1.,0.,0.));
#5002=DIRECTION('',(1.,3.29060948020343E-16,0.));
#5003=DIRECTION('',(0.,1.,0.));
#5004=DIRECTION('',(1.,0.,0.));
#5005=DIRECTION('center_axis',(-0.93352600897645,0.,0.358509679875593));
#5006=DIRECTION('ref_axis',(0.358509679875593,0.,0.93352600897645));
#5007=DIRECTION('',(0.358509679875593,1.17971535134332E-16,0.93352600897645));
#5008=DIRECTION('',(0.,1.,0.));
#5009=DIRECTION('',(0.358509679875593,0.,0.93352600897645));
#5010=DIRECTION('center_axis',(0.,0.,-1.));
#5011=DIRECTION('ref_axis',(-1.,0.,0.));
#5012=DIRECTION('',(-1.,-3.29060948020343E-16,0.));
#5013=DIRECTION('',(-1.,0.,0.));
#5014=DIRECTION('center_axis',(0.,-1.,0.));
#5015=DIRECTION('ref_axis',(1.,0.,0.));
#5016=DIRECTION('center_axis',(0.811474064320386,0.,-0.584388434977416));
#5017=DIRECTION('ref_axis',(-0.584388434977416,0.,-0.811474064320386));
#5018=DIRECTION('',(-0.584388434977416,-1.92299412425793E-16,-0.811474064320386));
#5019=DIRECTION('',(0.,1.,0.));
#5020=DIRECTION('',(-0.584388434977416,0.,-0.811474064320386));
#5021=DIRECTION('',(0.,1.,0.));
#5022=DIRECTION('',(0.,1.,0.));
#5023=DIRECTION('',(0.,1.,0.));
#5024=DIRECTION('center_axis',(-0.81709774957135,0.,-0.576499148000615));
#5025=DIRECTION('ref_axis',(-0.576499148000615,0.,0.81709774957135));
#5026=DIRECTION('',(-0.576499148000615,-1.89703356174002E-16,0.81709774957135));
#5027=DIRECTION('',(0.,1.,0.));
#5028=DIRECTION('',(-0.576499148000615,0.,0.81709774957135));
#5029=DIRECTION('center_axis',(0.,0.,-1.));
#5030=DIRECTION('ref_axis',(-1.,0.,0.));
#5031=DIRECTION('',(-1.,-3.29060948020343E-16,0.));
#5032=DIRECTION('',(0.,1.,0.));
#5033=DIRECTION('',(-1.,0.,0.));
#5034=DIRECTION('center_axis',(0.813024122508211,0.,0.582230002850895));
#5035=DIRECTION('ref_axis',(0.582230002850895,0.,-0.813024122508211));
#5036=DIRECTION('',(0.582230002850895,1.91589156704002E-16,-0.813024122508211));
#5037=DIRECTION('',(0.,1.,0.));
#5038=DIRECTION('',(0.582230002850895,0.,-0.813024122508211));
#5039=DIRECTION('center_axis',(0.801806564120194,0.,-0.597583662539204));
#5040=DIRECTION('ref_axis',(-0.597583662539203,0.,-0.801806564120194));
#5041=DIRECTION('',(-0.597583662539203,-1.96641446516619E-16,-0.801806564120194));
#5042=DIRECTION('',(0.,1.,0.));
#5043=DIRECTION('',(-0.597583662539203,0.,-0.801806564120194));
#5044=DIRECTION('center_axis',(0.,0.,1.));
#5045=DIRECTION('ref_axis',(1.,0.,0.));
#5046=DIRECTION('',(1.,3.29060948020343E-16,0.));
#5047=DIRECTION('',(0.,1.,0.));
#5048=DIRECTION('',(1.,0.,0.));
#5049=DIRECTION('center_axis',(-0.796793310541779,0.,0.604251950990539));
#5050=DIRECTION('ref_axis',(0.604251950990539,0.,0.796793310541779));
#5051=DIRECTION('',(0.604251950990539,1.98835719836088E-16,0.796793310541779));
#5052=DIRECTION('',(0.,1.,0.));
#5053=DIRECTION('',(0.604251950990539,0.,0.796793310541779));
#5054=DIRECTION('',(0.,1.,0.));
#5055=DIRECTION('',(0.,1.,0.));
#5056=DIRECTION('center_axis',(0.816365765019753,0.,0.577535226374733));
#5057=DIRECTION('ref_axis',(0.577535226374733,0.,-0.816365765019753));
#5058=DIRECTION('',(0.577535226374733,1.90044289106013E-16,-0.816365765019753));
#5059=DIRECTION('',(0.,1.,0.));
#5060=DIRECTION('',(0.577535226374733,0.,-0.816365765019753));
#5061=DIRECTION('center_axis',(0.,0.,1.));
#5062=DIRECTION('ref_axis',(1.,0.,0.));
#5063=DIRECTION('',(1.,3.29060948020343E-16,0.));
#5064=DIRECTION('',(0.,1.,0.));
#5065=DIRECTION('',(1.,0.,0.));
#5066=DIRECTION('center_axis',(-0.81451665532756,0.,-0.580140171160388));
#5067=DIRECTION('ref_axis',(-0.580140171160388,0.,0.81451665532756));
#5068=DIRECTION('',(-0.580140171160388,-1.90901474706721E-16,0.81451665532756));
#5069=DIRECTION('',(0.,1.,0.));
#5070=DIRECTION('',(-0.580140171160388,0.,0.81451665532756));
#5071=DIRECTION('center_axis',(-0.803016858301728,0.,0.595956311555824));
#5072=DIRECTION('ref_axis',(0.595956311555824,0.,0.803016858301728));
#5073=DIRECTION('',(0.595956311555824,1.96105948859266E-16,0.803016858301728));
#5074=DIRECTION('',(0.,1.,0.));
#5075=DIRECTION('',(0.595956311555824,0.,0.803016858301728));
#5076=DIRECTION('center_axis',(0.,0.,-1.));
#5077=DIRECTION('ref_axis',(-1.,0.,0.));
#5078=DIRECTION('',(-1.,-3.29060948020343E-16,0.));
#5079=DIRECTION('',(-1.,0.,0.));
#5080=DIRECTION('center_axis',(0.,-1.,0.));
#5081=DIRECTION('ref_axis',(1.,0.,0.));
#5082=DIRECTION('center_axis',(0.81147410544711,0.,-0.584388377869387));
#5083=DIRECTION('ref_axis',(-0.584388377869387,0.,-0.81147410544711));
#5084=DIRECTION('',(-0.584388377869387,-1.92299393633771E-16,-0.81147410544711));
#5085=DIRECTION('',(0.,1.,0.));
#5086=DIRECTION('',(-0.584388377869387,0.,-0.81147410544711));
#5087=DIRECTION('',(0.,1.,0.));
#5088=DIRECTION('',(0.,1.,0.));
#5089=DIRECTION('',(0.,1.,0.));
#5090=DIRECTION('center_axis',(-0.817097990723096,0.,-0.576498806205425));
#5091=DIRECTION('ref_axis',(-0.576498806205425,0.,0.817097990723096));
#5092=DIRECTION('',(-0.576498806205425,-1.89703243702553E-16,0.817097990723096));
#5093=DIRECTION('',(0.,1.,0.));
#5094=DIRECTION('',(-0.576498806205425,0.,0.817097990723096));
#5095=DIRECTION('center_axis',(0.,0.,-1.));
#5096=DIRECTION('ref_axis',(-1.,0.,0.));
#5097=DIRECTION('',(-1.,-3.29060948020343E-16,0.));
#5098=DIRECTION('',(0.,1.,0.));
#5099=DIRECTION('',(-1.,0.,0.));
#5100=DIRECTION('center_axis',(0.813023959786659,0.,0.582230230074686));
#5101=DIRECTION('ref_axis',(0.582230230074686,0.,-0.813023959786659));
#5102=DIRECTION('',(0.582230230074686,1.91589231474478E-16,-0.813023959786659));
#5103=DIRECTION('',(0.,1.,0.));
#5104=DIRECTION('',(0.582230230074686,0.,-0.813023959786659));
#5105=DIRECTION('center_axis',(0.801806503392896,0.,-0.597583744019913));
#5106=DIRECTION('ref_axis',(-0.597583744019913,0.,-0.801806503392896));
#5107=DIRECTION('',(-0.597583744019913,-1.96641473328738E-16,-0.801806503392896));
#5108=DIRECTION('',(0.,1.,0.));
#5109=DIRECTION('',(-0.597583744019913,0.,-0.801806503392896));
#5110=DIRECTION('center_axis',(0.,0.,1.));
#5111=DIRECTION('ref_axis',(1.,0.,0.));
#5112=DIRECTION('',(1.,3.29060948020343E-16,0.));
#5113=DIRECTION('',(0.,1.,0.));
#5114=DIRECTION('',(1.,0.,0.));
#5115=DIRECTION('center_axis',(-0.796793525975618,0.,0.604251666909859));
#5116=DIRECTION('ref_axis',(0.604251666909858,0.,0.796793525975618));
#5117=DIRECTION('',(0.604251666909858,1.9883562635623E-16,0.796793525975618));
#5118=DIRECTION('',(0.,1.,0.));
#5119=DIRECTION('',(0.604251666909858,0.,0.796793525975618));
#5120=DIRECTION('',(0.,1.,0.));
#5121=DIRECTION('',(0.,1.,0.));
#5122=DIRECTION('center_axis',(0.816365373681561,0.,0.577535779544234));
#5123=DIRECTION('ref_axis',(0.577535779544234,0.,-0.81636537368156));
#5124=DIRECTION('',(0.577535779544234,1.90044471132493E-16,-0.81636537368156));
#5125=DIRECTION('',(0.,1.,0.));
#5126=DIRECTION('',(0.577535779544234,0.,-0.816365373681561));
#5127=DIRECTION('center_axis',(0.,0.,1.));
#5128=DIRECTION('ref_axis',(1.,0.,0.));
#5129=DIRECTION('',(1.,3.29060948020343E-16,0.));
#5130=DIRECTION('',(0.,1.,0.));
#5131=DIRECTION('',(1.,0.,0.));
#5132=DIRECTION('center_axis',(-0.814516535557066,0.,-0.580140339318096));
#5133=DIRECTION('ref_axis',(-0.580140339318096,0.,0.814516535557066));
#5134=DIRECTION('',(-0.580140339318096,-1.90901530040856E-16,0.814516535557066));
#5135=DIRECTION('',(0.,1.,0.));
#5136=DIRECTION('',(-0.580140339318096,0.,0.814516535557066));
#5137=DIRECTION('center_axis',(-0.803016844566545,0.,0.595956330063194));
#5138=DIRECTION('ref_axis',(0.595956330063194,0.,0.803016844566544));
#5139=DIRECTION('',(0.595956330063194,1.96105954949319E-16,0.803016844566544));
#5140=DIRECTION('',(0.,1.,0.));
#5141=DIRECTION('',(0.595956330063194,0.,0.803016844566544));
#5142=DIRECTION('center_axis',(0.,0.,-1.));
#5143=DIRECTION('ref_axis',(-1.,0.,0.));
#5144=DIRECTION('',(-1.,-3.29060948020343E-16,0.));
#5145=DIRECTION('',(-1.,0.,0.));
#5146=DIRECTION('center_axis',(0.,-1.,0.));
#5147=DIRECTION('ref_axis',(1.,0.,0.));
#5148=DIRECTION('',(0.,1.,0.));
#5149=DIRECTION('',(0.,1.,0.));
#5150=DIRECTION('',(0.,1.,0.));
#5151=DIRECTION('center_axis',(-0.935759598387605,0.,-0.352638588395354));
#5152=DIRECTION('ref_axis',(-0.352638588395354,0.,0.935759598387605));
#5153=DIRECTION('',(-0.352638588395354,-1.16039588205931E-16,0.935759598387605));
#5154=DIRECTION('',(0.,1.,0.));
#5155=DIRECTION('',(-0.352638588395354,0.,0.935759598387605));
#5156=DIRECTION('center_axis',(0.,0.,1.));
#5157=DIRECTION('ref_axis',(1.,0.,0.));
#5158=DIRECTION('',(1.,3.29060948020343E-16,0.));
#5159=DIRECTION('',(0.,1.,0.));
#5160=DIRECTION('',(1.,0.,0.));
#5161=DIRECTION('center_axis',(0.936508105084508,0.,-0.350645931262613));
#5162=DIRECTION('ref_axis',(-0.350645931262613,0.,-0.936508105084508));
#5163=DIRECTION('',(-0.350645931262613,-1.15383882560751E-16,-0.936508105084508));
#5164=DIRECTION('',(-0.350645931262613,0.,-0.936508105084508));
#5165=DIRECTION('center_axis',(0.940102175564903,0.,-0.340892797662457));
#5166=DIRECTION('ref_axis',(-0.340892797662457,0.,-0.940102175564903));
#5167=DIRECTION('',(-0.340892797662457,-1.12174507172115E-16,-0.940102175564903));
#5168=DIRECTION('',(0.,1.,0.));
#5169=DIRECTION('',(-0.340892797662457,0.,-0.940102175564903));
#5170=DIRECTION('',(0.,1.,0.));
#5171=DIRECTION('center_axis',(0.,0.,-1.));
#5172=DIRECTION('ref_axis',(-1.,0.,0.));
#5173=DIRECTION('',(-1.,-3.29060948020343E-16,0.));
#5174=DIRECTION('',(0.,1.,0.));
#5175=DIRECTION('',(-1.,0.,0.));
#5176=DIRECTION('center_axis',(-0.933183015563908,0.,-0.359401529578064));
#5177=DIRECTION('ref_axis',(-0.359401529578064,0.,0.933183015563907));
#5178=DIRECTION('',(-0.359401529578064,-1.18265008042919E-16,0.933183015563907));
#5179=DIRECTION('',(0.,1.,0.));
#5180=DIRECTION('',(-0.359401529578064,0.,0.933183015563907));
#5181=DIRECTION('center_axis',(0.,0.,-1.));
#5182=DIRECTION('ref_axis',(-1.,0.,0.));
#5183=DIRECTION('',(-1.,-3.29060948020343E-16,0.));
#5184=DIRECTION('',(0.,1.,0.));
#5185=DIRECTION('',(-1.,0.,0.));
#5186=DIRECTION('center_axis',(0.925486613502338,0.,0.378780316579378));
#5187=DIRECTION('ref_axis',(0.378780316579377,0.,-0.925486613502338));
#5188=DIRECTION('',(0.378780316579377,1.24641810065055E-16,-0.925486613502338));
#5189=DIRECTION('',(0.,1.,0.));
#5190=DIRECTION('',(0.378780316579377,0.,-0.925486613502338));
#5191=DIRECTION('center_axis',(0.,0.,1.));
#5192=DIRECTION('ref_axis',(1.,0.,0.));
#5193=DIRECTION('',(1.,3.29060948020343E-16,0.));
#5194=DIRECTION('',(0.,1.,0.));
#5195=DIRECTION('',(1.,0.,0.));
#5196=DIRECTION('center_axis',(-0.93352600897645,0.,0.358509679875593));
#5197=DIRECTION('ref_axis',(0.358509679875593,0.,0.93352600897645));
#5198=DIRECTION('',(0.358509679875593,1.17971535134332E-16,0.93352600897645));
#5199=DIRECTION('',(0.,1.,0.));
#5200=DIRECTION('',(0.358509679875593,0.,0.93352600897645));
#5201=DIRECTION('center_axis',(0.,0.,-1.));
#5202=DIRECTION('ref_axis',(-1.,0.,0.));
#5203=DIRECTION('',(-1.,-3.29060948020343E-16,0.));
#5204=DIRECTION('',(-1.,0.,0.));
#5205=DIRECTION('center_axis',(0.,-1.,0.));
#5206=DIRECTION('ref_axis',(1.,0.,0.));
#5207=DIRECTION('center_axis',(1.,0.,0.));
#5208=DIRECTION('ref_axis',(0.,0.,-1.));
#5209=DIRECTION('',(0.,0.,-1.));
#5210=DIRECTION('',(0.,1.,0.));
#5211=DIRECTION('',(0.,0.,-1.));
#5212=DIRECTION('',(0.,1.,0.));
#5213=DIRECTION('center_axis',(0.82219222607764,0.,-0.569209929092505));
#5214=DIRECTION('ref_axis',(-0.569209929092505,0.,-0.82219222607764));
#5215=DIRECTION('',(-0.569209929092505,-1.87304758889772E-16,-0.82219222607764));
#5216=DIRECTION('',(0.,1.,0.));
#5217=DIRECTION('',(-0.569209929092505,0.,-0.82219222607764));
#5218=DIRECTION('center_axis',(0.,0.,1.));
#5219=DIRECTION('ref_axis',(1.,0.,0.));
#5220=DIRECTION('',(1.,3.29060948020343E-16,0.));
#5221=DIRECTION('',(0.,1.,0.));
#5222=DIRECTION('',(1.,0.,0.));
#5223=DIRECTION('center_axis',(-0.835018840372086,0.,0.550221352024489));
#5224=DIRECTION('ref_axis',(0.550221352024489,0.,0.835018840372086));
#5225=DIRECTION('',(0.550221352024489,1.81056359718213E-16,0.835018840372086));
#5226=DIRECTION('',(0.,1.,0.));
#5227=DIRECTION('',(0.550221352024489,0.,0.835018840372086));
#5228=DIRECTION('',(0.,1.,0.));
#5229=DIRECTION('',(0.,1.,0.));
#5230=DIRECTION('center_axis',(0.836969588468205,0.,0.547249401990868));
#5231=DIRECTION('ref_axis',(0.547249401990868,0.,-0.836969588468205));
#5232=DIRECTION('',(0.547249401990868,1.80078407022681E-16,-0.836969588468205));
#5233=DIRECTION('',(0.,1.,0.));
#5234=DIRECTION('',(0.547249401990868,0.,-0.836969588468205));
#5235=DIRECTION('center_axis',(0.,0.,1.));
#5236=DIRECTION('ref_axis',(1.,0.,0.));
#5237=DIRECTION('',(1.,3.29060948020343E-16,0.));
#5238=DIRECTION('',(0.,1.,0.));
#5239=DIRECTION('',(1.,0.,0.));
#5240=DIRECTION('center_axis',(-0.83129278150348,0.,-0.555834787882341));
#5241=DIRECTION('ref_axis',(-0.555834787882341,0.,0.83129278150348));
#5242=DIRECTION('',(-0.555834787882341,-1.82903522243249E-16,0.83129278150348));
#5243=DIRECTION('',(0.,1.,0.));
#5244=DIRECTION('',(-0.555834787882341,0.,0.83129278150348));
#5245=DIRECTION('center_axis',(-1.,0.,0.));
#5246=DIRECTION('ref_axis',(0.,0.,1.));
#5247=DIRECTION('',(0.,0.,1.));
#5248=DIRECTION('',(0.,1.,0.));
#5249=DIRECTION('',(0.,0.,1.));
#5250=DIRECTION('center_axis',(0.,0.,-1.));
#5251=DIRECTION('ref_axis',(-1.,0.,0.));
#5252=DIRECTION('',(-1.,-3.29060948020343E-16,0.));
#5253=DIRECTION('',(-1.,0.,0.));
#5254=DIRECTION('center_axis',(0.,-1.,0.));
#5255=DIRECTION('ref_axis',(1.,0.,0.));
#5256=DIRECTION('center_axis',(3.29060948020343E-16,-1.,0.));
#5257=DIRECTION('ref_axis',(1.,3.29060948020343E-16,0.));
#5258=DIRECTION('center_axis',(3.29060948020343E-16,-1.,0.));
#5259=DIRECTION('ref_axis',(1.,3.29060948020343E-16,0.));
#5260=DIRECTION('center_axis',(0.,1.,0.));
#5261=DIRECTION('ref_axis',(1.,0.,0.));
#5262=DIRECTION('',(-1.,0.,0.));
#5263=DIRECTION('',(0.,0.,-1.));
#5264=DIRECTION('',(1.,0.,0.));
#5265=DIRECTION('',(0.,0.,1.));
#5266=DIRECTION('center_axis',(0.,1.,0.));
#5267=DIRECTION('ref_axis',(1.,0.,0.));
#5268=DIRECTION('',(-1.,0.,0.));
#5269=DIRECTION('',(0.,0.,-1.));
#5270=DIRECTION('',(1.,0.,0.));
#5271=DIRECTION('',(0.,0.,-1.));
#5272=DIRECTION('center_axis',(1.,5.9809994592601E-15,0.));
#5273=DIRECTION('ref_axis',(0.,0.,1.));
#5274=DIRECTION('',(5.9809994592601E-15,-1.,0.));
#5275=DIRECTION('',(0.,0.,-1.));
#5276=DIRECTION('',(5.9809994592601E-15,-1.,0.));
#5277=DIRECTION('',(0.,0.,-1.));
#5278=DIRECTION('',(5.9809994592601E-15,-1.,0.));
#5279=DIRECTION('',(0.,0.,-1.));
#5280=DIRECTION('',(0.,-1.,0.));
#5281=DIRECTION('center_axis',(-1.,1.21668276671256E-16,0.));
#5282=DIRECTION('ref_axis',(-1.21668276671256E-16,-1.,0.));
#5283=DIRECTION('',(0.,0.,-1.));
#5284=DIRECTION('',(-1.21668276671256E-16,-1.,0.));
#5285=DIRECTION('',(0.,0.,-1.));
#5286=DIRECTION('',(1.21668276671256E-16,1.,0.));
#5287=DIRECTION('center_axis',(-1.,1.21668276671256E-16,0.));
#5288=DIRECTION('ref_axis',(-1.21668276671256E-16,-1.,0.));
#5289=DIRECTION('',(-1.21668276671256E-16,-1.,0.));
#5290=DIRECTION('',(0.,0.,-1.));
#5291=DIRECTION('',(-1.21668276671256E-16,-1.,0.));
#5292=DIRECTION('center_axis',(0.,0.,1.));
#5293=DIRECTION('ref_axis',(1.,0.,0.));
#5294=DIRECTION('',(-1.,0.,0.));
#5295=DIRECTION('',(0.,1.,0.));
#5296=DIRECTION('',(2.77403670810463E-14,1.,0.));
#5297=DIRECTION('',(-1.,0.,0.));
#5298=DIRECTION('',(4.25838968349396E-15,-1.,0.));
#5299=DIRECTION('center_axis',(0.,0.,-1.));
#5300=DIRECTION('ref_axis',(-0.707106781186546,-0.707106781186549,0.));
#5301=DIRECTION('',(1.,3.29060948020343E-16,0.));
#5302=DIRECTION('center_axis',(0.,0.,-1.));
#5303=DIRECTION('ref_axis',(0.707106781186548,-0.707106781186547,0.));
#5304=DIRECTION('',(0.,1.,0.));
#5305=DIRECTION('',(-1.,0.,0.));
#5306=DIRECTION('center_axis',(1.,-2.77403670810464E-14,0.));
#5307=DIRECTION('ref_axis',(2.77403670810463E-14,1.,0.));
#5308=DIRECTION('',(2.77403670810463E-14,1.,0.));
#5309=DIRECTION('',(0.,0.,1.));
#5310=DIRECTION('center_axis',(0.,0.,-1.));
#5311=DIRECTION('ref_axis',(1.,5.9211894646675E-15,0.));
#5312=DIRECTION('',(-1.,0.,0.));
#5313=DIRECTION('',(1.21668276671256E-16,1.,0.));
#5314=DIRECTION('center_axis',(0.,0.,1.));
#5315=DIRECTION('ref_axis',(0.707106781186546,-0.707106781186549,0.));
#5316=DIRECTION('',(1.,1.43069977400149E-18,0.));
#5317=DIRECTION('center_axis',(0.,0.,1.));
#5318=DIRECTION('ref_axis',(-0.707106781186558,-0.707106781186537,0.));
#5319=DIRECTION('',(-2.77403670810463E-14,-1.,0.));
#5320=DIRECTION('',(-1.,0.,0.));
#5321=DIRECTION('',(5.9809994592601E-15,-1.,0.));
#5322=DIRECTION('center_axis',(0.,0.,1.));
#5323=DIRECTION('ref_axis',(-0.707106781186544,-0.707106781186551,0.));
#5324=DIRECTION('',(1.,5.9211894646675E-15,0.));
#5325=DIRECTION('center_axis',(0.,0.,1.));
#5326=DIRECTION('ref_axis',(0.70710678118655,-0.707106781186545,0.));
#5327=DIRECTION('center_axis',(0.,0.,1.));
#5328=DIRECTION('ref_axis',(-1.,-5.9211894646675E-15,0.));
#5329=DIRECTION('',(5.9809994592601E-15,-1.,0.));
#5330=DIRECTION('',(1.,0.,0.));
#5331=DIRECTION('center_axis',(0.,0.,1.));
#5332=DIRECTION('ref_axis',(-1.,-5.9211894646675E-15,0.));
#5333=DIRECTION('',(1.,0.,0.));
#5334=DIRECTION('center_axis',(0.,0.,-1.));
#5335=DIRECTION('ref_axis',(0.70710678118655,-0.707106781186545,0.));
#5336=DIRECTION('',(-1.,-5.9211894646675E-15,0.));
#5337=DIRECTION('center_axis',(0.,0.,-1.));
#5338=DIRECTION('ref_axis',(-0.707106781186544,-0.707106781186551,0.));
#5339=DIRECTION('',(5.9809994592601E-15,-1.,0.));
#5340=DIRECTION('',(1.,0.,0.));
#5341=DIRECTION('',(2.77403670810463E-14,1.,0.));
#5342=DIRECTION('center_axis',(0.,0.,-1.));
#5343=DIRECTION('ref_axis',(-0.707106781186558,-0.707106781186537,0.));
#5344=DIRECTION('',(-1.,-1.43069977400149E-18,0.));
#5345=DIRECTION('center_axis',(0.,0.,-1.));
#5346=DIRECTION('ref_axis',(0.707106781186546,-0.707106781186549,0.));
#5347=DIRECTION('center_axis',(0.,0.,1.));
#5348=DIRECTION('ref_axis',(-1.,-5.9211894646675E-15,0.));
#5349=DIRECTION('',(1.,0.,0.));
#5350=DIRECTION('center_axis',(0.,1.,0.));
#5351=DIRECTION('ref_axis',(-0.707106781186548,0.,-0.707106781186547));
#5352=DIRECTION('center_axis',(3.29060948020343E-16,-1.,0.));
#5353=DIRECTION('ref_axis',(-0.707106781186548,0.,-0.707106781186547));
#5354=DIRECTION('',(0.,1.,0.));
#5355=DIRECTION('center_axis',(-1.43069977400149E-18,1.,0.));
#5356=DIRECTION('ref_axis',(-0.707106781186548,0.,-0.707106781186547));
#5357=DIRECTION('',(0.,-1.,0.));
#5358=DIRECTION('center_axis',(0.,0.,-1.));
#5359=DIRECTION('ref_axis',(-1.,0.,0.));
#5360=DIRECTION('',(-1.,-3.29060948020343E-16,0.));
#5361=DIRECTION('',(0.,-1.,0.));
#5362=DIRECTION('',(1.,1.43069977400149E-18,0.));
#5363=DIRECTION('center_axis',(0.,1.,0.));
#5364=DIRECTION('ref_axis',(-0.70710678118655,0.,0.707106781186545));
#5365=DIRECTION('center_axis',(3.29060948020343E-16,-1.,0.));
#5366=DIRECTION('ref_axis',(-0.70710678118655,0.,0.707106781186545));
#5367=DIRECTION('',(0.,1.,0.));
#5368=DIRECTION('center_axis',(-1.43069977400149E-18,1.,0.));
#5369=DIRECTION('ref_axis',(-0.70710678118655,0.,0.707106781186545));
#5370=DIRECTION('',(0.,-1.,0.));
#5371=DIRECTION('center_axis',(-1.,0.,-1.55431223447522E-15));
#5372=DIRECTION('ref_axis',(-1.55431223447522E-15,0.,1.));
#5373=DIRECTION('',(1.55431223447522E-15,2.22375416259145E-33,-1.));
#5374=DIRECTION('',(-1.55431223447522E-15,-5.11463457396033E-31,1.));
#5375=DIRECTION('center_axis',(0.,1.,0.));
#5376=DIRECTION('ref_axis',(0.70710678118655,0.,0.707106781186545));
#5377=DIRECTION('center_axis',(3.29060948020343E-16,-1.,0.));
#5378=DIRECTION('ref_axis',(0.70710678118655,0.,0.707106781186545));
#5379=DIRECTION('',(0.,1.,0.));
#5380=DIRECTION('center_axis',(-1.43069977400149E-18,1.,0.));
#5381=DIRECTION('ref_axis',(0.70710678118655,0.,0.707106781186545));
#5382=DIRECTION('',(0.,-1.,0.));
#5383=DIRECTION('center_axis',(0.,0.,1.));
#5384=DIRECTION('ref_axis',(1.,0.,0.));
#5385=DIRECTION('',(-1.,-1.43069977400149E-18,0.));
#5386=DIRECTION('',(1.,3.29060948020343E-16,0.));
#5387=DIRECTION('center_axis',(0.,1.,0.));
#5388=DIRECTION('ref_axis',(0.707106781186548,0.,-0.707106781186548));
#5389=DIRECTION('center_axis',(3.29060948020343E-16,-1.,0.));
#5390=DIRECTION('ref_axis',(0.707106781186548,0.,-0.707106781186548));
#5391=DIRECTION('',(0.,1.,0.));
#5392=DIRECTION('center_axis',(-1.43069977400149E-18,1.,0.));
#5393=DIRECTION('ref_axis',(0.707106781186548,0.,-0.707106781186548));
#5394=DIRECTION('center_axis',(1.,0.,-1.77635683940025E-15));
#5395=DIRECTION('ref_axis',(-1.77635683940025E-15,0.,-1.));
#5396=DIRECTION('',(1.77635683940025E-15,2.54143332867594E-33,1.));
#5397=DIRECTION('',(-1.77635683940025E-15,-5.84529665595466E-31,-1.));
#5398=DIRECTION('center_axis',(0.,1.,0.));
#5399=DIRECTION('ref_axis',(0.707106781186547,0.,-0.707106781186548));
#5400=DIRECTION('center_axis',(3.29060948020343E-16,-1.,0.));
#5401=DIRECTION('ref_axis',(0.707106781186547,0.,-0.707106781186548));
#5402=DIRECTION('',(0.,1.,0.));
#5403=DIRECTION('center_axis',(-1.43069977400149E-18,1.,0.));
#5404=DIRECTION('ref_axis',(0.707106781186547,0.,-0.707106781186548));
#5405=DIRECTION('',(0.,-1.,0.));
#5406=DIRECTION('center_axis',(1.,0.,0.));
#5407=DIRECTION('ref_axis',(0.,0.,-1.));
#5408=DIRECTION('',(0.,0.,-1.));
#5409=DIRECTION('',(0.,-1.,0.));
#5410=DIRECTION('',(0.,0.,1.));
#5411=DIRECTION('center_axis',(0.,1.,0.));
#5412=DIRECTION('ref_axis',(-0.707106781186548,0.,-0.707106781186547));
#5413=DIRECTION('center_axis',(3.29060948020343E-16,-1.,0.));
#5414=DIRECTION('ref_axis',(-0.707106781186548,0.,-0.707106781186547));
#5415=DIRECTION('',(0.,1.,0.));
#5416=DIRECTION('center_axis',(-1.43069977400149E-18,1.,0.));
#5417=DIRECTION('ref_axis',(-0.707106781186548,0.,-0.707106781186547));
#5418=DIRECTION('',(0.,-1.,0.));
#5419=DIRECTION('center_axis',(0.,0.,-1.));
#5420=DIRECTION('ref_axis',(-1.,0.,0.));
#5421=DIRECTION('',(1.,1.43069977400149E-18,0.));
#5422=DIRECTION('',(-1.,-3.29060948020343E-16,0.));
#5423=DIRECTION('center_axis',(0.,1.,0.));
#5424=DIRECTION('ref_axis',(0.707106781186549,0.,0.707106781186546));
#5425=DIRECTION('center_axis',(3.29060948020343E-16,-1.,0.));
#5426=DIRECTION('ref_axis',(0.707106781186549,0.,0.707106781186546));
#5427=DIRECTION('',(0.,1.,0.));
#5428=DIRECTION('center_axis',(-1.43069977400149E-18,1.,0.));
#5429=DIRECTION('ref_axis',(0.707106781186549,0.,0.707106781186546));
#5430=DIRECTION('center_axis',(0.,0.,1.));
#5431=DIRECTION('ref_axis',(1.,0.,0.));
#5432=DIRECTION('',(1.,3.29060948020343E-16,0.));
#5433=DIRECTION('',(0.,-1.,0.));
#5434=DIRECTION('',(-1.,-1.43069977400149E-18,0.));
#5435=DIRECTION('center_axis',(0.,1.,0.));
#5436=DIRECTION('ref_axis',(-0.707106781186549,0.,0.707106781186546));
#5437=DIRECTION('center_axis',(3.29060948020343E-16,-1.,0.));
#5438=DIRECTION('ref_axis',(-0.707106781186549,0.,0.707106781186546));
#5439=DIRECTION('',(0.,1.,0.));
#5440=DIRECTION('center_axis',(-1.43069977400149E-18,1.,0.));
#5441=DIRECTION('ref_axis',(-0.707106781186549,0.,0.707106781186546));
#5442=DIRECTION('center_axis',(-1.,0.,0.));
#5443=DIRECTION('ref_axis',(0.,0.,1.));
#5444=DIRECTION('',(0.,0.,-1.));
#5445=DIRECTION('',(0.,0.,1.));
#5446=DIRECTION('center_axis',(0.,-1.,0.));
#5447=DIRECTION('ref_axis',(0.,0.,-1.));
#5448=DIRECTION('',(0.,0.,1.));
#5449=DIRECTION('',(1.,0.,0.));
#5450=DIRECTION('',(0.,0.,-1.));
#5451=DIRECTION('center_axis',(0.,-1.,0.));
#5452=DIRECTION('ref_axis',(0.,0.,-1.));
#5453=DIRECTION('',(0.,0.,1.));
#5454=DIRECTION('',(0.,0.,1.));
#5455=DIRECTION('',(1.,0.,0.));
#5456=DIRECTION('',(0.,0.,-1.));
#5457=DIRECTION('center_axis',(1.,-2.77403670810464E-14,0.));
#5458=DIRECTION('ref_axis',(2.77403670810463E-14,1.,0.));
#5459=DIRECTION('',(0.,0.,1.));
#5460=DIRECTION('',(2.77403670810463E-14,1.,0.));
#5461=DIRECTION('center_axis',(-1.,-5.9809994592601E-15,0.));
#5462=DIRECTION('ref_axis',(0.,0.,-1.));
#5463=DIRECTION('',(0.,0.,1.));
#5464=DIRECTION('',(0.,0.,-1.));
#5465=DIRECTION('center_axis',(1.,0.,0.));
#5466=DIRECTION('ref_axis',(0.,1.,0.));
#5467=DIRECTION('',(0.,0.,1.));
#5468=DIRECTION('',(0.,-1.,0.));
#5469=DIRECTION('center_axis',(0.,0.,1.));
#5470=DIRECTION('ref_axis',(0.707106781186548,-0.707106781186547,0.));
#5471=DIRECTION('',(0.,0.,-1.));
#5472=DIRECTION('center_axis',(0.,0.,1.));
#5473=DIRECTION('ref_axis',(0.707106781186548,-0.707106781186547,0.));
#5474=DIRECTION('center_axis',(0.,0.,1.));
#5475=DIRECTION('ref_axis',(1.,0.,0.));
#5476=DIRECTION('center_axis',(0.,0.,-1.));
#5477=DIRECTION('ref_axis',(-0.707106781186558,-0.707106781186537,0.));
#5478=DIRECTION('',(1.,1.43069977400149E-18,0.));
#5479=DIRECTION('center_axis',(0.,0.,-1.));
#5480=DIRECTION('ref_axis',(0.707106781186546,-0.707106781186549,0.));
#5481=DIRECTION('',(1.21668276671256E-16,1.,0.));
#5482=DIRECTION('',(-1.,-3.29060948020343E-16,0.));
#5483=DIRECTION('center_axis',(0.,0.,1.));
#5484=DIRECTION('ref_axis',(-0.707106781186546,-0.707106781186549,0.));
#5485=DIRECTION('',(4.25838968349396E-15,-1.,0.));
#5486=DIRECTION('center_axis',(0.,0.,1.));
#5487=DIRECTION('ref_axis',(-0.707106781186546,-0.707106781186549,0.));
#5488=DIRECTION('',(0.,0.,-1.));
#5489=DIRECTION('',(0.,0.,1.));
#5490=DIRECTION('center_axis',(-1.,-4.25838968349396E-15,0.));
#5491=DIRECTION('ref_axis',(4.25838968349396E-15,-1.,0.));
#5492=DIRECTION('center_axis',(0.,0.,1.));
#5493=DIRECTION('ref_axis',(0.707106781186546,-0.707106781186549,0.));
#5494=DIRECTION('center_axis',(0.,0.,-1.));
#5495=DIRECTION('ref_axis',(0.707106781186546,-0.707106781186549,0.));
#5496=DIRECTION('',(0.,0.,1.));
#5497=DIRECTION('center_axis',(-1.43069977400149E-18,1.,0.));
#5498=DIRECTION('ref_axis',(-1.,-1.43069977400149E-18,0.));
#5499=DIRECTION('',(0.,0.,-1.));
#5500=DIRECTION('',(1.,1.43069977400149E-18,0.));
#5501=DIRECTION('center_axis',(0.,0.,1.));
#5502=DIRECTION('ref_axis',(0.707106781186546,-0.707106781186549,0.));
#5503=DIRECTION('',(0.,0.,1.));
#5504=DIRECTION('',(0.,0.,-1.));
#5505=DIRECTION('center_axis',(-1.43069977400149E-18,1.,0.));
#5506=DIRECTION('ref_axis',(-1.,-1.43069977400149E-18,0.));
#5507=DIRECTION('',(0.,0.,-1.));
#5508=DIRECTION('center_axis',(0.,0.,1.));
#5509=DIRECTION('ref_axis',(-0.707106781186558,-0.707106781186537,0.));
#5510=DIRECTION('center_axis',(0.,0.,-1.));
#5511=DIRECTION('ref_axis',(-0.707106781186558,-0.707106781186537,0.));
#5512=DIRECTION('',(0.,0.,1.));
#5513=DIRECTION('center_axis',(1.,-2.77403670810464E-14,0.));
#5514=DIRECTION('ref_axis',(2.77403670810463E-14,1.,0.));
#5515=DIRECTION('',(0.,0.,1.));
#5516=DIRECTION('',(-2.77403670810463E-14,-1.,0.));
#5517=DIRECTION('center_axis',(0.,0.,1.));
#5518=DIRECTION('ref_axis',(-0.707106781186558,-0.707106781186537,0.));
#5519=DIRECTION('center_axis',(0.,0.,-1.));
#5520=DIRECTION('ref_axis',(-0.707106781186544,-0.707106781186551,0.));
#5521=DIRECTION('',(0.,0.,-1.));
#5522=DIRECTION('center_axis',(5.9809994592601E-15,-1.,0.));
#5523=DIRECTION('ref_axis',(0.,0.,-1.));
#5524=DIRECTION('',(0.,0.,1.));
#5525=DIRECTION('center_axis',(0.,0.,1.));
#5526=DIRECTION('ref_axis',(0.70710678118655,-0.707106781186545,0.));
#5527=DIRECTION('center_axis',(-1.,1.21668276671256E-16,0.));
#5528=DIRECTION('ref_axis',(-1.21668276671256E-16,-1.,0.));
#5529=DIRECTION('center_axis',(0.,1.,0.));
#5530=DIRECTION('ref_axis',(1.,0.,0.));
#5531=DIRECTION('',(1.,0.,0.));
#5532=DIRECTION('center_axis',(0.,0.,-1.));
#5533=DIRECTION('ref_axis',(-1.,0.,0.));
#5534=DIRECTION('center_axis',(3.29060948020343E-16,-1.,0.));
#5535=DIRECTION('ref_axis',(1.,3.29060948020343E-16,0.));
#5536=CARTESIAN_POINT('',(0.,0.,0.));
#5537=CARTESIAN_POINT('Origin',(-34.3663024362184,-1.25000000000155,19.1944063901901));
#5538=CARTESIAN_POINT('',(-34.3663024362184,-1.25000000000155,19.1944063901901));
#5539=CARTESIAN_POINT('',(-34.3663024362184,-1.25000000000155,18.7005455493927));
#5540=CARTESIAN_POINT('',(-34.3663024362184,-1.25000000000156,9.59720319509506));
#5541=CARTESIAN_POINT('',(-34.3663024362184,-0.250000000001549,19.1944063901901));
#5542=CARTESIAN_POINT('',(-34.3663024362184,-1.25000000000155,19.1944063901901));
#5543=CARTESIAN_POINT('',(-34.3663024362184,-0.250000000001549,18.7005455493927));
#5544=CARTESIAN_POINT('',(-34.3663024362184,-0.250000000001549,19.1944063901901));
#5545=CARTESIAN_POINT('',(-34.3663024362184,-1.25000000000155,18.7005455493927));
#5546=CARTESIAN_POINT('Origin',(-35.8751698788262,-1.25000000000155,19.1944063901901));
#5547=CARTESIAN_POINT('',(-35.8751698788262,-1.25000000000155,19.1944063901901));
#5548=CARTESIAN_POINT('',(-42.1875849394135,-1.25000000000156,19.1944063901901));
#5549=CARTESIAN_POINT('',(-35.8751698788262,-0.250000000001549,19.1944063901901));
#5550=CARTESIAN_POINT('',(-35.8751698788262,-1.25000000000155,19.1944063901901));
#5551=CARTESIAN_POINT('',(-35.8751698788262,-0.250000000001549,19.1944063901901));
#5552=CARTESIAN_POINT('Origin',(-35.8751698788262,-1.25000000000155,18.7005455493927));
#5553=CARTESIAN_POINT('',(-35.8751698788262,-1.25000000000155,18.7005455493927));
#5554=CARTESIAN_POINT('',(-35.8751698788262,-1.25000000000156,9.35027277469635));
#5555=CARTESIAN_POINT('',(-35.8751698788262,-0.250000000001549,18.7005455493927));
#5556=CARTESIAN_POINT('',(-35.8751698788262,-1.25000000000155,18.7005455493927));
#5557=CARTESIAN_POINT('',(-35.8751698788262,-0.250000000001549,18.7005455493927));
#5558=CARTESIAN_POINT('Origin',(-34.3663024362184,-1.25000000000155,18.7005455493927));
#5559=CARTESIAN_POINT('',(-41.4331512181095,-1.25000000000156,18.7005455493927));
#5560=CARTESIAN_POINT('',(-34.3663024362184,-0.250000000001549,18.7005455493927));
#5561=CARTESIAN_POINT('Origin',(-30.4999991711236,-0.250000000001549,19.4999998509884));
#5562=CARTESIAN_POINT('Ctrl Pts',(-24.1384714301682,-1.25000000000155,17.5900409817696));
#5563=CARTESIAN_POINT('Ctrl Pts',(-24.1384714301682,-0.250000000001549,
17.5900409817696));
#5564=CARTESIAN_POINT('Ctrl Pts',(-24.2537310107365,-1.25000000000155,17.6487249171103));
#5565=CARTESIAN_POINT('Ctrl Pts',(-24.2537310107365,-0.250000000001549,
17.6487249171103));
#5566=CARTESIAN_POINT('Ctrl Pts',(-24.4812376479565,-1.25000000000155,17.7645589737882));
#5567=CARTESIAN_POINT('Ctrl Pts',(-24.4812376479565,-0.250000000001549,
17.7645589737882));
#5568=CARTESIAN_POINT('Ctrl Pts',(-24.6372263400025,-1.25000000000155,17.9665218619063));
#5569=CARTESIAN_POINT('Ctrl Pts',(-24.6372263400025,-0.250000000001549,
17.9665218619063));
#5570=CARTESIAN_POINT('Ctrl Pts',(-24.7141879256822,-1.25000000000155,18.0661661624908));
#5571=CARTESIAN_POINT('Ctrl Pts',(-24.7141879256822,-0.250000000001549,
18.0661661624908));
#5572=CARTESIAN_POINT('',(-24.1384714301682,-1.25000000000155,17.5900409817696));
#5573=CARTESIAN_POINT('',(-24.7141879256822,-1.25000000000155,18.0661661624908));
#5574=CARTESIAN_POINT('Ctrl Pts',(-24.1384714301682,-1.25000000000155,17.5900409817696));
#5575=CARTESIAN_POINT('Ctrl Pts',(-24.2537310107365,-1.25000000000155,17.6487249171103));
#5576=CARTESIAN_POINT('Ctrl Pts',(-24.4812376479565,-1.25000000000155,17.7645589737882));
#5577=CARTESIAN_POINT('Ctrl Pts',(-24.6372263400025,-1.25000000000155,17.9665218619063));
#5578=CARTESIAN_POINT('Ctrl Pts',(-24.7141879256822,-1.25000000000155,18.0661661624908));
#5579=CARTESIAN_POINT('',(-24.1384714301682,-0.250000000001549,17.5900409817696));
#5580=CARTESIAN_POINT('',(-24.1384714301682,-1.25000000000155,17.5900409817696));
#5581=CARTESIAN_POINT('',(-24.7141879256822,-0.250000000001549,18.0661661624908));
#5582=CARTESIAN_POINT('Ctrl Pts',(-24.1384714301682,-0.250000000001549,
17.5900409817696));
#5583=CARTESIAN_POINT('Ctrl Pts',(-24.2537310107365,-0.250000000001549,
17.6487249171103));
#5584=CARTESIAN_POINT('Ctrl Pts',(-24.4812376479565,-0.250000000001549,
17.7645589737882));
#5585=CARTESIAN_POINT('Ctrl Pts',(-24.6372263400025,-0.250000000001549,
17.9665218619063));
#5586=CARTESIAN_POINT('Ctrl Pts',(-24.7141879256822,-0.250000000001549,
18.0661661624908));
#5587=CARTESIAN_POINT('',(-24.7141879256822,-1.25000000000155,18.0661661624908));
#5588=CARTESIAN_POINT('Ctrl Pts',(-23.2285111602403,-1.25000000000155,17.4317870736122));
#5589=CARTESIAN_POINT('Ctrl Pts',(-23.2285111602403,-0.250000000001549,
17.4317870736122));
#5590=CARTESIAN_POINT('Ctrl Pts',(-23.3964620481379,-1.25000000000155,17.4360500245193));
#5591=CARTESIAN_POINT('Ctrl Pts',(-23.3964620481379,-0.250000000001549,
17.4360500245193));
#5592=CARTESIAN_POINT('Ctrl Pts',(-23.7079488385592,-1.25000000000155,17.4439562220535));
#5593=CARTESIAN_POINT('Ctrl Pts',(-23.7079488385592,-0.250000000001549,
17.4439562220535));
#5594=CARTESIAN_POINT('Ctrl Pts',(-24.0026640304461,-1.25000000000155,17.5439588672818));
#5595=CARTESIAN_POINT('Ctrl Pts',(-24.0026640304461,-0.250000000001549,
17.5439588672818));
#5596=CARTESIAN_POINT('Ctrl Pts',(-24.1384714301682,-1.25000000000155,17.5900409817696));
#5597=CARTESIAN_POINT('Ctrl Pts',(-24.1384714301682,-0.250000000001549,
17.5900409817696));
#5598=CARTESIAN_POINT('',(-23.2285111602403,-1.25000000000155,17.4317870736122));
#5599=CARTESIAN_POINT('Ctrl Pts',(-23.2285111602403,-1.25000000000155,17.4317870736122));
#5600=CARTESIAN_POINT('Ctrl Pts',(-23.3964620481379,-1.25000000000155,17.4360500245193));
#5601=CARTESIAN_POINT('Ctrl Pts',(-23.7079488385592,-1.25000000000155,17.4439562220535));
#5602=CARTESIAN_POINT('Ctrl Pts',(-24.0026640304461,-1.25000000000155,17.5439588672818));
#5603=CARTESIAN_POINT('Ctrl Pts',(-24.1384714301682,-1.25000000000155,17.5900409817696));
#5604=CARTESIAN_POINT('',(-23.2285111602403,-0.250000000001549,17.4317870736122));
#5605=CARTESIAN_POINT('',(-23.2285111602403,-1.25000000000155,17.4317870736122));
#5606=CARTESIAN_POINT('Ctrl Pts',(-23.2285111602403,-0.250000000001549,
17.4317870736122));
#5607=CARTESIAN_POINT('Ctrl Pts',(-23.3964620481379,-0.250000000001549,
17.4360500245193));
#5608=CARTESIAN_POINT('Ctrl Pts',(-23.7079488385592,-0.250000000001549,
17.4439562220535));
#5609=CARTESIAN_POINT('Ctrl Pts',(-24.0026640304461,-0.250000000001549,
17.5439588672818));
#5610=CARTESIAN_POINT('Ctrl Pts',(-24.1384714301682,-0.250000000001549,
17.5900409817696));
#5611=CARTESIAN_POINT('Ctrl Pts',(-22.4577062781907,-1.25000000000155,17.5886766314507));
#5612=CARTESIAN_POINT('Ctrl Pts',(-22.4577062781907,-0.250000000001549,
17.5886766314507));
#5613=CARTESIAN_POINT('Ctrl Pts',(-22.577659373704,-1.25000000000155,17.5429310928616));
#5614=CARTESIAN_POINT('Ctrl Pts',(-22.577659373704,-0.250000000001549,17.5429310928616));
#5615=CARTESIAN_POINT('Ctrl Pts',(-22.8258166623415,-1.25000000000155,17.4482933615473));
#5616=CARTESIAN_POINT('Ctrl Pts',(-22.8258166623415,-0.250000000001549,
17.4482933615473));
#5617=CARTESIAN_POINT('Ctrl Pts',(-23.0913368592544,-1.25000000000155,17.4374097938658));
#5618=CARTESIAN_POINT('Ctrl Pts',(-23.0913368592544,-0.250000000001549,
17.4374097938658));
#5619=CARTESIAN_POINT('Ctrl Pts',(-23.2285111602403,-1.25000000000155,17.4317870736122));
#5620=CARTESIAN_POINT('Ctrl Pts',(-23.2285111602403,-0.250000000001549,
17.4317870736122));
#5621=CARTESIAN_POINT('',(-22.4577062781907,-1.25000000000155,17.5886766314507));
#5622=CARTESIAN_POINT('Ctrl Pts',(-22.4577062781907,-1.25000000000155,17.5886766314507));
#5623=CARTESIAN_POINT('Ctrl Pts',(-22.577659373704,-1.25000000000155,17.5429310928616));
#5624=CARTESIAN_POINT('Ctrl Pts',(-22.8258166623415,-1.25000000000155,17.4482933615473));
#5625=CARTESIAN_POINT('Ctrl Pts',(-23.0913368592544,-1.25000000000155,17.4374097938658));
#5626=CARTESIAN_POINT('Ctrl Pts',(-23.2285111602403,-1.25000000000155,17.4317870736122));
#5627=CARTESIAN_POINT('',(-22.4577062781907,-0.250000000001549,17.5886766314507));
#5628=CARTESIAN_POINT('',(-22.4577062781907,-1.25000000000155,17.5886766314507));
#5629=CARTESIAN_POINT('Ctrl Pts',(-22.4577062781907,-0.250000000001549,
17.5886766314507));
#5630=CARTESIAN_POINT('Ctrl Pts',(-22.577659373704,-0.250000000001549,17.5429310928616));
#5631=CARTESIAN_POINT('Ctrl Pts',(-22.8258166623415,-0.250000000001549,
17.4482933615473));
#5632=CARTESIAN_POINT('Ctrl Pts',(-23.0913368592544,-0.250000000001549,
17.4374097938658));
#5633=CARTESIAN_POINT('Ctrl Pts',(-23.2285111602403,-0.250000000001549,
17.4317870736122));
#5634=CARTESIAN_POINT('Ctrl Pts',(-21.9324677642442,-1.25000000000155,18.0279670357704));
#5635=CARTESIAN_POINT('Ctrl Pts',(-21.9324677642442,-0.250000000001549,
18.0279670357704));
#5636=CARTESIAN_POINT('Ctrl Pts',(-22.0016786906757,-1.25000000000155,17.9383339763225));
#5637=CARTESIAN_POINT('Ctrl Pts',(-22.0016786906757,-0.250000000001549,
17.9383339763225));
#5638=CARTESIAN_POINT('Ctrl Pts',(-22.1443776862885,-1.25000000000155,17.753528654152));
#5639=CARTESIAN_POINT('Ctrl Pts',(-22.1443776862885,-0.250000000001549,
17.753528654152));
#5640=CARTESIAN_POINT('Ctrl Pts',(-22.3511970693252,-1.25000000000155,17.6447144746976));
#5641=CARTESIAN_POINT('Ctrl Pts',(-22.3511970693252,-0.250000000001549,
17.6447144746976));
#5642=CARTESIAN_POINT('Ctrl Pts',(-22.4577062781907,-1.25000000000155,17.5886766314507));
#5643=CARTESIAN_POINT('Ctrl Pts',(-22.4577062781907,-0.250000000001549,
17.5886766314507));
#5644=CARTESIAN_POINT('',(-21.9324677642442,-1.25000000000155,18.0279670357704));
#5645=CARTESIAN_POINT('Ctrl Pts',(-21.9324677642442,-1.25000000000155,18.0279670357704));
#5646=CARTESIAN_POINT('Ctrl Pts',(-22.0016786906757,-1.25000000000155,17.9383339763225));
#5647=CARTESIAN_POINT('Ctrl Pts',(-22.1443776862885,-1.25000000000155,17.753528654152));
#5648=CARTESIAN_POINT('Ctrl Pts',(-22.3511970693252,-1.25000000000155,17.6447144746976));
#5649=CARTESIAN_POINT('Ctrl Pts',(-22.4577062781907,-1.25000000000155,17.5886766314507));
#5650=CARTESIAN_POINT('',(-21.9324677642442,-0.250000000001549,18.0279670357704));
#5651=CARTESIAN_POINT('',(-21.9324677642442,-1.25000000000155,18.0279670357704));
#5652=CARTESIAN_POINT('Ctrl Pts',(-21.9324677642442,-0.250000000001549,
18.0279670357704));
#5653=CARTESIAN_POINT('Ctrl Pts',(-22.0016786906757,-0.250000000001549,
17.9383339763225));
#5654=CARTESIAN_POINT('Ctrl Pts',(-22.1443776862885,-0.250000000001549,
17.753528654152));
#5655=CARTESIAN_POINT('Ctrl Pts',(-22.3511970693252,-0.250000000001549,
17.6447144746976));
#5656=CARTESIAN_POINT('Ctrl Pts',(-22.4577062781907,-0.250000000001549,
17.5886766314507));
#5657=CARTESIAN_POINT('Ctrl Pts',(-21.7496579345323,-1.25000000000155,18.629604101181));
#5658=CARTESIAN_POINT('Ctrl Pts',(-21.7496579345323,-0.250000000001549,
18.629604101181));
#5659=CARTESIAN_POINT('Ctrl Pts',(-21.7576907812801,-1.25000000000155,18.5240896921937));
#5660=CARTESIAN_POINT('Ctrl Pts',(-21.7576907812801,-0.250000000001549,
18.5240896921937));
#5661=CARTESIAN_POINT('Ctrl Pts',(-21.7739834842676,-1.25000000000155,18.3100790206961));
#5662=CARTESIAN_POINT('Ctrl Pts',(-21.7739834842676,-0.250000000001549,
18.3100790206961));
#5663=CARTESIAN_POINT('Ctrl Pts',(-21.8791512298354,-1.25000000000155,18.1228738199236));
#5664=CARTESIAN_POINT('Ctrl Pts',(-21.8791512298354,-0.250000000001549,
18.1228738199236));
#5665=CARTESIAN_POINT('Ctrl Pts',(-21.9324677642442,-1.25000000000155,18.0279670357704));
#5666=CARTESIAN_POINT('Ctrl Pts',(-21.9324677642442,-0.250000000001549,
18.0279670357704));
#5667=CARTESIAN_POINT('',(-21.7496579345323,-1.25000000000155,18.629604101181));
#5668=CARTESIAN_POINT('Ctrl Pts',(-21.7496579345323,-1.25000000000155,18.629604101181));
#5669=CARTESIAN_POINT('Ctrl Pts',(-21.7576907812801,-1.25000000000155,18.5240896921937));
#5670=CARTESIAN_POINT('Ctrl Pts',(-21.7739834842676,-1.25000000000155,18.3100790206961));
#5671=CARTESIAN_POINT('Ctrl Pts',(-21.8791512298354,-1.25000000000155,18.1228738199236));
#5672=CARTESIAN_POINT('Ctrl Pts',(-21.9324677642442,-1.25000000000155,18.0279670357704));
#5673=CARTESIAN_POINT('',(-21.7496579345323,-0.250000000001549,18.629604101181));
#5674=CARTESIAN_POINT('',(-21.7496579345323,-1.25000000000155,18.629604101181));
#5675=CARTESIAN_POINT('Ctrl Pts',(-21.7496579345323,-0.250000000001549,
18.629604101181));
#5676=CARTESIAN_POINT('Ctrl Pts',(-21.7576907812801,-0.250000000001549,
18.5240896921937));
#5677=CARTESIAN_POINT('Ctrl Pts',(-21.7739834842676,-0.250000000001549,
18.3100790206961));
#5678=CARTESIAN_POINT('Ctrl Pts',(-21.8791512298354,-0.250000000001549,
18.1228738199236));
#5679=CARTESIAN_POINT('Ctrl Pts',(-21.9324677642442,-0.250000000001549,
18.0279670357704));
#5680=CARTESIAN_POINT('Ctrl Pts',(-21.9160979446031,-1.25000000000155,19.1984991431236));
#5681=CARTESIAN_POINT('Ctrl Pts',(-21.9160979446031,-0.250000000001549,
19.1984991431236));
#5682=CARTESIAN_POINT('Ctrl Pts',(-21.867558842238,-1.25000000000155,19.1119873470006));
#5683=CARTESIAN_POINT('Ctrl Pts',(-21.867558842238,-0.250000000001549,19.1119873470006));
#5684=CARTESIAN_POINT('Ctrl Pts',(-21.768414518102,-1.25000000000155,18.9352812865564));
#5685=CARTESIAN_POINT('Ctrl Pts',(-21.768414518102,-0.250000000001549,18.9352812865564));
#5686=CARTESIAN_POINT('Ctrl Pts',(-21.7559963916238,-1.25000000000155,18.7329023226385));
#5687=CARTESIAN_POINT('Ctrl Pts',(-21.7559963916238,-0.250000000001549,
18.7329023226385));
#5688=CARTESIAN_POINT('Ctrl Pts',(-21.7496579345323,-1.25000000000155,18.629604101181));
#5689=CARTESIAN_POINT('Ctrl Pts',(-21.7496579345323,-0.250000000001549,
18.629604101181));
#5690=CARTESIAN_POINT('',(-21.9160979446031,-1.25000000000155,19.1984991431236));
#5691=CARTESIAN_POINT('Ctrl Pts',(-21.9160979446031,-1.25000000000155,19.1984991431236));
#5692=CARTESIAN_POINT('Ctrl Pts',(-21.867558842238,-1.25000000000155,19.1119873470006));
#5693=CARTESIAN_POINT('Ctrl Pts',(-21.768414518102,-1.25000000000155,18.9352812865564));
#5694=CARTESIAN_POINT('Ctrl Pts',(-21.7559963916238,-1.25000000000155,18.7329023226385));
#5695=CARTESIAN_POINT('Ctrl Pts',(-21.7496579345323,-1.25000000000155,18.629604101181));
#5696=CARTESIAN_POINT('',(-21.9160979446031,-0.250000000001549,19.1984991431236));
#5697=CARTESIAN_POINT('',(-21.9160979446031,-1.25000000000155,19.1984991431236));
#5698=CARTESIAN_POINT('Ctrl Pts',(-21.9160979446031,-0.250000000001549,
19.1984991431236));
#5699=CARTESIAN_POINT('Ctrl Pts',(-21.867558842238,-0.250000000001549,19.1119873470006));
#5700=CARTESIAN_POINT('Ctrl Pts',(-21.768414518102,-0.250000000001549,18.9352812865564));
#5701=CARTESIAN_POINT('Ctrl Pts',(-21.7559963916238,-0.250000000001549,
18.7329023226385));
#5702=CARTESIAN_POINT('Ctrl Pts',(-21.7496579345323,-0.250000000001549,
18.629604101181));
#5703=CARTESIAN_POINT('Ctrl Pts',(-22.4317877944566,-1.25000000000155,19.6064118742943));
#5704=CARTESIAN_POINT('Ctrl Pts',(-22.4317877944566,-0.250000000001549,
19.6064118742943));
#5705=CARTESIAN_POINT('Ctrl Pts',(-22.3251949603848,-1.25000000000155,19.5522996009544));
#5706=CARTESIAN_POINT('Ctrl Pts',(-22.3251949603848,-0.250000000001549,
19.5522996009544));
#5707=CARTESIAN_POINT('Ctrl Pts',(-22.1254344300887,-1.25000000000155,19.4508903785425));
#5708=CARTESIAN_POINT('Ctrl Pts',(-22.1254344300887,-0.250000000001549,
19.4508903785425));
#5709=CARTESIAN_POINT('Ctrl Pts',(-21.9826787528784,-1.25000000000155,19.2787737900244));
#5710=CARTESIAN_POINT('Ctrl Pts',(-21.9826787528784,-0.250000000001549,
19.2787737900244));
#5711=CARTESIAN_POINT('Ctrl Pts',(-21.9160979446031,-1.25000000000155,19.1984991431236));
#5712=CARTESIAN_POINT('Ctrl Pts',(-21.9160979446031,-0.250000000001549,
19.1984991431236));
#5713=CARTESIAN_POINT('',(-22.4317877944566,-1.25000000000155,19.6064118742943));
#5714=CARTESIAN_POINT('Ctrl Pts',(-22.4317877944566,-1.25000000000155,19.6064118742943));
#5715=CARTESIAN_POINT('Ctrl Pts',(-22.3251949603848,-1.25000000000155,19.5522996009544));
#5716=CARTESIAN_POINT('Ctrl Pts',(-22.1254344300887,-1.25000000000155,19.4508903785425));
#5717=CARTESIAN_POINT('Ctrl Pts',(-21.9826787528784,-1.25000000000155,19.2787737900244));
#5718=CARTESIAN_POINT('Ctrl Pts',(-21.9160979446031,-1.25000000000155,19.1984991431236));
#5719=CARTESIAN_POINT('',(-22.4317877944566,-0.250000000001549,19.6064118742943));
#5720=CARTESIAN_POINT('',(-22.4317877944566,-1.25000000000155,19.6064118742943));
#5721=CARTESIAN_POINT('Ctrl Pts',(-22.4317877944566,-0.250000000001549,
19.6064118742943));
#5722=CARTESIAN_POINT('Ctrl Pts',(-22.3251949603848,-0.250000000001549,
19.5522996009544));
#5723=CARTESIAN_POINT('Ctrl Pts',(-22.1254344300887,-0.250000000001549,
19.4508903785425));
#5724=CARTESIAN_POINT('Ctrl Pts',(-21.9826787528784,-0.250000000001549,
19.2787737900244));
#5725=CARTESIAN_POINT('Ctrl Pts',(-21.9160979446031,-0.250000000001549,
19.1984991431236));
#5726=CARTESIAN_POINT('Ctrl Pts',(-23.3171885665513,-1.25000000000155,19.86152780056));
#5727=CARTESIAN_POINT('Ctrl Pts',(-23.3171885665513,-0.250000000001549,
19.86152780056));
#5728=CARTESIAN_POINT('Ctrl Pts',(-23.1344362009758,-1.25000000000155,19.8206985430771));
#5729=CARTESIAN_POINT('Ctrl Pts',(-23.1344362009758,-0.250000000001549,
19.8206985430771));
#5730=CARTESIAN_POINT('Ctrl Pts',(-22.8339586493089,-1.25000000000155,19.7535679465115));
#5731=CARTESIAN_POINT('Ctrl Pts',(-22.8339586493089,-0.250000000001549,
19.7535679465115));
#5732=CARTESIAN_POINT('Ctrl Pts',(-22.5449999627504,-1.25000000000155,19.6478367011118));
#5733=CARTESIAN_POINT('Ctrl Pts',(-22.5449999627504,-0.250000000001549,
19.6478367011118));
#5734=CARTESIAN_POINT('Ctrl Pts',(-22.4317877944566,-1.25000000000155,19.6064118742943));
#5735=CARTESIAN_POINT('Ctrl Pts',(-22.4317877944566,-0.250000000001549,
19.6064118742943));
#5736=CARTESIAN_POINT('',(-23.3171885665513,-1.25000000000155,19.86152780056));
#5737=CARTESIAN_POINT('Ctrl Pts',(-23.3171885665513,-1.25000000000155,19.86152780056));
#5738=CARTESIAN_POINT('Ctrl Pts',(-23.1344362009758,-1.25000000000155,19.8206985430771));
#5739=CARTESIAN_POINT('Ctrl Pts',(-22.8339586493089,-1.25000000000155,19.7535679465115));
#5740=CARTESIAN_POINT('Ctrl Pts',(-22.5449999627504,-1.25000000000155,19.6478367011118));
#5741=CARTESIAN_POINT('Ctrl Pts',(-22.4317877944566,-1.25000000000155,19.6064118742943));
#5742=CARTESIAN_POINT('',(-23.3171885665513,-0.250000000001549,19.86152780056));
#5743=CARTESIAN_POINT('',(-23.3171885665513,-1.25000000000155,19.86152780056));
#5744=CARTESIAN_POINT('Ctrl Pts',(-23.3171885665513,-0.250000000001549,
19.86152780056));
#5745=CARTESIAN_POINT('Ctrl Pts',(-23.1344362009758,-0.250000000001549,
19.8206985430771));
#5746=CARTESIAN_POINT('Ctrl Pts',(-22.8339586493089,-0.250000000001549,
19.7535679465115));
#5747=CARTESIAN_POINT('Ctrl Pts',(-22.5449999627504,-0.250000000001549,
19.6478367011118));
#5748=CARTESIAN_POINT('Ctrl Pts',(-22.4317877944566,-0.250000000001549,
19.6064118742943));
#5749=CARTESIAN_POINT('Ctrl Pts',(-24.1152780707932,-1.25000000000155,20.1466573476791));
#5750=CARTESIAN_POINT('Ctrl Pts',(-24.1152780707932,-0.250000000001549,
20.1466573476791));
#5751=CARTESIAN_POINT('Ctrl Pts',(-24.0246806073048,-1.25000000000155,20.0961656792043));
#5752=CARTESIAN_POINT('Ctrl Pts',(-24.0246806073048,-0.250000000001549,
20.0961656792043));
#5753=CARTESIAN_POINT('Ctrl Pts',(-23.7756567508102,-1.25000000000155,19.9573800055187));
#5754=CARTESIAN_POINT('Ctrl Pts',(-23.7756567508102,-0.250000000001549,
19.9573800055187));
#5755=CARTESIAN_POINT('Ctrl Pts',(-23.495451951662,-1.25000000000155,19.8987974282309));
#5756=CARTESIAN_POINT('Ctrl Pts',(-23.495451951662,-0.250000000001549,19.8987974282309));
#5757=CARTESIAN_POINT('Ctrl Pts',(-23.3171885665513,-1.25000000000155,19.86152780056));
#5758=CARTESIAN_POINT('Ctrl Pts',(-23.3171885665513,-0.250000000001549,
19.86152780056));
#5759=CARTESIAN_POINT('',(-24.1152780707932,-1.25000000000155,20.1466573476791));
#5760=CARTESIAN_POINT('Ctrl Pts',(-24.1152780707932,-1.25000000000155,20.1466573476791));
#5761=CARTESIAN_POINT('Ctrl Pts',(-24.0246806073048,-1.25000000000155,20.0961656792043));
#5762=CARTESIAN_POINT('Ctrl Pts',(-23.7756567508102,-1.25000000000155,19.9573800055187));
#5763=CARTESIAN_POINT('Ctrl Pts',(-23.495451951662,-1.25000000000155,19.8987974282309));
#5764=CARTESIAN_POINT('Ctrl Pts',(-23.3171885665513,-1.25000000000155,19.86152780056));
#5765=CARTESIAN_POINT('',(-24.1152780707932,-0.250000000001549,20.1466573476791));
#5766=CARTESIAN_POINT('',(-24.1152780707932,-1.25000000000155,20.1466573476791));
#5767=CARTESIAN_POINT('Ctrl Pts',(-24.1152780707932,-0.250000000001549,
20.1466573476791));
#5768=CARTESIAN_POINT('Ctrl Pts',(-24.0246806073048,-0.250000000001549,
20.0961656792043));
#5769=CARTESIAN_POINT('Ctrl Pts',(-23.7756567508102,-0.250000000001549,
19.9573800055187));
#5770=CARTESIAN_POINT('Ctrl Pts',(-23.495451951662,-0.250000000001549,19.8987974282309));
#5771=CARTESIAN_POINT('Ctrl Pts',(-23.3171885665513,-0.250000000001549,
19.86152780056));
#5772=CARTESIAN_POINT('Ctrl Pts',(-24.2708032783128,-1.25000000000155,20.501363992691));
#5773=CARTESIAN_POINT('Ctrl Pts',(-24.2708032783128,-0.250000000001549,
20.501363992691));
#5774=CARTESIAN_POINT('Ctrl Pts',(-24.2645659300574,-1.25000000000155,20.4329153635384));
#5775=CARTESIAN_POINT('Ctrl Pts',(-24.2645659300574,-0.250000000001549,
20.4329153635384));
#5776=CARTESIAN_POINT('Ctrl Pts',(-24.2522054487324,-1.25000000000155,20.2972715021221));
#5777=CARTESIAN_POINT('Ctrl Pts',(-24.2522054487324,-0.250000000001549,
20.2972715021221));
#5778=CARTESIAN_POINT('Ctrl Pts',(-24.1606384931702,-1.25000000000155,20.1965518374759));
#5779=CARTESIAN_POINT('Ctrl Pts',(-24.1606384931702,-0.250000000001549,
20.1965518374759));
#5780=CARTESIAN_POINT('Ctrl Pts',(-24.1152780707932,-1.25000000000155,20.1466573476791));
#5781=CARTESIAN_POINT('Ctrl Pts',(-24.1152780707932,-0.250000000001549,
20.1466573476791));
#5782=CARTESIAN_POINT('',(-24.2708032783128,-1.25000000000155,20.501363992691));
#5783=CARTESIAN_POINT('Ctrl Pts',(-24.2708032783128,-1.25000000000155,20.501363992691));
#5784=CARTESIAN_POINT('Ctrl Pts',(-24.2645659300574,-1.25000000000155,20.4329153635384));
#5785=CARTESIAN_POINT('Ctrl Pts',(-24.2522054487324,-1.25000000000155,20.2972715021221));
#5786=CARTESIAN_POINT('Ctrl Pts',(-24.1606384931702,-1.25000000000155,20.1965518374759));
#5787=CARTESIAN_POINT('Ctrl Pts',(-24.1152780707932,-1.25000000000155,20.1466573476791));
#5788=CARTESIAN_POINT('',(-24.2708032783128,-0.250000000001549,20.501363992691));
#5789=CARTESIAN_POINT('',(-24.2708032783128,-1.25000000000155,20.501363992691));
#5790=CARTESIAN_POINT('Ctrl Pts',(-24.2708032783128,-0.250000000001549,
20.501363992691));
#5791=CARTESIAN_POINT('Ctrl Pts',(-24.2645659300574,-0.250000000001549,
20.4329153635384));
#5792=CARTESIAN_POINT('Ctrl Pts',(-24.2522054487324,-0.250000000001549,
20.2972715021221));
#5793=CARTESIAN_POINT('Ctrl Pts',(-24.1606384931702,-0.250000000001549,
20.1965518374759));
#5794=CARTESIAN_POINT('Ctrl Pts',(-24.1152780707932,-0.250000000001549,
20.1466573476791));
#5795=CARTESIAN_POINT('Ctrl Pts',(-24.0511577781297,-1.25000000000155,20.9256477355957));
#5796=CARTESIAN_POINT('Ctrl Pts',(-24.0511577781297,-0.250000000001549,
20.9256477355957));
#5797=CARTESIAN_POINT('Ctrl Pts',(-24.1151964923861,-1.25000000000155,20.8655837587521));
#5798=CARTESIAN_POINT('Ctrl Pts',(-24.1151964923861,-0.250000000001549,
20.8655837587521));
#5799=CARTESIAN_POINT('Ctrl Pts',(-24.2387756582416,-1.25000000000155,20.7496748707853));
#5800=CARTESIAN_POINT('Ctrl Pts',(-24.2387756582416,-0.250000000001549,
20.7496748707853));
#5801=CARTESIAN_POINT('Ctrl Pts',(-24.2603896536603,-1.25000000000155,20.582101065126));
#5802=CARTESIAN_POINT('Ctrl Pts',(-24.2603896536603,-0.250000000001549,
20.582101065126));
#5803=CARTESIAN_POINT('Ctrl Pts',(-24.2708032783128,-1.25000000000155,20.501363992691));
#5804=CARTESIAN_POINT('Ctrl Pts',(-24.2708032783128,-0.250000000001549,
20.501363992691));
#5805=CARTESIAN_POINT('',(-24.0511577781297,-1.25000000000155,20.9256477355957));
#5806=CARTESIAN_POINT('Ctrl Pts',(-24.0511577781297,-1.25000000000155,20.9256477355957));
#5807=CARTESIAN_POINT('Ctrl Pts',(-24.1151964923861,-1.25000000000155,20.8655837587521));
#5808=CARTESIAN_POINT('Ctrl Pts',(-24.2387756582416,-1.25000000000155,20.7496748707853));
#5809=CARTESIAN_POINT('Ctrl Pts',(-24.2603896536603,-1.25000000000155,20.582101065126));
#5810=CARTESIAN_POINT('Ctrl Pts',(-24.2708032783128,-1.25000000000155,20.501363992691));
#5811=CARTESIAN_POINT('',(-24.0511577781297,-0.250000000001549,20.9256477355957));
#5812=CARTESIAN_POINT('',(-24.0511577781297,-1.25000000000155,20.9256477355957));
#5813=CARTESIAN_POINT('Ctrl Pts',(-24.0511577781297,-0.250000000001549,
20.9256477355957));
#5814=CARTESIAN_POINT('Ctrl Pts',(-24.1151964923861,-0.250000000001549,
20.8655837587521));
#5815=CARTESIAN_POINT('Ctrl Pts',(-24.2387756582416,-0.250000000001549,
20.7496748707853));
#5816=CARTESIAN_POINT('Ctrl Pts',(-24.2603896536603,-0.250000000001549,
20.582101065126));
#5817=CARTESIAN_POINT('Ctrl Pts',(-24.2708032783128,-0.250000000001549,
20.501363992691));
#5818=CARTESIAN_POINT('Ctrl Pts',(-23.3512943442918,-1.25000000000155,21.101637005806));
#5819=CARTESIAN_POINT('Ctrl Pts',(-23.3512943442918,-0.250000000001549,
21.101637005806));
#5820=CARTESIAN_POINT('Ctrl Pts',(-23.4931126125802,-1.25000000000155,21.099482640212));
#5821=CARTESIAN_POINT('Ctrl Pts',(-23.4931126125802,-0.250000000001549,
21.099482640212));
#5822=CARTESIAN_POINT('Ctrl Pts',(-23.7415796517432,-1.25000000000155,21.0957081699207));
#5823=CARTESIAN_POINT('Ctrl Pts',(-23.7415796517432,-0.250000000001549,
21.0957081699207));
#5824=CARTESIAN_POINT('Ctrl Pts',(-23.9581849345233,-1.25000000000155,20.9767204723833));
#5825=CARTESIAN_POINT('Ctrl Pts',(-23.9581849345233,-0.250000000001549,
20.9767204723833));
#5826=CARTESIAN_POINT('Ctrl Pts',(-24.0511577781297,-1.25000000000155,20.9256477355957));
#5827=CARTESIAN_POINT('Ctrl Pts',(-24.0511577781297,-0.250000000001549,
20.9256477355957));
#5828=CARTESIAN_POINT('',(-23.3512943442918,-1.25000000000155,21.101637005806));
#5829=CARTESIAN_POINT('Ctrl Pts',(-23.3512943442918,-1.25000000000155,21.101637005806));
#5830=CARTESIAN_POINT('Ctrl Pts',(-23.4931126125802,-1.25000000000155,21.099482640212));
#5831=CARTESIAN_POINT('Ctrl Pts',(-23.7415796517432,-1.25000000000155,21.0957081699207));
#5832=CARTESIAN_POINT('Ctrl Pts',(-23.9581849345233,-1.25000000000155,20.9767204723833));
#5833=CARTESIAN_POINT('Ctrl Pts',(-24.0511577781297,-1.25000000000155,20.9256477355957));
#5834=CARTESIAN_POINT('',(-23.3512943442918,-0.250000000001549,21.101637005806));
#5835=CARTESIAN_POINT('',(-23.3512943442918,-1.25000000000155,21.101637005806));
#5836=CARTESIAN_POINT('Ctrl Pts',(-23.3512943442918,-0.250000000001549,
21.101637005806));
#5837=CARTESIAN_POINT('Ctrl Pts',(-23.4931126125802,-0.250000000001549,
21.099482640212));
#5838=CARTESIAN_POINT('Ctrl Pts',(-23.7415796517432,-0.250000000001549,
21.0957081699207));
#5839=CARTESIAN_POINT('Ctrl Pts',(-23.9581849345233,-0.250000000001549,
20.9767204723833));
#5840=CARTESIAN_POINT('Ctrl Pts',(-24.0511577781297,-0.250000000001549,
20.9256477355957));
#5841=CARTESIAN_POINT('Ctrl Pts',(-22.6541608031846,-1.25000000000155,20.907912671566));
#5842=CARTESIAN_POINT('Ctrl Pts',(-22.6541608031846,-0.250000000001549,
20.907912671566));
#5843=CARTESIAN_POINT('Ctrl Pts',(-22.749234209241,-1.25000000000155,20.9642372537699));
#5844=CARTESIAN_POINT('Ctrl Pts',(-22.749234209241,-0.250000000001549,20.9642372537699));
#5845=CARTESIAN_POINT('Ctrl Pts',(-22.9630660863861,-1.25000000000155,21.0909182221043));
#5846=CARTESIAN_POINT('Ctrl Pts',(-22.9630660863861,-0.250000000001549,
21.0909182221043));
#5847=CARTESIAN_POINT('Ctrl Pts',(-23.2126691719524,-1.25000000000155,21.097809635676));
#5848=CARTESIAN_POINT('Ctrl Pts',(-23.2126691719524,-0.250000000001549,
21.097809635676));
#5849=CARTESIAN_POINT('Ctrl Pts',(-23.3512943442918,-1.25000000000155,21.101637005806));
#5850=CARTESIAN_POINT('Ctrl Pts',(-23.3512943442918,-0.250000000001549,
21.101637005806));
#5851=CARTESIAN_POINT('',(-22.6541608031846,-1.25000000000155,20.907912671566));
#5852=CARTESIAN_POINT('Ctrl Pts',(-22.6541608031846,-1.25000000000155,20.907912671566));
#5853=CARTESIAN_POINT('Ctrl Pts',(-22.749234209241,-1.25000000000155,20.9642372537699));
#5854=CARTESIAN_POINT('Ctrl Pts',(-22.9630660863861,-1.25000000000155,21.0909182221043));
#5855=CARTESIAN_POINT('Ctrl Pts',(-23.2126691719524,-1.25000000000155,21.097809635676));
#5856=CARTESIAN_POINT('Ctrl Pts',(-23.3512943442918,-1.25000000000155,21.101637005806));
#5857=CARTESIAN_POINT('',(-22.6541608031846,-0.250000000001549,20.907912671566));
#5858=CARTESIAN_POINT('',(-22.6541608031846,-1.25000000000155,20.907912671566));
#5859=CARTESIAN_POINT('Ctrl Pts',(-22.6541608031846,-0.250000000001549,
20.907912671566));
#5860=CARTESIAN_POINT('Ctrl Pts',(-22.749234209241,-0.250000000001549,20.9642372537699));
#5861=CARTESIAN_POINT('Ctrl Pts',(-22.9630660863861,-0.250000000001549,
21.0909182221043));
#5862=CARTESIAN_POINT('Ctrl Pts',(-23.2126691719524,-0.250000000001549,
21.097809635676));
#5863=CARTESIAN_POINT('Ctrl Pts',(-23.3512943442918,-0.250000000001549,
21.101637005806));
#5864=CARTESIAN_POINT('Ctrl Pts',(-22.377216165886,-1.25000000000155,20.3349248766899));
#5865=CARTESIAN_POINT('Ctrl Pts',(-22.377216165886,-0.250000000001549,20.3349248766899));
#5866=CARTESIAN_POINT('Ctrl Pts',(-22.3962915436321,-1.25000000000155,20.4512846438705));
#5867=CARTESIAN_POINT('Ctrl Pts',(-22.3962915436321,-0.250000000001549,
20.4512846438705));
#5868=CARTESIAN_POINT('Ctrl Pts',(-22.4322144959301,-1.25000000000155,20.6704145830763));
#5869=CARTESIAN_POINT('Ctrl Pts',(-22.4322144959301,-0.250000000001549,
20.6704145830763));
#5870=CARTESIAN_POINT('Ctrl Pts',(-22.5833019889715,-1.25000000000155,20.832088779128));
#5871=CARTESIAN_POINT('Ctrl Pts',(-22.5833019889715,-0.250000000001549,
20.832088779128));
#5872=CARTESIAN_POINT('Ctrl Pts',(-22.6541608031846,-1.25000000000155,20.907912671566));
#5873=CARTESIAN_POINT('Ctrl Pts',(-22.6541608031846,-0.250000000001549,
20.907912671566));
#5874=CARTESIAN_POINT('',(-22.377216165886,-1.25000000000155,20.3349248766899));
#5875=CARTESIAN_POINT('Ctrl Pts',(-22.377216165886,-1.25000000000155,20.3349248766899));
#5876=CARTESIAN_POINT('Ctrl Pts',(-22.3962915436321,-1.25000000000155,20.4512846438705));
#5877=CARTESIAN_POINT('Ctrl Pts',(-22.4322144959301,-1.25000000000155,20.6704145830763));
#5878=CARTESIAN_POINT('Ctrl Pts',(-22.5833019889715,-1.25000000000155,20.832088779128));
#5879=CARTESIAN_POINT('Ctrl Pts',(-22.6541608031846,-1.25000000000155,20.907912671566));
#5880=CARTESIAN_POINT('',(-22.377216165886,-0.250000000001549,20.3349248766899));
#5881=CARTESIAN_POINT('',(-22.377216165886,-1.25000000000155,20.3349248766899));
#5882=CARTESIAN_POINT('Ctrl Pts',(-22.377216165886,-0.250000000001549,20.3349248766899));
#5883=CARTESIAN_POINT('Ctrl Pts',(-22.3962915436321,-0.250000000001549,
20.4512846438705));
#5884=CARTESIAN_POINT('Ctrl Pts',(-22.4322144959301,-0.250000000001549,
20.6704145830763));
#5885=CARTESIAN_POINT('Ctrl Pts',(-22.5833019889715,-0.250000000001549,
20.832088779128));
#5886=CARTESIAN_POINT('Ctrl Pts',(-22.6541608031846,-0.250000000001549,
20.907912671566));
#5887=CARTESIAN_POINT('Origin',(-21.8697136100389,-1.25000000000155,20.3731240034103));
#5888=CARTESIAN_POINT('',(-21.8697136100389,-1.25000000000155,20.3731240034103));
#5889=CARTESIAN_POINT('',(-35.8722574914018,-1.25000000000156,19.3191688223578));
#5890=CARTESIAN_POINT('',(-21.8697136100389,-0.250000000001549,20.3731240034103));
#5891=CARTESIAN_POINT('',(-21.8697136100389,-1.25000000000155,20.3731240034103));
#5892=CARTESIAN_POINT('',(-21.8697136100389,-0.250000000001549,20.3731240034103));
#5893=CARTESIAN_POINT('Ctrl Pts',(-22.066165750847,-1.25000000000155,21.0034103393555));
#5894=CARTESIAN_POINT('Ctrl Pts',(-22.066165750847,-0.250000000001549,21.0034103393555));
#5895=CARTESIAN_POINT('Ctrl Pts',(-22.0122474756913,-1.25000000000155,20.9067241329943));
#5896=CARTESIAN_POINT('Ctrl Pts',(-22.0122474756913,-0.250000000001549,
20.9067241329943));
#5897=CARTESIAN_POINT('Ctrl Pts',(-21.9027848793865,-1.25000000000155,20.7104358959431));
#5898=CARTESIAN_POINT('Ctrl Pts',(-21.9027848793865,-0.250000000001549,
20.7104358959431));
#5899=CARTESIAN_POINT('Ctrl Pts',(-21.8808459991156,-1.25000000000155,20.4866693042702));
#5900=CARTESIAN_POINT('Ctrl Pts',(-21.8808459991156,-0.250000000001549,
20.4866693042702));
#5901=CARTESIAN_POINT('Ctrl Pts',(-21.8697136100389,-1.25000000000155,20.3731240034103));
#5902=CARTESIAN_POINT('Ctrl Pts',(-21.8697136100389,-0.250000000001549,
20.3731240034103));
#5903=CARTESIAN_POINT('',(-22.066165750847,-1.25000000000155,21.0034103393555));
#5904=CARTESIAN_POINT('Ctrl Pts',(-22.066165750847,-1.25000000000155,21.0034103393555));
#5905=CARTESIAN_POINT('Ctrl Pts',(-22.0122474756913,-1.25000000000155,20.9067241329943));
#5906=CARTESIAN_POINT('Ctrl Pts',(-21.9027848793865,-1.25000000000155,20.7104358959431));
#5907=CARTESIAN_POINT('Ctrl Pts',(-21.8808459991156,-1.25000000000155,20.4866693042702));
#5908=CARTESIAN_POINT('Ctrl Pts',(-21.8697136100389,-1.25000000000155,20.3731240034103));
#5909=CARTESIAN_POINT('',(-22.066165750847,-0.250000000001549,21.0034103393555));
#5910=CARTESIAN_POINT('',(-22.066165750847,-1.25000000000155,21.0034103393555));
#5911=CARTESIAN_POINT('Ctrl Pts',(-22.066165750847,-0.250000000001549,21.0034103393555));
#5912=CARTESIAN_POINT('Ctrl Pts',(-22.0122474756913,-0.250000000001549,
20.9067241329943));
#5913=CARTESIAN_POINT('Ctrl Pts',(-21.9027848793865,-0.250000000001549,
20.7104358959431));
#5914=CARTESIAN_POINT('Ctrl Pts',(-21.8808459991156,-0.250000000001549,
20.4866693042702));
#5915=CARTESIAN_POINT('Ctrl Pts',(-21.8697136100389,-0.250000000001549,
20.3731240034103));
#5916=CARTESIAN_POINT('Ctrl Pts',(-22.5886767562486,-1.25000000000155,21.4249656796455));
#5917=CARTESIAN_POINT('Ctrl Pts',(-22.5886767562486,-0.250000000001549,
21.4249656796455));
#5918=CARTESIAN_POINT('Ctrl Pts',(-22.48286335339,-1.25000000000155,21.3729104931962));
#5919=CARTESIAN_POINT('Ctrl Pts',(-22.48286335339,-0.250000000001549,21.3729104931962));
#5920=CARTESIAN_POINT('Ctrl Pts',(-22.2768314692813,-1.25000000000155,21.271552556942));
#5921=CARTESIAN_POINT('Ctrl Pts',(-22.2768314692813,-0.250000000001549,
21.271552556942));
#5922=CARTESIAN_POINT('Ctrl Pts',(-22.1351047652649,-1.25000000000155,21.0911581719959));
#5923=CARTESIAN_POINT('Ctrl Pts',(-22.1351047652649,-0.250000000001549,
21.0911581719959));
#5924=CARTESIAN_POINT('Ctrl Pts',(-22.066165750847,-1.25000000000155,21.0034103393555));
#5925=CARTESIAN_POINT('Ctrl Pts',(-22.066165750847,-0.250000000001549,21.0034103393555));
#5926=CARTESIAN_POINT('',(-22.5886767562486,-1.25000000000155,21.4249656796455));
#5927=CARTESIAN_POINT('Ctrl Pts',(-22.5886767562486,-1.25000000000155,21.4249656796455));
#5928=CARTESIAN_POINT('Ctrl Pts',(-22.48286335339,-1.25000000000155,21.3729104931962));
#5929=CARTESIAN_POINT('Ctrl Pts',(-22.2768314692813,-1.25000000000155,21.271552556942));
#5930=CARTESIAN_POINT('Ctrl Pts',(-22.1351047652649,-1.25000000000155,21.0911581719959));
#5931=CARTESIAN_POINT('Ctrl Pts',(-22.066165750847,-1.25000000000155,21.0034103393555));
#5932=CARTESIAN_POINT('',(-22.5886767562486,-0.250000000001549,21.4249656796455));
#5933=CARTESIAN_POINT('',(-22.5886767562486,-1.25000000000155,21.4249656796455));
#5934=CARTESIAN_POINT('Ctrl Pts',(-22.5886767562486,-0.250000000001549,
21.4249656796455));
#5935=CARTESIAN_POINT('Ctrl Pts',(-22.48286335339,-0.250000000001549,21.3729104931962));
#5936=CARTESIAN_POINT('Ctrl Pts',(-22.2768314692813,-0.250000000001549,
21.271552556942));
#5937=CARTESIAN_POINT('Ctrl Pts',(-22.1351047652649,-0.250000000001549,
21.0911581719959));
#5938=CARTESIAN_POINT('Ctrl Pts',(-22.066165750847,-0.250000000001549,21.0034103393555));
#5939=CARTESIAN_POINT('Ctrl Pts',(-23.3731239493943,-1.25000000000155,21.5682126283646));
#5940=CARTESIAN_POINT('Ctrl Pts',(-23.3731239493943,-0.250000000001549,
21.5682126283646));
#5941=CARTESIAN_POINT('Ctrl Pts',(-23.2322764387137,-1.25000000000155,21.5634816203075));
#5942=CARTESIAN_POINT('Ctrl Pts',(-23.2322764387137,-0.250000000001549,
21.5634816203075));
#5943=CARTESIAN_POINT('Ctrl Pts',(-22.9635293140328,-1.25000000000155,21.5544545185432));
#5944=CARTESIAN_POINT('Ctrl Pts',(-22.9635293140328,-0.250000000001549,
21.5544545185432));
#5945=CARTESIAN_POINT('Ctrl Pts',(-22.7095487886446,-1.25000000000155,21.4667196407834));
#5946=CARTESIAN_POINT('Ctrl Pts',(-22.7095487886446,-0.250000000001549,
21.4667196407834));
#5947=CARTESIAN_POINT('Ctrl Pts',(-22.5886767562486,-1.25000000000155,21.4249656796455));
#5948=CARTESIAN_POINT('Ctrl Pts',(-22.5886767562486,-0.250000000001549,
21.4249656796455));
#5949=CARTESIAN_POINT('',(-23.3731239493943,-1.25000000000155,21.5682126283646));
#5950=CARTESIAN_POINT('Ctrl Pts',(-23.3731239493943,-1.25000000000155,21.5682126283646));
#5951=CARTESIAN_POINT('Ctrl Pts',(-23.2322764387137,-1.25000000000155,21.5634816203075));
#5952=CARTESIAN_POINT('Ctrl Pts',(-22.9635293140328,-1.25000000000155,21.5544545185432));
#5953=CARTESIAN_POINT('Ctrl Pts',(-22.7095487886446,-1.25000000000155,21.4667196407834));
#5954=CARTESIAN_POINT('Ctrl Pts',(-22.5886767562486,-1.25000000000155,21.4249656796455));
#5955=CARTESIAN_POINT('',(-23.3731239493943,-0.250000000001549,21.5682126283646));
#5956=CARTESIAN_POINT('',(-23.3731239493943,-1.25000000000155,21.5682126283646));
#5957=CARTESIAN_POINT('Ctrl Pts',(-23.3731239493943,-0.250000000001549,
21.5682126283646));
#5958=CARTESIAN_POINT('Ctrl Pts',(-23.2322764387137,-0.250000000001549,
21.5634816203075));
#5959=CARTESIAN_POINT('Ctrl Pts',(-22.9635293140328,-0.250000000001549,
21.5544545185432));
#5960=CARTESIAN_POINT('Ctrl Pts',(-22.7095487886446,-0.250000000001549,
21.4667196407834));
#5961=CARTESIAN_POINT('Ctrl Pts',(-22.5886767562486,-0.250000000001549,
21.4249656796455));
#5962=CARTESIAN_POINT('Ctrl Pts',(-24.1070931609727,-1.25000000000155,21.4317871332169));
#5963=CARTESIAN_POINT('Ctrl Pts',(-24.1070931609727,-0.250000000001549,
21.4317871332169));
#5964=CARTESIAN_POINT('Ctrl Pts',(-23.9919766923739,-1.25000000000155,21.4715669650297));
#5965=CARTESIAN_POINT('Ctrl Pts',(-23.9919766923739,-0.250000000001549,
21.4715669650297));
#5966=CARTESIAN_POINT('Ctrl Pts',(-23.7542550319169,-1.25000000000155,21.5537144438949));
#5967=CARTESIAN_POINT('Ctrl Pts',(-23.7542550319169,-0.250000000001549,
21.5537144438949));
#5968=CARTESIAN_POINT('Ctrl Pts',(-23.502808010395,-1.25000000000155,21.5632794609443));
#5969=CARTESIAN_POINT('Ctrl Pts',(-23.502808010395,-0.250000000001549,21.5632794609443));
#5970=CARTESIAN_POINT('Ctrl Pts',(-23.3731239493943,-1.25000000000155,21.5682126283646));
#5971=CARTESIAN_POINT('Ctrl Pts',(-23.3731239493943,-0.250000000001549,
21.5682126283646));
#5972=CARTESIAN_POINT('',(-24.1070931609727,-1.25000000000155,21.4317871332169));
#5973=CARTESIAN_POINT('Ctrl Pts',(-24.1070931609727,-1.25000000000155,21.4317871332169));
#5974=CARTESIAN_POINT('Ctrl Pts',(-23.9919766923739,-1.25000000000155,21.4715669650297));
#5975=CARTESIAN_POINT('Ctrl Pts',(-23.7542550319169,-1.25000000000155,21.5537144438949));
#5976=CARTESIAN_POINT('Ctrl Pts',(-23.502808010395,-1.25000000000155,21.5632794609443));
#5977=CARTESIAN_POINT('Ctrl Pts',(-23.3731239493943,-1.25000000000155,21.5682126283646));
#5978=CARTESIAN_POINT('',(-24.1070931609727,-0.250000000001549,21.4317871332169));
#5979=CARTESIAN_POINT('',(-24.1070931609727,-1.25000000000155,21.4317871332169));
#5980=CARTESIAN_POINT('Ctrl Pts',(-24.1070931609727,-0.250000000001549,
21.4317871332169));
#5981=CARTESIAN_POINT('Ctrl Pts',(-23.9919766923739,-0.250000000001549,
21.4715669650297));
#5982=CARTESIAN_POINT('Ctrl Pts',(-23.7542550319169,-0.250000000001549,
21.5537144438949));
#5983=CARTESIAN_POINT('Ctrl Pts',(-23.502808010395,-0.250000000001549,21.5632794609443));
#5984=CARTESIAN_POINT('Ctrl Pts',(-23.3731239493943,-0.250000000001549,
21.5682126283646));
#5985=CARTESIAN_POINT('Ctrl Pts',(-24.60914069973,-1.25000000000155,21.0320599079132));
#5986=CARTESIAN_POINT('Ctrl Pts',(-24.60914069973,-0.250000000001549,21.0320599079132));
#5987=CARTESIAN_POINT('Ctrl Pts',(-24.5434814427342,-1.25000000000155,21.1152524342084));
#5988=CARTESIAN_POINT('Ctrl Pts',(-24.5434814427342,-0.250000000001549,
21.1152524342084));
#5989=CARTESIAN_POINT('Ctrl Pts',(-24.4075302800617,-1.25000000000155,21.2875072112646));
#5990=CARTESIAN_POINT('Ctrl Pts',(-24.4075302800617,-0.250000000001549,
21.2875072112646));
#5991=CARTESIAN_POINT('Ctrl Pts',(-24.2094883483882,-1.25000000000155,21.3826135500944));
#5992=CARTESIAN_POINT('Ctrl Pts',(-24.2094883483882,-0.250000000001549,
21.3826135500944));
#5993=CARTESIAN_POINT('Ctrl Pts',(-24.1070931609727,-1.25000000000155,21.4317871332169));
#5994=CARTESIAN_POINT('Ctrl Pts',(-24.1070931609727,-0.250000000001549,
21.4317871332169));
#5995=CARTESIAN_POINT('',(-24.60914069973,-1.25000000000155,21.0320599079132));
#5996=CARTESIAN_POINT('Ctrl Pts',(-24.60914069973,-1.25000000000155,21.0320599079132));
#5997=CARTESIAN_POINT('Ctrl Pts',(-24.5434814427342,-1.25000000000155,21.1152524342084));
#5998=CARTESIAN_POINT('Ctrl Pts',(-24.4075302800617,-1.25000000000155,21.2875072112646));
#5999=CARTESIAN_POINT('Ctrl Pts',(-24.2094883483882,-1.25000000000155,21.3826135500944));
#6000=CARTESIAN_POINT('Ctrl Pts',(-24.1070931609727,-1.25000000000155,21.4317871332169));
#6001=CARTESIAN_POINT('',(-24.60914069973,-0.250000000001549,21.0320599079132));
#6002=CARTESIAN_POINT('',(-24.60914069973,-1.25000000000155,21.0320599079132));
#6003=CARTESIAN_POINT('Ctrl Pts',(-24.60914069973,-0.250000000001549,21.0320599079132));
#6004=CARTESIAN_POINT('Ctrl Pts',(-24.5434814427342,-0.250000000001549,
21.1152524342084));
#6005=CARTESIAN_POINT('Ctrl Pts',(-24.4075302800617,-0.250000000001549,
21.2875072112646));
#6006=CARTESIAN_POINT('Ctrl Pts',(-24.2094883483882,-0.250000000001549,
21.3826135500944));
#6007=CARTESIAN_POINT('Ctrl Pts',(-24.1070931609727,-0.250000000001549,
21.4317871332169));
#6008=CARTESIAN_POINT('Ctrl Pts',(-24.7810357268907,-1.25000000000155,20.4658935666084));
#6009=CARTESIAN_POINT('Ctrl Pts',(-24.7810357268907,-0.250000000001549,
20.4658935666084));
#6010=CARTESIAN_POINT('Ctrl Pts',(-24.7735915264098,-1.25000000000155,20.5656294162298));
#6011=CARTESIAN_POINT('Ctrl Pts',(-24.7735915264098,-0.250000000001549,
20.5656294162298));
#6012=CARTESIAN_POINT('Ctrl Pts',(-24.7585529174236,-1.25000000000155,20.7671135713389));
#6013=CARTESIAN_POINT('Ctrl Pts',(-24.7585529174236,-0.250000000001549,
20.7671135713389));
#6014=CARTESIAN_POINT('Ctrl Pts',(-24.6592753058324,-1.25000000000155,20.9431583413113));
#6015=CARTESIAN_POINT('Ctrl Pts',(-24.6592753058324,-0.250000000001549,
20.9431583413113));
#6016=CARTESIAN_POINT('Ctrl Pts',(-24.60914069973,-1.25000000000155,21.0320599079132));
#6017=CARTESIAN_POINT('Ctrl Pts',(-24.60914069973,-0.250000000001549,21.0320599079132));
#6018=CARTESIAN_POINT('',(-24.7810357268907,-1.25000000000155,20.4658935666084));
#6019=CARTESIAN_POINT('Ctrl Pts',(-24.7810357268907,-1.25000000000155,20.4658935666084));
#6020=CARTESIAN_POINT('Ctrl Pts',(-24.7735915264098,-1.25000000000155,20.5656294162298));
#6021=CARTESIAN_POINT('Ctrl Pts',(-24.7585529174236,-1.25000000000155,20.7671135713389));
#6022=CARTESIAN_POINT('Ctrl Pts',(-24.6592753058324,-1.25000000000155,20.9431583413113));
#6023=CARTESIAN_POINT('Ctrl Pts',(-24.60914069973,-1.25000000000155,21.0320599079132));
#6024=CARTESIAN_POINT('',(-24.7810357268907,-0.250000000001549,20.4658935666084));
#6025=CARTESIAN_POINT('',(-24.7810357268907,-1.25000000000155,20.4658935666084));
#6026=CARTESIAN_POINT('Ctrl Pts',(-24.7810357268907,-0.250000000001549,
20.4658935666084));
#6027=CARTESIAN_POINT('Ctrl Pts',(-24.7735915264098,-0.250000000001549,
20.5656294162298));
#6028=CARTESIAN_POINT('Ctrl Pts',(-24.7585529174236,-0.250000000001549,
20.7671135713389));
#6029=CARTESIAN_POINT('Ctrl Pts',(-24.6592753058324,-0.250000000001549,
20.9431583413113));
#6030=CARTESIAN_POINT('Ctrl Pts',(-24.60914069973,-0.250000000001549,21.0320599079132));
#6031=CARTESIAN_POINT('Ctrl Pts',(-24.6405165847398,-1.25000000000155,19.9679399728775));
#6032=CARTESIAN_POINT('Ctrl Pts',(-24.6405165847398,-0.250000000001549,
19.9679399728775));
#6033=CARTESIAN_POINT('Ctrl Pts',(-24.6814995713972,-1.25000000000155,20.0448353709868));
#6034=CARTESIAN_POINT('Ctrl Pts',(-24.6814995713972,-0.250000000001549,
20.0448353709868));
#6035=CARTESIAN_POINT('Ctrl Pts',(-24.7644901561407,-1.25000000000155,20.2005486211342));
#6036=CARTESIAN_POINT('Ctrl Pts',(-24.7644901561407,-0.250000000001549,
20.2005486211342));
#6037=CARTESIAN_POINT('Ctrl Pts',(-24.7754753285678,-1.25000000000155,20.3767202396741));
#6038=CARTESIAN_POINT('Ctrl Pts',(-24.7754753285678,-0.250000000001549,
20.3767202396741));
#6039=CARTESIAN_POINT('Ctrl Pts',(-24.7810357268907,-1.25000000000155,20.4658935666084));
#6040=CARTESIAN_POINT('Ctrl Pts',(-24.7810357268907,-0.250000000001549,
20.4658935666084));
#6041=CARTESIAN_POINT('',(-24.6405165847398,-1.25000000000155,19.9679399728775));
#6042=CARTESIAN_POINT('Ctrl Pts',(-24.6405165847398,-1.25000000000155,19.9679399728775));
#6043=CARTESIAN_POINT('Ctrl Pts',(-24.6814995713972,-1.25000000000155,20.0448353709868));
#6044=CARTESIAN_POINT('Ctrl Pts',(-24.7644901561407,-1.25000000000155,20.2005486211342));
#6045=CARTESIAN_POINT('Ctrl Pts',(-24.7754753285678,-1.25000000000155,20.3767202396741));
#6046=CARTESIAN_POINT('Ctrl Pts',(-24.7810357268907,-1.25000000000155,20.4658935666084));
#6047=CARTESIAN_POINT('',(-24.6405165847398,-0.250000000001549,19.9679399728775));
#6048=CARTESIAN_POINT('',(-24.6405165847398,-1.25000000000155,19.9679399728775));
#6049=CARTESIAN_POINT('Ctrl Pts',(-24.6405165847398,-0.250000000001549,
19.9679399728775));
#6050=CARTESIAN_POINT('Ctrl Pts',(-24.6814995713972,-0.250000000001549,
20.0448353709868));
#6051=CARTESIAN_POINT('Ctrl Pts',(-24.7644901561407,-0.250000000001549,
20.2005486211342));
#6052=CARTESIAN_POINT('Ctrl Pts',(-24.7754753285678,-0.250000000001549,
20.3767202396741));
#6053=CARTESIAN_POINT('Ctrl Pts',(-24.7810357268907,-0.250000000001549,
20.4658935666084));
#6054=CARTESIAN_POINT('Ctrl Pts',(-24.2135065253831,-1.25000000000155,19.5954976677895));
#6055=CARTESIAN_POINT('Ctrl Pts',(-24.2135065253831,-0.250000000001549,
19.5954976677895));
#6056=CARTESIAN_POINT('Ctrl Pts',(-24.3014696974422,-1.25000000000155,19.6463138601633));
#6057=CARTESIAN_POINT('Ctrl Pts',(-24.3014696974422,-0.250000000001549,
19.6463138601633));
#6058=CARTESIAN_POINT('Ctrl Pts',(-24.4683545597804,-1.25000000000155,19.7427229944673));
#6059=CARTESIAN_POINT('Ctrl Pts',(-24.4683545597804,-0.250000000001549,
19.7427229944673));
#6060=CARTESIAN_POINT('Ctrl Pts',(-24.5852401168548,-1.25000000000155,19.8956290258079));
#6061=CARTESIAN_POINT('Ctrl Pts',(-24.5852401168548,-0.250000000001549,
19.8956290258079));
#6062=CARTESIAN_POINT('Ctrl Pts',(-24.6405165847398,-1.25000000000155,19.9679399728775));
#6063=CARTESIAN_POINT('Ctrl Pts',(-24.6405165847398,-0.250000000001549,
19.9679399728775));
#6064=CARTESIAN_POINT('',(-24.2135065253831,-1.25000000000155,19.5954976677895));
#6065=CARTESIAN_POINT('Ctrl Pts',(-24.2135065253831,-1.25000000000155,19.5954976677895));
#6066=CARTESIAN_POINT('Ctrl Pts',(-24.3014696974422,-1.25000000000155,19.6463138601633));
#6067=CARTESIAN_POINT('Ctrl Pts',(-24.4683545597804,-1.25000000000155,19.7427229944673));
#6068=CARTESIAN_POINT('Ctrl Pts',(-24.5852401168548,-1.25000000000155,19.8956290258079));
#6069=CARTESIAN_POINT('Ctrl Pts',(-24.6405165847398,-1.25000000000155,19.9679399728775));
#6070=CARTESIAN_POINT('',(-24.2135065253831,-0.250000000001549,19.5954976677895));
#6071=CARTESIAN_POINT('',(-24.2135065253831,-1.25000000000155,19.5954976677895));
#6072=CARTESIAN_POINT('Ctrl Pts',(-24.2135065253831,-0.250000000001549,
19.5954976677895));
#6073=CARTESIAN_POINT('Ctrl Pts',(-24.3014696974422,-0.250000000001549,
19.6463138601633));
#6074=CARTESIAN_POINT('Ctrl Pts',(-24.4683545597804,-0.250000000001549,
19.7427229944673));
#6075=CARTESIAN_POINT('Ctrl Pts',(-24.5852401168548,-0.250000000001549,
19.8956290258079));
#6076=CARTESIAN_POINT('Ctrl Pts',(-24.6405165847398,-0.250000000001549,
19.9679399728775));
#6077=CARTESIAN_POINT('Ctrl Pts',(-23.4413355048753,-1.25000000000155,19.3458388447762));
#6078=CARTESIAN_POINT('Ctrl Pts',(-23.4413355048753,-0.250000000001549,
19.3458388447762));
#6079=CARTESIAN_POINT('Ctrl Pts',(-23.5992635171635,-1.25000000000155,19.3835714733709));
#6080=CARTESIAN_POINT('Ctrl Pts',(-23.5992635171635,-0.250000000001549,
19.3835714733709));
#6081=CARTESIAN_POINT('Ctrl Pts',(-23.8634003803077,-1.25000000000155,19.4466798352808));
#6082=CARTESIAN_POINT('Ctrl Pts',(-23.8634003803077,-0.250000000001549,
19.4466798352808));
#6083=CARTESIAN_POINT('Ctrl Pts',(-24.1131020386011,-1.25000000000155,19.5528192449534));
#6084=CARTESIAN_POINT('Ctrl Pts',(-24.1131020386011,-0.250000000001549,
19.5528192449534));
#6085=CARTESIAN_POINT('Ctrl Pts',(-24.2135065253831,-1.25000000000155,19.5954976677895));
#6086=CARTESIAN_POINT('Ctrl Pts',(-24.2135065253831,-0.250000000001549,
19.5954976677895));
#6087=CARTESIAN_POINT('',(-23.4413355048753,-1.25000000000155,19.3458388447762));
#6088=CARTESIAN_POINT('Ctrl Pts',(-23.4413355048753,-1.25000000000155,19.3458388447762));
#6089=CARTESIAN_POINT('Ctrl Pts',(-23.5992635171635,-1.25000000000155,19.3835714733709));
#6090=CARTESIAN_POINT('Ctrl Pts',(-23.8634003803077,-1.25000000000155,19.4466798352808));
#6091=CARTESIAN_POINT('Ctrl Pts',(-24.1131020386011,-1.25000000000155,19.5528192449534));
#6092=CARTESIAN_POINT('Ctrl Pts',(-24.2135065253831,-1.25000000000155,19.5954976677895));
#6093=CARTESIAN_POINT('',(-23.4413355048753,-0.250000000001549,19.3458388447762));
#6094=CARTESIAN_POINT('',(-23.4413355048753,-1.25000000000155,19.3458388447762));
#6095=CARTESIAN_POINT('Ctrl Pts',(-23.4413355048753,-0.250000000001549,
19.3458388447762));
#6096=CARTESIAN_POINT('Ctrl Pts',(-23.5992635171635,-0.250000000001549,
19.3835714733709));
#6097=CARTESIAN_POINT('Ctrl Pts',(-23.8634003803077,-0.250000000001549,
19.4466798352808));
#6098=CARTESIAN_POINT('Ctrl Pts',(-24.1131020386011,-0.250000000001549,
19.5528192449534));
#6099=CARTESIAN_POINT('Ctrl Pts',(-24.2135065253831,-0.250000000001549,
19.5954976677895));
#6100=CARTESIAN_POINT('Ctrl Pts',(-22.7291935142137,-1.25000000000155,19.1507501602173));
#6101=CARTESIAN_POINT('Ctrl Pts',(-22.7291935142137,-0.250000000001549,
19.1507501602173));
#6102=CARTESIAN_POINT('Ctrl Pts',(-22.8151341178833,-1.25000000000155,19.1783016653257));
#6103=CARTESIAN_POINT('Ctrl Pts',(-22.8151341178833,-0.250000000001549,
19.1783016653257));
#6104=CARTESIAN_POINT('Ctrl Pts',(-23.0496561044373,-1.25000000000155,19.2534865422602));
#6105=CARTESIAN_POINT('Ctrl Pts',(-23.0496561044373,-0.250000000001549,
19.2534865422602));
#6106=CARTESIAN_POINT('Ctrl Pts',(-23.2894280260929,-1.25000000000155,19.3100212719877));
#6107=CARTESIAN_POINT('Ctrl Pts',(-23.2894280260929,-0.250000000001549,
19.3100212719877));
#6108=CARTESIAN_POINT('Ctrl Pts',(-23.4413355048753,-1.25000000000155,19.3458388447762));
#6109=CARTESIAN_POINT('Ctrl Pts',(-23.4413355048753,-0.250000000001549,
19.3458388447762));
#6110=CARTESIAN_POINT('',(-22.7291935142137,-1.25000000000155,19.1507501602173));
#6111=CARTESIAN_POINT('Ctrl Pts',(-22.7291935142137,-1.25000000000155,19.1507501602173));
#6112=CARTESIAN_POINT('Ctrl Pts',(-22.8151341178833,-1.25000000000155,19.1783016653257));
#6113=CARTESIAN_POINT('Ctrl Pts',(-23.0496561044373,-1.25000000000155,19.2534865422602));
#6114=CARTESIAN_POINT('Ctrl Pts',(-23.2894280260929,-1.25000000000155,19.3100212719877));
#6115=CARTESIAN_POINT('Ctrl Pts',(-23.4413355048753,-1.25000000000155,19.3458388447762));
#6116=CARTESIAN_POINT('',(-22.7291935142137,-0.250000000001549,19.1507501602173));
#6117=CARTESIAN_POINT('',(-22.7291935142137,-1.25000000000155,19.1507501602173));
#6118=CARTESIAN_POINT('Ctrl Pts',(-22.7291935142137,-0.250000000001549,
19.1507501602173));
#6119=CARTESIAN_POINT('Ctrl Pts',(-22.8151341178833,-0.250000000001549,
19.1783016653257));
#6120=CARTESIAN_POINT('Ctrl Pts',(-23.0496561044373,-0.250000000001549,
19.2534865422602));
#6121=CARTESIAN_POINT('Ctrl Pts',(-23.2894280260929,-0.250000000001549,
19.3100212719877));
#6122=CARTESIAN_POINT('Ctrl Pts',(-23.4413355048753,-0.250000000001549,
19.3458388447762));
#6123=CARTESIAN_POINT('Ctrl Pts',(-22.3690312560655,-1.25000000000155,18.9147336483002));
#6124=CARTESIAN_POINT('Ctrl Pts',(-22.3690312560655,-0.250000000001549,
18.9147336483002));
#6125=CARTESIAN_POINT('Ctrl Pts',(-22.4150620125311,-1.25000000000155,18.9610341635262));
#6126=CARTESIAN_POINT('Ctrl Pts',(-22.4150620125311,-0.250000000001549,
18.9610341635262));
#6127=CARTESIAN_POINT('Ctrl Pts',(-22.5181770623403,-1.25000000000155,19.0647535090313));
#6128=CARTESIAN_POINT('Ctrl Pts',(-22.5181770623403,-0.250000000001549,
19.0647535090313));
#6129=CARTESIAN_POINT('Ctrl Pts',(-22.6540014141589,-1.25000000000155,19.120106725817));
#6130=CARTESIAN_POINT('Ctrl Pts',(-22.6540014141589,-0.250000000001549,
19.120106725817));
#6131=CARTESIAN_POINT('Ctrl Pts',(-22.7291935142137,-1.25000000000155,19.1507501602173));
#6132=CARTESIAN_POINT('Ctrl Pts',(-22.7291935142137,-0.250000000001549,
19.1507501602173));
#6133=CARTESIAN_POINT('',(-22.3690312560655,-1.25000000000155,18.9147336483002));
#6134=CARTESIAN_POINT('Ctrl Pts',(-22.3690312560655,-1.25000000000155,18.9147336483002));
#6135=CARTESIAN_POINT('Ctrl Pts',(-22.4150620125311,-1.25000000000155,18.9610341635262));
#6136=CARTESIAN_POINT('Ctrl Pts',(-22.5181770623403,-1.25000000000155,19.0647535090313));
#6137=CARTESIAN_POINT('Ctrl Pts',(-22.6540014141589,-1.25000000000155,19.120106725817));
#6138=CARTESIAN_POINT('Ctrl Pts',(-22.7291935142137,-1.25000000000155,19.1507501602173));
#6139=CARTESIAN_POINT('',(-22.3690312560655,-0.250000000001549,18.9147336483002));
#6140=CARTESIAN_POINT('',(-22.3690312560655,-1.25000000000155,18.9147336483002));
#6141=CARTESIAN_POINT('Ctrl Pts',(-22.3690312560655,-0.250000000001549,
18.9147336483002));
#6142=CARTESIAN_POINT('Ctrl Pts',(-22.4150620125311,-0.250000000001549,
18.9610341635262));
#6143=CARTESIAN_POINT('Ctrl Pts',(-22.5181770623403,-0.250000000001549,
19.0647535090313));
#6144=CARTESIAN_POINT('Ctrl Pts',(-22.6540014141589,-0.250000000001549,
19.120106725817));
#6145=CARTESIAN_POINT('Ctrl Pts',(-22.7291935142137,-0.250000000001549,
19.1507501602173));
#6146=CARTESIAN_POINT('Ctrl Pts',(-22.2598903831101,-1.25000000000155,18.5859478712082));
#6147=CARTESIAN_POINT('Ctrl Pts',(-22.2598903831101,-0.250000000001549,
18.5859478712082));
#6148=CARTESIAN_POINT('Ctrl Pts',(-22.2641528252882,-1.25000000000155,18.6463429708334));
#6149=CARTESIAN_POINT('Ctrl Pts',(-22.2641528252882,-0.250000000001549,
18.6463429708334));
#6150=CARTESIAN_POINT('Ctrl Pts',(-22.2725489840628,-1.25000000000155,18.7653092405174));
#6151=CARTESIAN_POINT('Ctrl Pts',(-22.2725489840628,-0.250000000001549,
18.7653092405174));
#6152=CARTESIAN_POINT('Ctrl Pts',(-22.3372009020325,-1.25000000000155,18.8654372158865));
#6153=CARTESIAN_POINT('Ctrl Pts',(-22.3372009020325,-0.250000000001549,
18.8654372158865));
#6154=CARTESIAN_POINT('Ctrl Pts',(-22.3690312560655,-1.25000000000155,18.9147336483002));
#6155=CARTESIAN_POINT('Ctrl Pts',(-22.3690312560655,-0.250000000001549,
18.9147336483002));
#6156=CARTESIAN_POINT('',(-22.2598903831101,-1.25000000000155,18.5859478712082));
#6157=CARTESIAN_POINT('Ctrl Pts',(-22.2598903831101,-1.25000000000155,18.5859478712082));
#6158=CARTESIAN_POINT('Ctrl Pts',(-22.2641528252882,-1.25000000000155,18.6463429708334));
#6159=CARTESIAN_POINT('Ctrl Pts',(-22.2725489840628,-1.25000000000155,18.7653092405174));
#6160=CARTESIAN_POINT('Ctrl Pts',(-22.3372009020325,-1.25000000000155,18.8654372158865));
#6161=CARTESIAN_POINT('Ctrl Pts',(-22.3690312560655,-1.25000000000155,18.9147336483002));
#6162=CARTESIAN_POINT('',(-22.2598903831101,-0.250000000001549,18.5859478712082));
#6163=CARTESIAN_POINT('',(-22.2598903831101,-1.25000000000155,18.5859478712082));
#6164=CARTESIAN_POINT('Ctrl Pts',(-22.2598903831101,-0.250000000001549,
18.5859478712082));
#6165=CARTESIAN_POINT('Ctrl Pts',(-22.2641528252882,-0.250000000001549,
18.6463429708334));
#6166=CARTESIAN_POINT('Ctrl Pts',(-22.2725489840628,-0.250000000001549,
18.7653092405174));
#6167=CARTESIAN_POINT('Ctrl Pts',(-22.3372009020325,-0.250000000001549,
18.8654372158865));
#6168=CARTESIAN_POINT('Ctrl Pts',(-22.3690312560655,-0.250000000001549,
18.9147336483002));
#6169=CARTESIAN_POINT('Ctrl Pts',(-22.3731225188828,-1.25000000000155,18.2435194849968));
#6170=CARTESIAN_POINT('Ctrl Pts',(-22.3731225188828,-0.250000000001549,
18.2435194849968));
#6171=CARTESIAN_POINT('Ctrl Pts',(-22.3400973936591,-1.25000000000155,18.2966532450136));
#6172=CARTESIAN_POINT('Ctrl Pts',(-22.3400973936591,-0.250000000001549,
18.2966532450136));
#6173=CARTESIAN_POINT('Ctrl Pts',(-22.2747839829612,-1.25000000000155,18.4017352716946));
#6174=CARTESIAN_POINT('Ctrl Pts',(-22.2747839829612,-0.250000000001549,
18.4017352716946));
#6175=CARTESIAN_POINT('Ctrl Pts',(-22.2648174368663,-1.25000000000155,18.5250072396996));
#6176=CARTESIAN_POINT('Ctrl Pts',(-22.2648174368663,-0.250000000001549,
18.5250072396996));
#6177=CARTESIAN_POINT('Ctrl Pts',(-22.2598903831101,-1.25000000000155,18.5859478712082));
#6178=CARTESIAN_POINT('Ctrl Pts',(-22.2598903831101,-0.250000000001549,
18.5859478712082));
#6179=CARTESIAN_POINT('',(-22.3731225188828,-1.25000000000155,18.2435194849968));
#6180=CARTESIAN_POINT('Ctrl Pts',(-22.3731225188828,-1.25000000000155,18.2435194849968));
#6181=CARTESIAN_POINT('Ctrl Pts',(-22.3400973936591,-1.25000000000155,18.2966532450136));
#6182=CARTESIAN_POINT('Ctrl Pts',(-22.2747839829612,-1.25000000000155,18.4017352716946));
#6183=CARTESIAN_POINT('Ctrl Pts',(-22.2648174368663,-1.25000000000155,18.5250072396996));
#6184=CARTESIAN_POINT('Ctrl Pts',(-22.2598903831101,-1.25000000000155,18.5859478712082));
#6185=CARTESIAN_POINT('',(-22.3731225188828,-0.250000000001549,18.2435194849968));
#6186=CARTESIAN_POINT('',(-22.3731225188828,-1.25000000000155,18.2435194849968));
#6187=CARTESIAN_POINT('Ctrl Pts',(-22.3731225188828,-0.250000000001549,
18.2435194849968));
#6188=CARTESIAN_POINT('Ctrl Pts',(-22.3400973936591,-0.250000000001549,
18.2966532450136));
#6189=CARTESIAN_POINT('Ctrl Pts',(-22.2747839829612,-0.250000000001549,
18.4017352716946));
#6190=CARTESIAN_POINT('Ctrl Pts',(-22.2648174368663,-0.250000000001549,
18.5250072396996));
#6191=CARTESIAN_POINT('Ctrl Pts',(-22.2598903831101,-0.250000000001549,
18.5859478712082));
#6192=CARTESIAN_POINT('Ctrl Pts',(-22.7182810958482,-1.25000000000155,17.9965893626213));
#6193=CARTESIAN_POINT('Ctrl Pts',(-22.7182810958482,-0.250000000001549,
17.9965893626213));
#6194=CARTESIAN_POINT('Ctrl Pts',(-22.6473988970285,-1.25000000000155,18.0274283736995));
#6195=CARTESIAN_POINT('Ctrl Pts',(-22.6473988970285,-0.250000000001549,
18.0274283736995));
#6196=CARTESIAN_POINT('Ctrl Pts',(-22.5144727707924,-1.25000000000155,18.0852610926027));
#6197=CARTESIAN_POINT('Ctrl Pts',(-22.5144727707924,-0.250000000001549,
18.0852610926027));
#6198=CARTESIAN_POINT('Ctrl Pts',(-22.4181033998206,-1.25000000000155,18.193158047295));
#6199=CARTESIAN_POINT('Ctrl Pts',(-22.4181033998206,-0.250000000001549,
18.193158047295));
#6200=CARTESIAN_POINT('Ctrl Pts',(-22.3731225188828,-1.25000000000155,18.2435194849968));
#6201=CARTESIAN_POINT('Ctrl Pts',(-22.3731225188828,-0.250000000001549,
18.2435194849968));
#6202=CARTESIAN_POINT('',(-22.7182810958482,-1.25000000000155,17.9965893626213));
#6203=CARTESIAN_POINT('Ctrl Pts',(-22.7182810958482,-1.25000000000155,17.9965893626213));
#6204=CARTESIAN_POINT('Ctrl Pts',(-22.6473988970285,-1.25000000000155,18.0274283736995));
#6205=CARTESIAN_POINT('Ctrl Pts',(-22.5144727707924,-1.25000000000155,18.0852610926027));
#6206=CARTESIAN_POINT('Ctrl Pts',(-22.4181033998206,-1.25000000000155,18.193158047295));
#6207=CARTESIAN_POINT('Ctrl Pts',(-22.3731225188828,-1.25000000000155,18.2435194849968));
#6208=CARTESIAN_POINT('',(-22.7182810958482,-0.250000000001549,17.9965893626213));
#6209=CARTESIAN_POINT('',(-22.7182810958482,-1.25000000000155,17.9965893626213));
#6210=CARTESIAN_POINT('Ctrl Pts',(-22.7182810958482,-0.250000000001549,
17.9965893626213));
#6211=CARTESIAN_POINT('Ctrl Pts',(-22.6473988970285,-0.250000000001549,
18.0274283736995));
#6212=CARTESIAN_POINT('Ctrl Pts',(-22.5144727707924,-0.250000000001549,
18.0852610926027));
#6213=CARTESIAN_POINT('Ctrl Pts',(-22.4181033998206,-0.250000000001549,
18.193158047295));
#6214=CARTESIAN_POINT('Ctrl Pts',(-22.3731225188828,-0.250000000001549,
18.2435194849968));
#6215=CARTESIAN_POINT('Ctrl Pts',(-23.2530682738877,-1.25000000000155,17.9065482020378));
#6216=CARTESIAN_POINT('Ctrl Pts',(-23.2530682738877,-0.250000000001549,
17.9065482020378));
#6217=CARTESIAN_POINT('Ctrl Pts',(-23.1572347257494,-1.25000000000155,17.9094854575183));
#6218=CARTESIAN_POINT('Ctrl Pts',(-23.1572347257494,-0.250000000001549,
17.9094854575183));
#6219=CARTESIAN_POINT('Ctrl Pts',(-22.9747432390322,-1.25000000000155,17.9150787401414));
#6220=CARTESIAN_POINT('Ctrl Pts',(-22.9747432390322,-0.250000000001549,
17.9150787401414));
#6221=CARTESIAN_POINT('Ctrl Pts',(-22.8008541150081,-1.25000000000155,17.9703454183564));
#6222=CARTESIAN_POINT('Ctrl Pts',(-22.8008541150081,-0.250000000001549,
17.9703454183564));
#6223=CARTESIAN_POINT('Ctrl Pts',(-22.7182810958482,-1.25000000000155,17.9965893626213));
#6224=CARTESIAN_POINT('Ctrl Pts',(-22.7182810958482,-0.250000000001549,
17.9965893626213));
#6225=CARTESIAN_POINT('',(-23.2530682738877,-1.25000000000155,17.9065482020378));
#6226=CARTESIAN_POINT('Ctrl Pts',(-23.2530682738877,-1.25000000000155,17.9065482020378));
#6227=CARTESIAN_POINT('Ctrl Pts',(-23.1572347257494,-1.25000000000155,17.9094854575183));
#6228=CARTESIAN_POINT('Ctrl Pts',(-22.9747432390322,-1.25000000000155,17.9150787401414));
#6229=CARTESIAN_POINT('Ctrl Pts',(-22.8008541150081,-1.25000000000155,17.9703454183564));
#6230=CARTESIAN_POINT('Ctrl Pts',(-22.7182810958482,-1.25000000000155,17.9965893626213));
#6231=CARTESIAN_POINT('',(-23.2530682738877,-0.250000000001549,17.9065482020378));
#6232=CARTESIAN_POINT('',(-23.2530682738877,-1.25000000000155,17.9065482020378));
#6233=CARTESIAN_POINT('Ctrl Pts',(-23.2530682738877,-0.250000000001549,
17.9065482020378));
#6234=CARTESIAN_POINT('Ctrl Pts',(-23.1572347257494,-0.250000000001549,
17.9094854575183));
#6235=CARTESIAN_POINT('Ctrl Pts',(-22.9747432390322,-0.250000000001549,
17.9150787401414));
#6236=CARTESIAN_POINT('Ctrl Pts',(-22.8008541150081,-0.250000000001549,
17.9703454183564));
#6237=CARTESIAN_POINT('Ctrl Pts',(-22.7182810958482,-0.250000000001549,
17.9965893626213));
#6238=CARTESIAN_POINT('Ctrl Pts',(-23.8669841941453,-1.25000000000155,18.0252383351326));
#6239=CARTESIAN_POINT('Ctrl Pts',(-23.8669841941453,-0.250000000001549,
18.0252383351326));
#6240=CARTESIAN_POINT('Ctrl Pts',(-23.7713220709422,-1.25000000000155,17.9906321212083));
#6241=CARTESIAN_POINT('Ctrl Pts',(-23.7713220709422,-0.250000000001549,
17.9906321212083));
#6242=CARTESIAN_POINT('Ctrl Pts',(-23.5730249859535,-1.25000000000155,17.9188972368684));
#6243=CARTESIAN_POINT('Ctrl Pts',(-23.5730249859535,-0.250000000001549,
17.9188972368684));
#6244=CARTESIAN_POINT('Ctrl Pts',(-23.3621917297241,-1.25000000000155,17.9107599260184));
#6245=CARTESIAN_POINT('Ctrl Pts',(-23.3621917297241,-0.250000000001549,
17.9107599260184));
#6246=CARTESIAN_POINT('Ctrl Pts',(-23.2530682738877,-1.25000000000155,17.9065482020378));
#6247=CARTESIAN_POINT('Ctrl Pts',(-23.2530682738877,-0.250000000001549,
17.9065482020378));
#6248=CARTESIAN_POINT('',(-23.8669841941453,-1.25000000000155,18.0252383351326));
#6249=CARTESIAN_POINT('Ctrl Pts',(-23.8669841941453,-1.25000000000155,18.0252383351326));
#6250=CARTESIAN_POINT('Ctrl Pts',(-23.7713220709422,-1.25000000000155,17.9906321212083));
#6251=CARTESIAN_POINT('Ctrl Pts',(-23.5730249859535,-1.25000000000155,17.9188972368684));
#6252=CARTESIAN_POINT('Ctrl Pts',(-23.3621917297241,-1.25000000000155,17.9107599260184));
#6253=CARTESIAN_POINT('Ctrl Pts',(-23.2530682738877,-1.25000000000155,17.9065482020378));
#6254=CARTESIAN_POINT('',(-23.8669841941453,-0.250000000001549,18.0252383351326));
#6255=CARTESIAN_POINT('',(-23.8669841941453,-1.25000000000155,18.0252383351326));
#6256=CARTESIAN_POINT('Ctrl Pts',(-23.8669841941453,-0.250000000001549,
18.0252383351326));
#6257=CARTESIAN_POINT('Ctrl Pts',(-23.7713220709422,-0.250000000001549,
17.9906321212083));
#6258=CARTESIAN_POINT('Ctrl Pts',(-23.5730249859535,-0.250000000001549,
17.9188972368684));
#6259=CARTESIAN_POINT('Ctrl Pts',(-23.3621917297241,-0.250000000001549,
17.9107599260184));
#6260=CARTESIAN_POINT('Ctrl Pts',(-23.2530682738877,-0.250000000001549,
17.9065482020378));
#6261=CARTESIAN_POINT('Ctrl Pts',(-24.2694395240403,-1.25000000000155,18.3362890481949));
#6262=CARTESIAN_POINT('Ctrl Pts',(-24.2694395240403,-0.250000000001549,
18.3362890481949));
#6263=CARTESIAN_POINT('Ctrl Pts',(-24.2175988170647,-1.25000000000155,18.2741230687825));
#6264=CARTESIAN_POINT('Ctrl Pts',(-24.2175988170647,-0.250000000001549,
18.2741230687825));
#6265=CARTESIAN_POINT('Ctrl Pts',(-24.1066186330781,-1.25000000000155,18.1410386215326));
#6266=CARTESIAN_POINT('Ctrl Pts',(-24.1066186330781,-0.250000000001549,
18.1410386215326));
#6267=CARTESIAN_POINT('Ctrl Pts',(-23.9502894118327,-1.25000000000155,18.0654945191343));
#6268=CARTESIAN_POINT('Ctrl Pts',(-23.9502894118327,-0.250000000001549,
18.0654945191343));
#6269=CARTESIAN_POINT('Ctrl Pts',(-23.8669841941453,-1.25000000000155,18.0252383351326));
#6270=CARTESIAN_POINT('Ctrl Pts',(-23.8669841941453,-0.250000000001549,
18.0252383351326));
#6271=CARTESIAN_POINT('',(-24.2694395240403,-1.25000000000155,18.3362890481949));
#6272=CARTESIAN_POINT('Ctrl Pts',(-24.2694395240403,-1.25000000000155,18.3362890481949));
#6273=CARTESIAN_POINT('Ctrl Pts',(-24.2175988170647,-1.25000000000155,18.2741230687825));
#6274=CARTESIAN_POINT('Ctrl Pts',(-24.1066186330781,-1.25000000000155,18.1410386215326));
#6275=CARTESIAN_POINT('Ctrl Pts',(-23.9502894118327,-1.25000000000155,18.0654945191343));
#6276=CARTESIAN_POINT('Ctrl Pts',(-23.8669841941453,-1.25000000000155,18.0252383351326));
#6277=CARTESIAN_POINT('',(-24.2694395240403,-0.250000000001549,18.3362890481949));
#6278=CARTESIAN_POINT('',(-24.2694395240403,-1.25000000000155,18.3362890481949));
#6279=CARTESIAN_POINT('Ctrl Pts',(-24.2694395240403,-0.250000000001549,
18.3362890481949));
#6280=CARTESIAN_POINT('Ctrl Pts',(-24.2175988170647,-0.250000000001549,
18.2741230687825));
#6281=CARTESIAN_POINT('Ctrl Pts',(-24.1066186330781,-0.250000000001549,
18.1410386215326));
#6282=CARTESIAN_POINT('Ctrl Pts',(-23.9502894118327,-0.250000000001549,
18.0654945191343));
#6283=CARTESIAN_POINT('Ctrl Pts',(-23.8669841941453,-0.250000000001549,
18.0252383351326));
#6284=CARTESIAN_POINT('Ctrl Pts',(-24.4345157798387,-1.25000000000155,18.8287855386734));
#6285=CARTESIAN_POINT('Ctrl Pts',(-24.4345157798387,-0.250000000001549,
18.8287855386734));
#6286=CARTESIAN_POINT('Ctrl Pts',(-24.4204305420576,-1.25000000000155,18.7357992117922));
#6287=CARTESIAN_POINT('Ctrl Pts',(-24.4204305420576,-0.250000000001549,
18.7357992117922));
#6288=CARTESIAN_POINT('Ctrl Pts',(-24.3940683559484,-1.25000000000155,18.5617643184562));
#6289=CARTESIAN_POINT('Ctrl Pts',(-24.3940683559484,-0.250000000001549,
18.5617643184562));
#6290=CARTESIAN_POINT('Ctrl Pts',(-24.3090382819268,-1.25000000000155,18.4079301002673));
#6291=CARTESIAN_POINT('Ctrl Pts',(-24.3090382819268,-0.250000000001549,
18.4079301002673));
#6292=CARTESIAN_POINT('Ctrl Pts',(-24.2694395240403,-1.25000000000155,18.3362890481949));
#6293=CARTESIAN_POINT('Ctrl Pts',(-24.2694395240403,-0.250000000001549,
18.3362890481949));
#6294=CARTESIAN_POINT('',(-24.4345157798387,-1.25000000000155,18.8287855386734));
#6295=CARTESIAN_POINT('Ctrl Pts',(-24.4345157798387,-1.25000000000155,18.8287855386734));
#6296=CARTESIAN_POINT('Ctrl Pts',(-24.4204305420576,-1.25000000000155,18.7357992117922));
#6297=CARTESIAN_POINT('Ctrl Pts',(-24.3940683559484,-1.25000000000155,18.5617643184562));
#6298=CARTESIAN_POINT('Ctrl Pts',(-24.3090382819268,-1.25000000000155,18.4079301002673));
#6299=CARTESIAN_POINT('Ctrl Pts',(-24.2694395240403,-1.25000000000155,18.3362890481949));
#6300=CARTESIAN_POINT('',(-24.4345157798387,-0.250000000001549,18.8287855386734));
#6301=CARTESIAN_POINT('',(-24.4345157798387,-1.25000000000155,18.8287855386734));
#6302=CARTESIAN_POINT('Ctrl Pts',(-24.4345157798387,-0.250000000001549,
18.8287855386734));
#6303=CARTESIAN_POINT('Ctrl Pts',(-24.4204305420576,-0.250000000001549,
18.7357992117922));
#6304=CARTESIAN_POINT('Ctrl Pts',(-24.3940683559484,-0.250000000001549,
18.5617643184562));
#6305=CARTESIAN_POINT('Ctrl Pts',(-24.3090382819268,-0.250000000001549,
18.4079301002673));
#6306=CARTESIAN_POINT('Ctrl Pts',(-24.2694395240403,-0.250000000001549,
18.3362890481949));
#6307=CARTESIAN_POINT('Origin',(-24.9338334258653,-1.25000000000155,18.7851293087006));
#6308=CARTESIAN_POINT('',(-24.9338334258653,-1.25000000000155,18.7851293087006));
#6309=CARTESIAN_POINT('',(-37.442505109685,-1.25000000000156,17.6914738930967));
#6310=CARTESIAN_POINT('',(-24.9338334258653,-0.250000000001549,18.7851293087006));
#6311=CARTESIAN_POINT('',(-24.9338334258653,-1.25000000000155,18.7851293087006));
#6312=CARTESIAN_POINT('',(-24.9338334258653,-0.250000000001549,18.7851293087006));
#6313=CARTESIAN_POINT('Ctrl Pts',(-24.7141879256822,-1.25000000000155,18.0661661624908));
#6314=CARTESIAN_POINT('Ctrl Pts',(-24.7141879256822,-0.250000000001549,
18.0661661624908));
#6315=CARTESIAN_POINT('Ctrl Pts',(-24.7755443363866,-1.25000000000155,18.176515379749));
#6316=CARTESIAN_POINT('Ctrl Pts',(-24.7755443363866,-0.250000000001549,
18.176515379749));
#6317=CARTESIAN_POINT('Ctrl Pts',(-24.9000257357737,-1.25000000000155,18.4003945934754));
#6318=CARTESIAN_POINT('Ctrl Pts',(-24.9000257357737,-0.250000000001549,
18.4003945934754));
#6319=CARTESIAN_POINT('Ctrl Pts',(-24.9224579600489,-1.25000000000155,18.6556754303209));
#6320=CARTESIAN_POINT('Ctrl Pts',(-24.9224579600489,-0.250000000001549,
18.6556754303209));
#6321=CARTESIAN_POINT('Ctrl Pts',(-24.9338334258653,-1.25000000000155,18.7851293087006));
#6322=CARTESIAN_POINT('Ctrl Pts',(-24.9338334258653,-0.250000000001549,
18.7851293087006));
#6323=CARTESIAN_POINT('Ctrl Pts',(-24.7141879256822,-1.25000000000155,18.0661661624908));
#6324=CARTESIAN_POINT('Ctrl Pts',(-24.7755443363866,-1.25000000000155,18.176515379749));
#6325=CARTESIAN_POINT('Ctrl Pts',(-24.9000257357737,-1.25000000000155,18.4003945934754));
#6326=CARTESIAN_POINT('Ctrl Pts',(-24.9224579600489,-1.25000000000155,18.6556754303209));
#6327=CARTESIAN_POINT('Ctrl Pts',(-24.9338334258653,-1.25000000000155,18.7851293087006));
#6328=CARTESIAN_POINT('Ctrl Pts',(-24.7141879256822,-0.250000000001549,
18.0661661624908));
#6329=CARTESIAN_POINT('Ctrl Pts',(-24.7755443363866,-0.250000000001549,
18.176515379749));
#6330=CARTESIAN_POINT('Ctrl Pts',(-24.9000257357737,-0.250000000001549,
18.4003945934754));
#6331=CARTESIAN_POINT('Ctrl Pts',(-24.9224579600489,-0.250000000001549,
18.6556754303209));
#6332=CARTESIAN_POINT('Ctrl Pts',(-24.9338334258653,-0.250000000001549,
18.7851293087006));
#6333=CARTESIAN_POINT('Origin',(-30.4999991711236,-0.250000000001549,19.4999998509884));
#6334=CARTESIAN_POINT('Origin',(-25.6869023498155,-1.25000000000155,21.4999998807907));
#6335=CARTESIAN_POINT('',(-25.6869023498155,-1.25000000000155,21.4999998807907));
#6336=CARTESIAN_POINT('',(-25.6869023498155,-1.25000000000155,17.4999998211861));
#6337=CARTESIAN_POINT('',(-25.6869023498155,-1.25000000000156,10.7499999403954));
#6338=CARTESIAN_POINT('',(-25.6869023498155,-0.250000000001549,21.4999998807907));
#6339=CARTESIAN_POINT('',(-25.6869023498155,-1.25000000000155,21.4999998807907));
#6340=CARTESIAN_POINT('',(-25.6869023498155,-0.250000000001549,17.4999998211861));
#6341=CARTESIAN_POINT('',(-25.6869023498155,-0.250000000001549,21.4999998807907));
#6342=CARTESIAN_POINT('',(-25.6869023498155,-1.25000000000155,17.4999998211861));
#6343=CARTESIAN_POINT('Origin',(-26.2162345107652,-1.25000000000155,21.4999998807907));
#6344=CARTESIAN_POINT('',(-26.2162345107652,-1.25000000000155,21.4999998807907));
#6345=CARTESIAN_POINT('',(-37.3581172553829,-1.25000000000156,21.4999998807907));
#6346=CARTESIAN_POINT('',(-26.2162345107652,-0.250000000001549,21.4999998807907));
#6347=CARTESIAN_POINT('',(-26.2162345107652,-1.25000000000155,21.4999998807907));
#6348=CARTESIAN_POINT('',(-26.2162345107652,-0.250000000001549,21.4999998807907));
#6349=CARTESIAN_POINT('Origin',(-26.2162345107652,-1.25000000000155,17.4999998211861));
#6350=CARTESIAN_POINT('',(-26.2162345107652,-1.25000000000155,17.4999998211861));
#6351=CARTESIAN_POINT('',(-26.2162345107652,-1.25000000000156,8.74999991059303));
#6352=CARTESIAN_POINT('',(-26.2162345107652,-0.250000000001549,17.4999998211861));
#6353=CARTESIAN_POINT('',(-26.2162345107652,-1.25000000000155,17.4999998211861));
#6354=CARTESIAN_POINT('',(-26.2162345107652,-0.250000000001549,17.4999998211861));
#6355=CARTESIAN_POINT('Origin',(-25.6869023498155,-1.25000000000155,17.4999998211861));
#6356=CARTESIAN_POINT('',(-37.0934511749081,-1.25000000000156,17.4999998211861));
#6357=CARTESIAN_POINT('',(-25.6869023498155,-0.250000000001549,17.4999998211861));
#6358=CARTESIAN_POINT('Origin',(-30.4999991711236,-0.250000000001549,19.4999998509884));
#6359=CARTESIAN_POINT('Origin',(26.88608445879,-1.25000000000155,19.1944063901901));
#6360=CARTESIAN_POINT('',(26.88608445879,-1.25000000000155,19.1944063901901));
#6361=CARTESIAN_POINT('',(26.88608445879,-1.25000000000155,18.7005455493927));
#6362=CARTESIAN_POINT('',(26.88608445879,-1.25000000000154,9.59720319509506));
#6363=CARTESIAN_POINT('',(26.88608445879,-0.250000000001549,19.1944063901901));
#6364=CARTESIAN_POINT('',(26.88608445879,-1.25000000000155,19.1944063901901));
#6365=CARTESIAN_POINT('',(26.88608445879,-0.250000000001549,18.7005455493927));
#6366=CARTESIAN_POINT('',(26.88608445879,-0.250000000001549,19.1944063901901));
#6367=CARTESIAN_POINT('',(26.88608445879,-1.25000000000155,18.7005455493927));
#6368=CARTESIAN_POINT('Origin',(25.3772170161822,-1.25000000000155,19.1944063901901));
#6369=CARTESIAN_POINT('',(25.3772170161822,-1.25000000000155,19.1944063901901));
#6370=CARTESIAN_POINT('',(-11.5613914919093,-1.25000000000155,19.1944063901901));
#6371=CARTESIAN_POINT('',(25.3772170161822,-0.250000000001549,19.1944063901901));
#6372=CARTESIAN_POINT('',(25.3772170161822,-1.25000000000155,19.1944063901901));
#6373=CARTESIAN_POINT('',(25.3772170161822,-0.250000000001549,19.1944063901901));
#6374=CARTESIAN_POINT('Origin',(25.3772170161822,-1.25000000000155,18.7005455493927));
#6375=CARTESIAN_POINT('',(25.3772170161822,-1.25000000000155,18.7005455493927));
#6376=CARTESIAN_POINT('',(25.3772170161822,-1.25000000000154,9.35027277469635));
#6377=CARTESIAN_POINT('',(25.3772170161822,-0.250000000001549,18.7005455493927));
#6378=CARTESIAN_POINT('',(25.3772170161822,-1.25000000000155,18.7005455493927));
#6379=CARTESIAN_POINT('',(25.3772170161822,-0.250000000001549,18.7005455493927));
#6380=CARTESIAN_POINT('Origin',(26.88608445879,-1.25000000000155,18.7005455493927));
#6381=CARTESIAN_POINT('',(-10.8069577706053,-1.25000000000155,18.7005455493927));
#6382=CARTESIAN_POINT('',(26.88608445879,-0.250000000001549,18.7005455493927));
#6383=CARTESIAN_POINT('Origin',(30.5000002374866,-0.250000000001549,19.4999998509884));
#6384=CARTESIAN_POINT('Ctrl Pts',(37.113916656933,-1.25000000000155,17.5900409817696));
#6385=CARTESIAN_POINT('Ctrl Pts',(37.113916656933,-0.250000000001549,17.5900409817696));
#6386=CARTESIAN_POINT('Ctrl Pts',(36.9986570763648,-1.25000000000155,17.6487249171103));
#6387=CARTESIAN_POINT('Ctrl Pts',(36.9986570763648,-0.250000000001549,17.6487249171103));
#6388=CARTESIAN_POINT('Ctrl Pts',(36.7711504391448,-1.25000000000155,17.7645589737882));
#6389=CARTESIAN_POINT('Ctrl Pts',(36.7711504391448,-0.250000000001549,17.7645589737882));
#6390=CARTESIAN_POINT('Ctrl Pts',(36.6151617470988,-1.25000000000155,17.9665218619063));
#6391=CARTESIAN_POINT('Ctrl Pts',(36.6151617470988,-0.250000000001549,17.9665218619063));
#6392=CARTESIAN_POINT('Ctrl Pts',(36.5382001614191,-1.25000000000155,18.0661661624908));
#6393=CARTESIAN_POINT('Ctrl Pts',(36.5382001614191,-0.250000000001549,18.0661661624908));
#6394=CARTESIAN_POINT('',(37.113916656933,-1.25000000000155,17.5900409817696));
#6395=CARTESIAN_POINT('',(36.5382001614191,-1.25000000000155,18.0661661624908));
#6396=CARTESIAN_POINT('Ctrl Pts',(37.113916656933,-1.25000000000155,17.5900409817696));
#6397=CARTESIAN_POINT('Ctrl Pts',(36.9986570763648,-1.25000000000155,17.6487249171103));
#6398=CARTESIAN_POINT('Ctrl Pts',(36.7711504391448,-1.25000000000155,17.7645589737882));
#6399=CARTESIAN_POINT('Ctrl Pts',(36.6151617470988,-1.25000000000155,17.9665218619063));
#6400=CARTESIAN_POINT('Ctrl Pts',(36.5382001614191,-1.25000000000155,18.0661661624908));
#6401=CARTESIAN_POINT('',(37.113916656933,-0.250000000001549,17.5900409817696));
#6402=CARTESIAN_POINT('',(37.113916656933,-1.25000000000155,17.5900409817696));
#6403=CARTESIAN_POINT('',(36.5382001614191,-0.250000000001549,18.0661661624908));
#6404=CARTESIAN_POINT('Ctrl Pts',(37.113916656933,-0.250000000001549,17.5900409817696));
#6405=CARTESIAN_POINT('Ctrl Pts',(36.9986570763648,-0.250000000001549,17.6487249171103));
#6406=CARTESIAN_POINT('Ctrl Pts',(36.7711504391448,-0.250000000001549,17.7645589737882));
#6407=CARTESIAN_POINT('Ctrl Pts',(36.6151617470988,-0.250000000001549,17.9665218619063));
#6408=CARTESIAN_POINT('Ctrl Pts',(36.5382001614191,-0.250000000001549,18.0661661624908));
#6409=CARTESIAN_POINT('',(36.5382001614191,-1.25000000000155,18.0661661624908));
#6410=CARTESIAN_POINT('Ctrl Pts',(38.0238757347681,-1.25000000000155,17.4317870736122));
#6411=CARTESIAN_POINT('Ctrl Pts',(38.0238757347681,-0.250000000001549,17.4317870736122));
#6412=CARTESIAN_POINT('Ctrl Pts',(37.8559248352156,-1.25000000000155,17.4360499800946));
#6413=CARTESIAN_POINT('Ctrl Pts',(37.8559248352156,-0.250000000001549,17.4360499800946));
#6414=CARTESIAN_POINT('Ctrl Pts',(37.5444384074661,-1.25000000000155,17.4439560854835));
#6415=CARTESIAN_POINT('Ctrl Pts',(37.5444384074661,-0.250000000001549,17.4439560854835));
#6416=CARTESIAN_POINT('Ctrl Pts',(37.2497236571348,-1.25000000000155,17.5439588697396));
#6417=CARTESIAN_POINT('Ctrl Pts',(37.2497236571348,-0.250000000001549,17.5439588697396));
#6418=CARTESIAN_POINT('Ctrl Pts',(37.113916656933,-1.25000000000155,17.5900409817696));
#6419=CARTESIAN_POINT('Ctrl Pts',(37.113916656933,-0.250000000001549,17.5900409817696));
#6420=CARTESIAN_POINT('',(38.0238757347681,-1.25000000000155,17.4317870736122));
#6421=CARTESIAN_POINT('Ctrl Pts',(38.0238757347681,-1.25000000000155,17.4317870736122));
#6422=CARTESIAN_POINT('Ctrl Pts',(37.8559248352156,-1.25000000000155,17.4360499800946));
#6423=CARTESIAN_POINT('Ctrl Pts',(37.5444384074661,-1.25000000000155,17.4439560854835));
#6424=CARTESIAN_POINT('Ctrl Pts',(37.2497236571348,-1.25000000000155,17.5439588697396));
#6425=CARTESIAN_POINT('Ctrl Pts',(37.113916656933,-1.25000000000155,17.5900409817696));
#6426=CARTESIAN_POINT('',(38.0238757347681,-0.250000000001549,17.4317870736122));
#6427=CARTESIAN_POINT('',(38.0238757347681,-1.25000000000155,17.4317870736122));
#6428=CARTESIAN_POINT('Ctrl Pts',(38.0238757347681,-0.250000000001549,17.4317870736122));
#6429=CARTESIAN_POINT('Ctrl Pts',(37.8559248352156,-0.250000000001549,17.4360499800946));
#6430=CARTESIAN_POINT('Ctrl Pts',(37.5444384074661,-0.250000000001549,17.4439560854835));
#6431=CARTESIAN_POINT('Ctrl Pts',(37.2497236571348,-0.250000000001549,17.5439588697396));
#6432=CARTESIAN_POINT('Ctrl Pts',(37.113916656933,-0.250000000001549,17.5900409817696));
#6433=CARTESIAN_POINT('Ctrl Pts',(38.7946806168177,-1.25000000000155,17.5886766314507));
#6434=CARTESIAN_POINT('Ctrl Pts',(38.7946806168177,-0.250000000001549,17.5886766314507));
#6435=CARTESIAN_POINT('Ctrl Pts',(38.6747275213044,-1.25000000000155,17.5429310928616));
#6436=CARTESIAN_POINT('Ctrl Pts',(38.6747275213044,-0.250000000001549,17.5429310928616));
#6437=CARTESIAN_POINT('Ctrl Pts',(38.4265702326669,-1.25000000000155,17.4482933615473));
#6438=CARTESIAN_POINT('Ctrl Pts',(38.4265702326669,-0.250000000001549,17.4482933615473));
#6439=CARTESIAN_POINT('Ctrl Pts',(38.161050035754,-1.25000000000155,17.4374097938658));
#6440=CARTESIAN_POINT('Ctrl Pts',(38.161050035754,-0.250000000001549,17.4374097938658));
#6441=CARTESIAN_POINT('Ctrl Pts',(38.0238757347681,-1.25000000000155,17.4317870736122));
#6442=CARTESIAN_POINT('Ctrl Pts',(38.0238757347681,-0.250000000001549,17.4317870736122));
#6443=CARTESIAN_POINT('',(38.7946806168177,-1.25000000000155,17.5886766314507));
#6444=CARTESIAN_POINT('Ctrl Pts',(38.7946806168177,-1.25000000000155,17.5886766314507));
#6445=CARTESIAN_POINT('Ctrl Pts',(38.6747275213044,-1.25000000000155,17.5429310928616));
#6446=CARTESIAN_POINT('Ctrl Pts',(38.4265702326669,-1.25000000000155,17.4482933615473));
#6447=CARTESIAN_POINT('Ctrl Pts',(38.161050035754,-1.25000000000155,17.4374097938658));
#6448=CARTESIAN_POINT('Ctrl Pts',(38.0238757347681,-1.25000000000155,17.4317870736122));
#6449=CARTESIAN_POINT('',(38.7946806168177,-0.250000000001549,17.5886766314507));
#6450=CARTESIAN_POINT('',(38.7946806168177,-1.25000000000155,17.5886766314507));
#6451=CARTESIAN_POINT('Ctrl Pts',(38.7946806168177,-0.250000000001549,17.5886766314507));
#6452=CARTESIAN_POINT('Ctrl Pts',(38.6747275213044,-0.250000000001549,17.5429310928616));
#6453=CARTESIAN_POINT('Ctrl Pts',(38.4265702326669,-0.250000000001549,17.4482933615473));
#6454=CARTESIAN_POINT('Ctrl Pts',(38.161050035754,-0.250000000001549,17.4374097938658));
#6455=CARTESIAN_POINT('Ctrl Pts',(38.0238757347681,-0.250000000001549,17.4317870736122));
#6456=CARTESIAN_POINT('Ctrl Pts',(39.3199191307642,-1.25000000000155,18.0279670357704));
#6457=CARTESIAN_POINT('Ctrl Pts',(39.3199191307642,-0.250000000001549,18.0279670357704));
#6458=CARTESIAN_POINT('Ctrl Pts',(39.2507082043327,-1.25000000000155,17.9383339763225));
#6459=CARTESIAN_POINT('Ctrl Pts',(39.2507082043327,-0.250000000001549,17.9383339763225));
#6460=CARTESIAN_POINT('Ctrl Pts',(39.1080092087199,-1.25000000000155,17.753528654152));
#6461=CARTESIAN_POINT('Ctrl Pts',(39.1080092087199,-0.250000000001549,17.753528654152));
#6462=CARTESIAN_POINT('Ctrl Pts',(38.9011898256832,-1.25000000000155,17.6447144746976));
#6463=CARTESIAN_POINT('Ctrl Pts',(38.9011898256832,-0.250000000001549,17.6447144746976));
#6464=CARTESIAN_POINT('Ctrl Pts',(38.7946806168177,-1.25000000000155,17.5886766314507));
#6465=CARTESIAN_POINT('Ctrl Pts',(38.7946806168177,-0.250000000001549,17.5886766314507));
#6466=CARTESIAN_POINT('',(39.3199191307642,-1.25000000000155,18.0279670357704));
#6467=CARTESIAN_POINT('Ctrl Pts',(39.3199191307642,-1.25000000000155,18.0279670357704));
#6468=CARTESIAN_POINT('Ctrl Pts',(39.2507082043327,-1.25000000000155,17.9383339763225));
#6469=CARTESIAN_POINT('Ctrl Pts',(39.1080092087199,-1.25000000000155,17.753528654152));
#6470=CARTESIAN_POINT('Ctrl Pts',(38.9011898256832,-1.25000000000155,17.6447144746976));
#6471=CARTESIAN_POINT('Ctrl Pts',(38.7946806168177,-1.25000000000155,17.5886766314507));
#6472=CARTESIAN_POINT('',(39.3199191307642,-0.250000000001549,18.0279670357704));
#6473=CARTESIAN_POINT('',(39.3199191307642,-1.25000000000155,18.0279670357704));
#6474=CARTESIAN_POINT('Ctrl Pts',(39.3199191307642,-0.250000000001549,18.0279670357704));
#6475=CARTESIAN_POINT('Ctrl Pts',(39.2507082043327,-0.250000000001549,17.9383339763225));
#6476=CARTESIAN_POINT('Ctrl Pts',(39.1080092087199,-0.250000000001549,17.753528654152));
#6477=CARTESIAN_POINT('Ctrl Pts',(38.9011898256832,-0.250000000001549,17.6447144746976));
#6478=CARTESIAN_POINT('Ctrl Pts',(38.7946806168177,-0.250000000001549,17.5886766314507));
#6479=CARTESIAN_POINT('Ctrl Pts',(39.5027289604761,-1.25000000000155,18.629604101181));
#6480=CARTESIAN_POINT('Ctrl Pts',(39.5027289604761,-0.250000000001549,18.629604101181));
#6481=CARTESIAN_POINT('Ctrl Pts',(39.4946961137283,-1.25000000000155,18.5240896921937));
#6482=CARTESIAN_POINT('Ctrl Pts',(39.4946961137283,-0.250000000001549,18.5240896921937));
#6483=CARTESIAN_POINT('Ctrl Pts',(39.4784034107408,-1.25000000000155,18.3100790206961));
#6484=CARTESIAN_POINT('Ctrl Pts',(39.4784034107408,-0.250000000001549,18.3100790206961));
#6485=CARTESIAN_POINT('Ctrl Pts',(39.373235665173,-1.25000000000155,18.1228738199236));
#6486=CARTESIAN_POINT('Ctrl Pts',(39.373235665173,-0.250000000001549,18.1228738199236));
#6487=CARTESIAN_POINT('Ctrl Pts',(39.3199191307642,-1.25000000000155,18.0279670357704));
#6488=CARTESIAN_POINT('Ctrl Pts',(39.3199191307642,-0.250000000001549,18.0279670357704));
#6489=CARTESIAN_POINT('',(39.5027289604761,-1.25000000000155,18.629604101181));
#6490=CARTESIAN_POINT('Ctrl Pts',(39.5027289604761,-1.25000000000155,18.629604101181));
#6491=CARTESIAN_POINT('Ctrl Pts',(39.4946961137283,-1.25000000000155,18.5240896921937));
#6492=CARTESIAN_POINT('Ctrl Pts',(39.4784034107408,-1.25000000000155,18.3100790206961));
#6493=CARTESIAN_POINT('Ctrl Pts',(39.373235665173,-1.25000000000155,18.1228738199236));
#6494=CARTESIAN_POINT('Ctrl Pts',(39.3199191307642,-1.25000000000155,18.0279670357704));
#6495=CARTESIAN_POINT('',(39.5027289604761,-0.250000000001549,18.629604101181));
#6496=CARTESIAN_POINT('',(39.5027289604761,-1.25000000000155,18.629604101181));
#6497=CARTESIAN_POINT('Ctrl Pts',(39.5027289604761,-0.250000000001549,18.629604101181));
#6498=CARTESIAN_POINT('Ctrl Pts',(39.4946961137283,-0.250000000001549,18.5240896921937));
#6499=CARTESIAN_POINT('Ctrl Pts',(39.4784034107408,-0.250000000001549,18.3100790206961));
#6500=CARTESIAN_POINT('Ctrl Pts',(39.373235665173,-0.250000000001549,18.1228738199236));
#6501=CARTESIAN_POINT('Ctrl Pts',(39.3199191307642,-0.250000000001549,18.0279670357704));
#6502=CARTESIAN_POINT('Ctrl Pts',(39.3362901424982,-1.25000000000155,19.1984991431236));
#6503=CARTESIAN_POINT('Ctrl Pts',(39.3362901424982,-0.250000000001549,19.1984991431236));
#6504=CARTESIAN_POINT('Ctrl Pts',(39.3848287497444,-1.25000000000155,19.1119873042135));
#6505=CARTESIAN_POINT('Ctrl Pts',(39.3848287497444,-0.250000000001549,19.1119873042135));
#6506=CARTESIAN_POINT('Ctrl Pts',(39.4839721499546,-1.25000000000155,18.9352810006214));
#6507=CARTESIAN_POINT('Ctrl Pts',(39.4839721499546,-0.250000000001549,18.9352810006214));
#6508=CARTESIAN_POINT('Ctrl Pts',(39.4963904231423,-1.25000000000155,18.7329022838313));
#6509=CARTESIAN_POINT('Ctrl Pts',(39.4963904231423,-0.250000000001549,18.7329022838313));
#6510=CARTESIAN_POINT('Ctrl Pts',(39.5027289604761,-1.25000000000155,18.629604101181));
#6511=CARTESIAN_POINT('Ctrl Pts',(39.5027289604761,-0.250000000001549,18.629604101181));
#6512=CARTESIAN_POINT('',(39.3362901424982,-1.25000000000155,19.1984991431236));
#6513=CARTESIAN_POINT('Ctrl Pts',(39.3362901424982,-1.25000000000155,19.1984991431236));
#6514=CARTESIAN_POINT('Ctrl Pts',(39.3848287497444,-1.25000000000155,19.1119873042135));
#6515=CARTESIAN_POINT('Ctrl Pts',(39.4839721499546,-1.25000000000155,18.9352810006214));
#6516=CARTESIAN_POINT('Ctrl Pts',(39.4963904231423,-1.25000000000155,18.7329022838313));
#6517=CARTESIAN_POINT('Ctrl Pts',(39.5027289604761,-1.25000000000155,18.629604101181));
#6518=CARTESIAN_POINT('',(39.3362901424982,-0.250000000001549,19.1984991431236));
#6519=CARTESIAN_POINT('',(39.3362901424982,-1.25000000000155,19.1984991431236));
#6520=CARTESIAN_POINT('Ctrl Pts',(39.3362901424982,-0.250000000001549,19.1984991431236));
#6521=CARTESIAN_POINT('Ctrl Pts',(39.3848287497444,-0.250000000001549,19.1119873042135));
#6522=CARTESIAN_POINT('Ctrl Pts',(39.4839721499546,-0.250000000001549,18.9352810006214));
#6523=CARTESIAN_POINT('Ctrl Pts',(39.4963904231423,-0.250000000001549,18.7329022838313));
#6524=CARTESIAN_POINT('Ctrl Pts',(39.5027289604761,-0.250000000001549,18.629604101181));
#6525=CARTESIAN_POINT('Ctrl Pts',(38.8206014847376,-1.25000000000155,19.6064118742943));
#6526=CARTESIAN_POINT('Ctrl Pts',(38.8206014847376,-0.250000000001549,19.6064118742943));
#6527=CARTESIAN_POINT('Ctrl Pts',(38.9271943897994,-1.25000000000155,19.5522996697496));
#6528=CARTESIAN_POINT('Ctrl Pts',(38.9271943897994,-0.250000000001549,19.5522996697496));
#6529=CARTESIAN_POINT('Ctrl Pts',(39.1269548072647,-1.25000000000155,19.45089070108));
#6530=CARTESIAN_POINT('Ctrl Pts',(39.1269548072647,-0.250000000001549,19.45089070108));
#6531=CARTESIAN_POINT('Ctrl Pts',(39.2697097640051,-1.25000000000155,19.2787738155216));
#6532=CARTESIAN_POINT('Ctrl Pts',(39.2697097640051,-0.250000000001549,19.2787738155216));
#6533=CARTESIAN_POINT('Ctrl Pts',(39.3362901424982,-1.25000000000155,19.1984991431236));
#6534=CARTESIAN_POINT('Ctrl Pts',(39.3362901424982,-0.250000000001549,19.1984991431236));
#6535=CARTESIAN_POINT('',(38.8206014847376,-1.25000000000155,19.6064118742943));
#6536=CARTESIAN_POINT('Ctrl Pts',(38.8206014847376,-1.25000000000155,19.6064118742943));
#6537=CARTESIAN_POINT('Ctrl Pts',(38.9271943897994,-1.25000000000155,19.5522996697496));
#6538=CARTESIAN_POINT('Ctrl Pts',(39.1269548072647,-1.25000000000155,19.45089070108));
#6539=CARTESIAN_POINT('Ctrl Pts',(39.2697097640051,-1.25000000000155,19.2787738155216));
#6540=CARTESIAN_POINT('Ctrl Pts',(39.3362901424982,-1.25000000000155,19.1984991431236));
#6541=CARTESIAN_POINT('',(38.8206014847376,-0.250000000001549,19.6064118742943));
#6542=CARTESIAN_POINT('',(38.8206014847376,-1.25000000000155,19.6064118742943));
#6543=CARTESIAN_POINT('Ctrl Pts',(38.8206014847376,-0.250000000001549,19.6064118742943));
#6544=CARTESIAN_POINT('Ctrl Pts',(38.9271943897994,-0.250000000001549,19.5522996697496));
#6545=CARTESIAN_POINT('Ctrl Pts',(39.1269548072647,-0.250000000001549,19.45089070108));
#6546=CARTESIAN_POINT('Ctrl Pts',(39.2697097640051,-0.250000000001549,19.2787738155216));
#6547=CARTESIAN_POINT('Ctrl Pts',(39.3362901424982,-0.250000000001549,19.1984991431236));
#6548=CARTESIAN_POINT('Ctrl Pts',(37.9351983284571,-1.25000000000155,19.86152780056));
#6549=CARTESIAN_POINT('Ctrl Pts',(37.9351983284571,-0.250000000001549,19.86152780056));
#6550=CARTESIAN_POINT('Ctrl Pts',(38.1179510807968,-1.25000000000155,19.8206985214404));
#6551=CARTESIAN_POINT('Ctrl Pts',(38.1179510807968,-0.250000000001549,19.8206985214404));
#6552=CARTESIAN_POINT('Ctrl Pts',(38.4184293926979,-1.25000000000155,19.7535678615245));
#6553=CARTESIAN_POINT('Ctrl Pts',(38.4184293926979,-0.250000000001549,19.7535678615245));
#6554=CARTESIAN_POINT('Ctrl Pts',(38.7073889159256,-1.25000000000155,19.6478366963049));
#6555=CARTESIAN_POINT('Ctrl Pts',(38.7073889159256,-0.250000000001549,19.6478366963049));
#6556=CARTESIAN_POINT('Ctrl Pts',(38.8206014847376,-1.25000000000155,19.6064118742943));
#6557=CARTESIAN_POINT('Ctrl Pts',(38.8206014847376,-0.250000000001549,19.6064118742943));
#6558=CARTESIAN_POINT('',(37.9351983284571,-1.25000000000155,19.86152780056));
#6559=CARTESIAN_POINT('Ctrl Pts',(37.9351983284571,-1.25000000000155,19.86152780056));
#6560=CARTESIAN_POINT('Ctrl Pts',(38.1179510807968,-1.25000000000155,19.8206985214404));
#6561=CARTESIAN_POINT('Ctrl Pts',(38.4184293926979,-1.25000000000155,19.7535678615245));
#6562=CARTESIAN_POINT('Ctrl Pts',(38.7073889159256,-1.25000000000155,19.6478366963049));
#6563=CARTESIAN_POINT('Ctrl Pts',(38.8206014847376,-1.25000000000155,19.6064118742943));
#6564=CARTESIAN_POINT('',(37.9351983284571,-0.250000000001549,19.86152780056));
#6565=CARTESIAN_POINT('',(37.9351983284571,-1.25000000000155,19.86152780056));
#6566=CARTESIAN_POINT('Ctrl Pts',(37.9351983284571,-0.250000000001549,19.86152780056));
#6567=CARTESIAN_POINT('Ctrl Pts',(38.1179510807968,-0.250000000001549,19.8206985214404));
#6568=CARTESIAN_POINT('Ctrl Pts',(38.4184293926979,-0.250000000001549,19.7535678615245));
#6569=CARTESIAN_POINT('Ctrl Pts',(38.7073889159256,-0.250000000001549,19.6478366963049));
#6570=CARTESIAN_POINT('Ctrl Pts',(38.8206014847376,-0.250000000001549,19.6064118742943));
#6571=CARTESIAN_POINT('Ctrl Pts',(37.1371088242151,-1.25000000000155,20.1466573476791));
#6572=CARTESIAN_POINT('Ctrl Pts',(37.1371088242151,-0.250000000001549,20.1466573476791));
#6573=CARTESIAN_POINT('Ctrl Pts',(37.2277066933726,-1.25000000000155,20.0961656944697));
#6574=CARTESIAN_POINT('Ctrl Pts',(37.2277066933726,-0.250000000001549,20.0961656944697));
#6575=CARTESIAN_POINT('Ctrl Pts',(37.4767307859281,-1.25000000000155,19.9573805526223));
#6576=CARTESIAN_POINT('Ctrl Pts',(37.4767307859281,-0.250000000001549,19.9573805526223));
#6577=CARTESIAN_POINT('Ctrl Pts',(37.7569354127849,-1.25000000000155,19.898797594979));
#6578=CARTESIAN_POINT('Ctrl Pts',(37.7569354127849,-0.250000000001549,19.898797594979));
#6579=CARTESIAN_POINT('Ctrl Pts',(37.9351983284571,-1.25000000000155,19.86152780056));
#6580=CARTESIAN_POINT('Ctrl Pts',(37.9351983284571,-0.250000000001549,19.86152780056));
#6581=CARTESIAN_POINT('',(37.1371088242151,-1.25000000000155,20.1466573476791));
#6582=CARTESIAN_POINT('Ctrl Pts',(37.1371088242151,-1.25000000000155,20.1466573476791));
#6583=CARTESIAN_POINT('Ctrl Pts',(37.2277066933726,-1.25000000000155,20.0961656944697));
#6584=CARTESIAN_POINT('Ctrl Pts',(37.4767307859281,-1.25000000000155,19.9573805526223));
#6585=CARTESIAN_POINT('Ctrl Pts',(37.7569354127849,-1.25000000000155,19.898797594979));
#6586=CARTESIAN_POINT('Ctrl Pts',(37.9351983284571,-1.25000000000155,19.86152780056));
#6587=CARTESIAN_POINT('',(37.1371088242151,-0.250000000001549,20.1466573476791));
#6588=CARTESIAN_POINT('',(37.1371088242151,-1.25000000000155,20.1466573476791));
#6589=CARTESIAN_POINT('Ctrl Pts',(37.1371088242151,-0.250000000001549,20.1466573476791));
#6590=CARTESIAN_POINT('Ctrl Pts',(37.2277066933726,-0.250000000001549,20.0961656944697));
#6591=CARTESIAN_POINT('Ctrl Pts',(37.4767307859281,-0.250000000001549,19.9573805526223));
#6592=CARTESIAN_POINT('Ctrl Pts',(37.7569354127849,-0.250000000001549,19.898797594979));
#6593=CARTESIAN_POINT('Ctrl Pts',(37.9351983284571,-0.250000000001549,19.86152780056));
#6594=CARTESIAN_POINT('Ctrl Pts',(36.9815836166956,-1.25000000000155,20.501363992691));
#6595=CARTESIAN_POINT('Ctrl Pts',(36.9815836166956,-0.250000000001549,20.501363992691));
#6596=CARTESIAN_POINT('Ctrl Pts',(36.987820964951,-1.25000000000155,20.4329153635384));
#6597=CARTESIAN_POINT('Ctrl Pts',(36.987820964951,-0.250000000001549,20.4329153635384));
#6598=CARTESIAN_POINT('Ctrl Pts',(37.000181446276,-1.25000000000155,20.2972715021221));
#6599=CARTESIAN_POINT('Ctrl Pts',(37.000181446276,-0.250000000001549,20.2972715021221));
#6600=CARTESIAN_POINT('Ctrl Pts',(37.0917484018382,-1.25000000000155,20.1965518374759));
#6601=CARTESIAN_POINT('Ctrl Pts',(37.0917484018382,-0.250000000001549,20.1965518374759));
#6602=CARTESIAN_POINT('Ctrl Pts',(37.1371088242151,-1.25000000000155,20.1466573476791));
#6603=CARTESIAN_POINT('Ctrl Pts',(37.1371088242151,-0.250000000001549,20.1466573476791));
#6604=CARTESIAN_POINT('',(36.9815836166956,-1.25000000000155,20.501363992691));
#6605=CARTESIAN_POINT('Ctrl Pts',(36.9815836166956,-1.25000000000155,20.501363992691));
#6606=CARTESIAN_POINT('Ctrl Pts',(36.987820964951,-1.25000000000155,20.4329153635384));
#6607=CARTESIAN_POINT('Ctrl Pts',(37.000181446276,-1.25000000000155,20.2972715021221));
#6608=CARTESIAN_POINT('Ctrl Pts',(37.0917484018382,-1.25000000000155,20.1965518374759));
#6609=CARTESIAN_POINT('Ctrl Pts',(37.1371088242151,-1.25000000000155,20.1466573476791));
#6610=CARTESIAN_POINT('',(36.9815836166956,-0.250000000001549,20.501363992691));
#6611=CARTESIAN_POINT('',(36.9815836166956,-1.25000000000155,20.501363992691));
#6612=CARTESIAN_POINT('Ctrl Pts',(36.9815836166956,-0.250000000001549,20.501363992691));
#6613=CARTESIAN_POINT('Ctrl Pts',(36.987820964951,-0.250000000001549,20.4329153635384));
#6614=CARTESIAN_POINT('Ctrl Pts',(37.000181446276,-0.250000000001549,20.2972715021221));
#6615=CARTESIAN_POINT('Ctrl Pts',(37.0917484018382,-0.250000000001549,20.1965518374759));
#6616=CARTESIAN_POINT('Ctrl Pts',(37.1371088242151,-0.250000000001549,20.1466573476791));
#6617=CARTESIAN_POINT('Ctrl Pts',(37.2012291168787,-1.25000000000155,20.9256477355957));
#6618=CARTESIAN_POINT('Ctrl Pts',(37.2012291168787,-0.250000000001549,20.9256477355957));
#6619=CARTESIAN_POINT('Ctrl Pts',(37.1371904026223,-1.25000000000155,20.8655837587521));
#6620=CARTESIAN_POINT('Ctrl Pts',(37.1371904026223,-0.250000000001549,20.8655837587521));
#6621=CARTESIAN_POINT('Ctrl Pts',(37.0136112367668,-1.25000000000155,20.7496748707853));
#6622=CARTESIAN_POINT('Ctrl Pts',(37.0136112367668,-0.250000000001549,20.7496748707853));
#6623=CARTESIAN_POINT('Ctrl Pts',(36.9919972413481,-1.25000000000155,20.582101065126));
#6624=CARTESIAN_POINT('Ctrl Pts',(36.9919972413481,-0.250000000001549,20.582101065126));
#6625=CARTESIAN_POINT('Ctrl Pts',(36.9815836166956,-1.25000000000155,20.501363992691));
#6626=CARTESIAN_POINT('Ctrl Pts',(36.9815836166956,-0.250000000001549,20.501363992691));
#6627=CARTESIAN_POINT('',(37.2012291168787,-1.25000000000155,20.9256477355957));
#6628=CARTESIAN_POINT('Ctrl Pts',(37.2012291168787,-1.25000000000155,20.9256477355957));
#6629=CARTESIAN_POINT('Ctrl Pts',(37.1371904026223,-1.25000000000155,20.8655837587521));
#6630=CARTESIAN_POINT('Ctrl Pts',(37.0136112367668,-1.25000000000155,20.7496748707853));
#6631=CARTESIAN_POINT('Ctrl Pts',(36.9919972413481,-1.25000000000155,20.582101065126));
#6632=CARTESIAN_POINT('Ctrl Pts',(36.9815836166956,-1.25000000000155,20.501363992691));
#6633=CARTESIAN_POINT('',(37.2012291168787,-0.250000000001549,20.9256477355957));
#6634=CARTESIAN_POINT('',(37.2012291168787,-1.25000000000155,20.9256477355957));
#6635=CARTESIAN_POINT('Ctrl Pts',(37.2012291168787,-0.250000000001549,20.9256477355957));
#6636=CARTESIAN_POINT('Ctrl Pts',(37.1371904026223,-0.250000000001549,20.8655837587521));
#6637=CARTESIAN_POINT('Ctrl Pts',(37.0136112367668,-0.250000000001549,20.7496748707853));
#6638=CARTESIAN_POINT('Ctrl Pts',(36.9919972413481,-0.250000000001549,20.582101065126));
#6639=CARTESIAN_POINT('Ctrl Pts',(36.9815836166956,-0.250000000001549,20.501363992691));
#6640=CARTESIAN_POINT('Ctrl Pts',(37.9010925507166,-1.25000000000155,21.101637005806));
#6641=CARTESIAN_POINT('Ctrl Pts',(37.9010925507166,-0.250000000001549,21.101637005806));
#6642=CARTESIAN_POINT('Ctrl Pts',(37.7592742824282,-1.25000000000155,21.099482640212));
#6643=CARTESIAN_POINT('Ctrl Pts',(37.7592742824282,-0.250000000001549,21.099482640212));
#6644=CARTESIAN_POINT('Ctrl Pts',(37.5108072432652,-1.25000000000155,21.0957081699207));
#6645=CARTESIAN_POINT('Ctrl Pts',(37.5108072432652,-0.250000000001549,21.0957081699207));
#6646=CARTESIAN_POINT('Ctrl Pts',(37.2942019604851,-1.25000000000155,20.9767204723833));
#6647=CARTESIAN_POINT('Ctrl Pts',(37.2942019604851,-0.250000000001549,20.9767204723833));
#6648=CARTESIAN_POINT('Ctrl Pts',(37.2012291168787,-1.25000000000155,20.9256477355957));
#6649=CARTESIAN_POINT('Ctrl Pts',(37.2012291168787,-0.250000000001549,20.9256477355957));
#6650=CARTESIAN_POINT('',(37.9010925507166,-1.25000000000155,21.101637005806));
#6651=CARTESIAN_POINT('Ctrl Pts',(37.9010925507166,-1.25000000000155,21.101637005806));
#6652=CARTESIAN_POINT('Ctrl Pts',(37.7592742824282,-1.25000000000155,21.099482640212));
#6653=CARTESIAN_POINT('Ctrl Pts',(37.5108072432652,-1.25000000000155,21.0957081699207));
#6654=CARTESIAN_POINT('Ctrl Pts',(37.2942019604851,-1.25000000000155,20.9767204723833));
#6655=CARTESIAN_POINT('Ctrl Pts',(37.2012291168787,-1.25000000000155,20.9256477355957));
#6656=CARTESIAN_POINT('',(37.9010925507166,-0.250000000001549,21.101637005806));
#6657=CARTESIAN_POINT('',(37.9010925507166,-1.25000000000155,21.101637005806));
#6658=CARTESIAN_POINT('Ctrl Pts',(37.9010925507166,-0.250000000001549,21.101637005806));
#6659=CARTESIAN_POINT('Ctrl Pts',(37.7592742824282,-0.250000000001549,21.099482640212));
#6660=CARTESIAN_POINT('Ctrl Pts',(37.5108072432652,-0.250000000001549,21.0957081699207));
#6661=CARTESIAN_POINT('Ctrl Pts',(37.2942019604851,-0.250000000001549,20.9767204723833));
#6662=CARTESIAN_POINT('Ctrl Pts',(37.2012291168787,-0.250000000001549,20.9256477355957));
#6663=CARTESIAN_POINT('Ctrl Pts',(38.5982272839167,-1.25000000000155,20.907912671566));
#6664=CARTESIAN_POINT('Ctrl Pts',(38.5982272839167,-0.250000000001549,20.907912671566));
#6665=CARTESIAN_POINT('Ctrl Pts',(38.5031534749833,-1.25000000000155,20.9642372587107));
#6666=CARTESIAN_POINT('Ctrl Pts',(38.5031534749833,-0.250000000001549,20.9642372587107));
#6667=CARTESIAN_POINT('Ctrl Pts',(38.2893210801012,-1.25000000000155,21.0909180080676));
#6668=CARTESIAN_POINT('Ctrl Pts',(38.2893210801012,-0.250000000001549,21.0909180080676));
#6669=CARTESIAN_POINT('Ctrl Pts',(38.0397176903987,-1.25000000000155,21.0978095628278));
#6670=CARTESIAN_POINT('Ctrl Pts',(38.0397176903987,-0.250000000001549,21.0978095628278));
#6671=CARTESIAN_POINT('Ctrl Pts',(37.9010925507166,-1.25000000000155,21.101637005806));
#6672=CARTESIAN_POINT('Ctrl Pts',(37.9010925507166,-0.250000000001549,21.101637005806));
#6673=CARTESIAN_POINT('',(38.5982272839167,-1.25000000000155,20.907912671566));
#6674=CARTESIAN_POINT('Ctrl Pts',(38.5982272839167,-1.25000000000155,20.907912671566));
#6675=CARTESIAN_POINT('Ctrl Pts',(38.5031534749833,-1.25000000000155,20.9642372587107));
#6676=CARTESIAN_POINT('Ctrl Pts',(38.2893210801012,-1.25000000000155,21.0909180080676));
#6677=CARTESIAN_POINT('Ctrl Pts',(38.0397176903987,-1.25000000000155,21.0978095628278));
#6678=CARTESIAN_POINT('Ctrl Pts',(37.9010925507166,-1.25000000000155,21.101637005806));
#6679=CARTESIAN_POINT('',(38.5982272839167,-0.250000000001549,20.907912671566));
#6680=CARTESIAN_POINT('',(38.5982272839167,-1.25000000000155,20.907912671566));
#6681=CARTESIAN_POINT('Ctrl Pts',(38.5982272839167,-0.250000000001549,20.907912671566));
#6682=CARTESIAN_POINT('Ctrl Pts',(38.5031534749833,-0.250000000001549,20.9642372587107));
#6683=CARTESIAN_POINT('Ctrl Pts',(38.2893210801012,-0.250000000001549,21.0909180080676));
#6684=CARTESIAN_POINT('Ctrl Pts',(38.0397176903987,-0.250000000001549,21.0978095628278));
#6685=CARTESIAN_POINT('Ctrl Pts',(37.9010925507166,-0.250000000001549,21.101637005806));
#6686=CARTESIAN_POINT('Ctrl Pts',(38.8751707291224,-1.25000000000155,20.3349248766899));
#6687=CARTESIAN_POINT('Ctrl Pts',(38.8751707291224,-0.250000000001549,20.3349248766899));
#6688=CARTESIAN_POINT('Ctrl Pts',(38.8560952893181,-1.25000000000155,20.4512845920419));
#6689=CARTESIAN_POINT('Ctrl Pts',(38.8560952893181,-0.250000000001549,20.4512845920419));
#6690=CARTESIAN_POINT('Ctrl Pts',(38.8201722607133,-1.25000000000155,20.6704141862177));
#6691=CARTESIAN_POINT('Ctrl Pts',(38.8201722607133,-0.250000000001549,20.6704141862177));
#6692=CARTESIAN_POINT('Ctrl Pts',(38.6690856116995,-1.25000000000155,20.832088718415));
#6693=CARTESIAN_POINT('Ctrl Pts',(38.6690856116995,-0.250000000001549,20.832088718415));
#6694=CARTESIAN_POINT('Ctrl Pts',(38.5982272839167,-1.25000000000155,20.907912671566));
#6695=CARTESIAN_POINT('Ctrl Pts',(38.5982272839167,-0.250000000001549,20.907912671566));
#6696=CARTESIAN_POINT('',(38.8751707291224,-1.25000000000155,20.3349248766899));
#6697=CARTESIAN_POINT('Ctrl Pts',(38.8751707291224,-1.25000000000155,20.3349248766899));
#6698=CARTESIAN_POINT('Ctrl Pts',(38.8560952893181,-1.25000000000155,20.4512845920419));
#6699=CARTESIAN_POINT('Ctrl Pts',(38.8201722607133,-1.25000000000155,20.6704141862177));
#6700=CARTESIAN_POINT('Ctrl Pts',(38.6690856116995,-1.25000000000155,20.832088718415));
#6701=CARTESIAN_POINT('Ctrl Pts',(38.5982272839167,-1.25000000000155,20.907912671566));
#6702=CARTESIAN_POINT('',(38.8751707291224,-0.250000000001549,20.3349248766899));
#6703=CARTESIAN_POINT('',(38.8751707291224,-1.25000000000155,20.3349248766899));
#6704=CARTESIAN_POINT('Ctrl Pts',(38.8751707291224,-0.250000000001549,20.3349248766899));
#6705=CARTESIAN_POINT('Ctrl Pts',(38.8560952893181,-0.250000000001549,20.4512845920419));
#6706=CARTESIAN_POINT('Ctrl Pts',(38.8201722607133,-0.250000000001549,20.6704141862177));
#6707=CARTESIAN_POINT('Ctrl Pts',(38.6690856116995,-0.250000000001549,20.832088718415));
#6708=CARTESIAN_POINT('Ctrl Pts',(38.5982272839167,-0.250000000001549,20.907912671566));
#6709=CARTESIAN_POINT('Origin',(39.3826744770624,-1.25000000000155,20.3731240034103));
#6710=CARTESIAN_POINT('',(39.3826744770624,-1.25000000000155,20.3731240034103));
#6711=CARTESIAN_POINT('',(-5.07353072740121,-1.25000000000155,17.0269650380676));
#6712=CARTESIAN_POINT('',(39.3826744770624,-0.250000000001549,20.3731240034103));
#6713=CARTESIAN_POINT('',(39.3826744770624,-1.25000000000155,20.3731240034103));
#6714=CARTESIAN_POINT('',(39.3826744770624,-0.250000000001549,20.3731240034103));
#6715=CARTESIAN_POINT('Ctrl Pts',(39.1862211441614,-1.25000000000155,21.0034103393555));
#6716=CARTESIAN_POINT('Ctrl Pts',(39.1862211441614,-0.250000000001549,21.0034103393555));
#6717=CARTESIAN_POINT('Ctrl Pts',(39.2401393248213,-1.25000000000155,20.9067241168424));
#6718=CARTESIAN_POINT('Ctrl Pts',(39.2401393248213,-0.250000000001549,20.9067241168424));
#6719=CARTESIAN_POINT('Ctrl Pts',(39.3496017616612,-1.25000000000155,20.7104357889428));
#6720=CARTESIAN_POINT('Ctrl Pts',(39.3496017616612,-0.250000000001549,20.7104357889428));
#6721=CARTESIAN_POINT('Ctrl Pts',(39.3715415990973,-1.25000000000155,20.4866692898788));
#6722=CARTESIAN_POINT('Ctrl Pts',(39.3715415990973,-0.250000000001549,20.4866692898788));
#6723=CARTESIAN_POINT('Ctrl Pts',(39.3826744770624,-1.25000000000155,20.3731240034103));
#6724=CARTESIAN_POINT('Ctrl Pts',(39.3826744770624,-0.250000000001549,20.3731240034103));
#6725=CARTESIAN_POINT('',(39.1862211441614,-1.25000000000155,21.0034103393555));
#6726=CARTESIAN_POINT('Ctrl Pts',(39.1862211441614,-1.25000000000155,21.0034103393555));
#6727=CARTESIAN_POINT('Ctrl Pts',(39.2401393248213,-1.25000000000155,20.9067241168424));
#6728=CARTESIAN_POINT('Ctrl Pts',(39.3496017616612,-1.25000000000155,20.7104357889428));
#6729=CARTESIAN_POINT('Ctrl Pts',(39.3715415990973,-1.25000000000155,20.4866692898788));
#6730=CARTESIAN_POINT('Ctrl Pts',(39.3826744770624,-1.25000000000155,20.3731240034103));
#6731=CARTESIAN_POINT('',(39.1862211441614,-0.250000000001549,21.0034103393555));
#6732=CARTESIAN_POINT('',(39.1862211441614,-1.25000000000155,21.0034103393555));
#6733=CARTESIAN_POINT('Ctrl Pts',(39.1862211441614,-0.250000000001549,21.0034103393555));
#6734=CARTESIAN_POINT('Ctrl Pts',(39.2401393248213,-0.250000000001549,20.9067241168424));
#6735=CARTESIAN_POINT('Ctrl Pts',(39.3496017616612,-0.250000000001549,20.7104357889428));
#6736=CARTESIAN_POINT('Ctrl Pts',(39.3715415990973,-0.250000000001549,20.4866692898788));
#6737=CARTESIAN_POINT('Ctrl Pts',(39.3826744770624,-0.250000000001549,20.3731240034103));
#6738=CARTESIAN_POINT('Ctrl Pts',(38.6637113308527,-1.25000000000155,21.4249656796455));
#6739=CARTESIAN_POINT('Ctrl Pts',(38.6637113308527,-0.250000000001549,21.4249656796455));
#6740=CARTESIAN_POINT('Ctrl Pts',(38.7695242853075,-1.25000000000155,21.3729104181505));
#6741=CARTESIAN_POINT('Ctrl Pts',(38.7695242853075,-0.250000000001549,21.3729104181505));
#6742=CARTESIAN_POINT('Ctrl Pts',(38.9755555914816,-1.25000000000155,21.2715521905657));
#6743=CARTESIAN_POINT('Ctrl Pts',(38.9755555914816,-0.250000000001549,21.2715521905657));
#6744=CARTESIAN_POINT('Ctrl Pts',(39.1172821138329,-1.25000000000155,21.0911581413942));
#6745=CARTESIAN_POINT('Ctrl Pts',(39.1172821138329,-0.250000000001549,21.0911581413942));
#6746=CARTESIAN_POINT('Ctrl Pts',(39.1862211441614,-1.25000000000155,21.0034103393555));
#6747=CARTESIAN_POINT('Ctrl Pts',(39.1862211441614,-0.250000000001549,21.0034103393555));
#6748=CARTESIAN_POINT('',(38.6637113308527,-1.25000000000155,21.4249656796455));
#6749=CARTESIAN_POINT('Ctrl Pts',(38.6637113308527,-1.25000000000155,21.4249656796455));
#6750=CARTESIAN_POINT('Ctrl Pts',(38.7695242853075,-1.25000000000155,21.3729104181505));
#6751=CARTESIAN_POINT('Ctrl Pts',(38.9755555914816,-1.25000000000155,21.2715521905657));
#6752=CARTESIAN_POINT('Ctrl Pts',(39.1172821138329,-1.25000000000155,21.0911581413942));
#6753=CARTESIAN_POINT('Ctrl Pts',(39.1862211441614,-1.25000000000155,21.0034103393555));
#6754=CARTESIAN_POINT('',(38.6637113308527,-0.250000000001549,21.4249656796455));
#6755=CARTESIAN_POINT('',(38.6637113308527,-1.25000000000155,21.4249656796455));
#6756=CARTESIAN_POINT('Ctrl Pts',(38.6637113308527,-0.250000000001549,21.4249656796455));
#6757=CARTESIAN_POINT('Ctrl Pts',(38.7695242853075,-0.250000000001549,21.3729104181505));
#6758=CARTESIAN_POINT('Ctrl Pts',(38.9755555914816,-0.250000000001549,21.2715521905657));
#6759=CARTESIAN_POINT('Ctrl Pts',(39.1172821138329,-0.250000000001549,21.0911581413942));
#6760=CARTESIAN_POINT('Ctrl Pts',(39.1862211441614,-0.250000000001549,21.0034103393555));
#6761=CARTESIAN_POINT('Ctrl Pts',(37.879264137707,-1.25000000000155,21.5682126283646));
#6762=CARTESIAN_POINT('Ctrl Pts',(37.879264137707,-0.250000000001549,21.5682126283646));
#6763=CARTESIAN_POINT('Ctrl Pts',(38.0201112335956,-1.25000000000155,21.5634815401083));
#6764=CARTESIAN_POINT('Ctrl Pts',(38.0201112335956,-0.250000000001549,21.5634815401083));
#6765=CARTESIAN_POINT('Ctrl Pts',(38.2888583120751,-1.25000000000155,21.5544542602848));
#6766=CARTESIAN_POINT('Ctrl Pts',(38.2888583120751,-0.250000000001549,21.5544542602848));
#6767=CARTESIAN_POINT('Ctrl Pts',(38.5428388997135,-1.25000000000155,21.4667196438998));
#6768=CARTESIAN_POINT('Ctrl Pts',(38.5428388997135,-0.250000000001549,21.4667196438998));
#6769=CARTESIAN_POINT('Ctrl Pts',(38.6637113308527,-1.25000000000155,21.4249656796455));
#6770=CARTESIAN_POINT('Ctrl Pts',(38.6637113308527,-0.250000000001549,21.4249656796455));
#6771=CARTESIAN_POINT('',(37.879264137707,-1.25000000000155,21.5682126283646));
#6772=CARTESIAN_POINT('Ctrl Pts',(37.879264137707,-1.25000000000155,21.5682126283646));
#6773=CARTESIAN_POINT('Ctrl Pts',(38.0201112335956,-1.25000000000155,21.5634815401083));
#6774=CARTESIAN_POINT('Ctrl Pts',(38.2888583120751,-1.25000000000155,21.5544542602848));
#6775=CARTESIAN_POINT('Ctrl Pts',(38.5428388997135,-1.25000000000155,21.4667196438998));
#6776=CARTESIAN_POINT('Ctrl Pts',(38.6637113308527,-1.25000000000155,21.4249656796455));
#6777=CARTESIAN_POINT('',(37.879264137707,-0.250000000001549,21.5682126283646));
#6778=CARTESIAN_POINT('',(37.879264137707,-1.25000000000155,21.5682126283646));
#6779=CARTESIAN_POINT('Ctrl Pts',(37.879264137707,-0.250000000001549,21.5682126283646));
#6780=CARTESIAN_POINT('Ctrl Pts',(38.0201112335956,-0.250000000001549,21.5634815401083));
#6781=CARTESIAN_POINT('Ctrl Pts',(38.2888583120751,-0.250000000001549,21.5544542602848));
#6782=CARTESIAN_POINT('Ctrl Pts',(38.5428388997135,-0.250000000001549,21.4667196438998));
#6783=CARTESIAN_POINT('Ctrl Pts',(38.6637113308527,-0.250000000001549,21.4249656796455));
#6784=CARTESIAN_POINT('Ctrl Pts',(37.1452937340357,-1.25000000000155,21.4317871332169));
#6785=CARTESIAN_POINT('Ctrl Pts',(37.1452937340357,-0.250000000001549,21.4317871332169));
#6786=CARTESIAN_POINT('Ctrl Pts',(37.2604102036307,-1.25000000000155,21.4715669639814));
#6787=CARTESIAN_POINT('Ctrl Pts',(37.2604102036307,-0.250000000001549,21.4715669639814));
#6788=CARTESIAN_POINT('Ctrl Pts',(37.4981322424309,-1.25000000000155,21.5537145707117));
#6789=CARTESIAN_POINT('Ctrl Pts',(37.4981322424309,-0.250000000001549,21.5537145707117));
#6790=CARTESIAN_POINT('Ctrl Pts',(37.7495796730021,-1.25000000000155,21.5632794992582));
#6791=CARTESIAN_POINT('Ctrl Pts',(37.7495796730021,-0.250000000001549,21.5632794992582));
#6792=CARTESIAN_POINT('Ctrl Pts',(37.879264137707,-1.25000000000155,21.5682126283646));
#6793=CARTESIAN_POINT('Ctrl Pts',(37.879264137707,-0.250000000001549,21.5682126283646));
#6794=CARTESIAN_POINT('',(37.1452937340357,-1.25000000000155,21.4317871332169));
#6795=CARTESIAN_POINT('Ctrl Pts',(37.1452937340357,-1.25000000000155,21.4317871332169));
#6796=CARTESIAN_POINT('Ctrl Pts',(37.2604102036307,-1.25000000000155,21.4715669639814));
#6797=CARTESIAN_POINT('Ctrl Pts',(37.4981322424309,-1.25000000000155,21.5537145707117));
#6798=CARTESIAN_POINT('Ctrl Pts',(37.7495796730021,-1.25000000000155,21.5632794992582));
#6799=CARTESIAN_POINT('Ctrl Pts',(37.879264137707,-1.25000000000155,21.5682126283646));
#6800=CARTESIAN_POINT('',(37.1452937340357,-0.250000000001549,21.4317871332169));
#6801=CARTESIAN_POINT('',(37.1452937340357,-1.25000000000155,21.4317871332169));
#6802=CARTESIAN_POINT('Ctrl Pts',(37.1452937340357,-0.250000000001549,21.4317871332169));
#6803=CARTESIAN_POINT('Ctrl Pts',(37.2604102036307,-0.250000000001549,21.4715669639814));
#6804=CARTESIAN_POINT('Ctrl Pts',(37.4981322424309,-0.250000000001549,21.5537145707117));
#6805=CARTESIAN_POINT('Ctrl Pts',(37.7495796730021,-0.250000000001549,21.5632794992582));
#6806=CARTESIAN_POINT('Ctrl Pts',(37.879264137707,-0.250000000001549,21.5682126283646));
#6807=CARTESIAN_POINT('Ctrl Pts',(36.6432473873713,-1.25000000000155,21.0320599079132));
#6808=CARTESIAN_POINT('Ctrl Pts',(36.6432473873713,-0.250000000001549,21.0320599079132));
#6809=CARTESIAN_POINT('Ctrl Pts',(36.7089062134477,-1.25000000000155,21.1152524586644));
#6810=CARTESIAN_POINT('Ctrl Pts',(36.7089062134477,-0.250000000001549,21.1152524586644));
#6811=CARTESIAN_POINT('Ctrl Pts',(36.8448566640487,-1.25000000000155,21.2875075146426));
#6812=CARTESIAN_POINT('Ctrl Pts',(36.8448566640487,-0.250000000001549,21.2875075146426));
#6813=CARTESIAN_POINT('Ctrl Pts',(37.042898479799,-1.25000000000155,21.3826136133655));
#6814=CARTESIAN_POINT('Ctrl Pts',(37.042898479799,-0.250000000001549,21.3826136133655));
#6815=CARTESIAN_POINT('Ctrl Pts',(37.1452937340357,-1.25000000000155,21.4317871332169));
#6816=CARTESIAN_POINT('Ctrl Pts',(37.1452937340357,-0.250000000001549,21.4317871332169));
#6817=CARTESIAN_POINT('',(36.6432473873713,-1.25000000000155,21.0320599079132));
#6818=CARTESIAN_POINT('Ctrl Pts',(36.6432473873713,-1.25000000000155,21.0320599079132));
#6819=CARTESIAN_POINT('Ctrl Pts',(36.7089062134477,-1.25000000000155,21.1152524586644));
#6820=CARTESIAN_POINT('Ctrl Pts',(36.8448566640487,-1.25000000000155,21.2875075146426));
#6821=CARTESIAN_POINT('Ctrl Pts',(37.042898479799,-1.25000000000155,21.3826136133655));
#6822=CARTESIAN_POINT('Ctrl Pts',(37.1452937340357,-1.25000000000155,21.4317871332169));
#6823=CARTESIAN_POINT('',(36.6432473873713,-0.250000000001549,21.0320599079132));
#6824=CARTESIAN_POINT('',(36.6432473873713,-1.25000000000155,21.0320599079132));
#6825=CARTESIAN_POINT('Ctrl Pts',(36.6432473873713,-0.250000000001549,21.0320599079132));
#6826=CARTESIAN_POINT('Ctrl Pts',(36.7089062134477,-0.250000000001549,21.1152524586644));
#6827=CARTESIAN_POINT('Ctrl Pts',(36.8448566640487,-0.250000000001549,21.2875075146426));
#6828=CARTESIAN_POINT('Ctrl Pts',(37.042898479799,-0.250000000001549,21.3826136133655));
#6829=CARTESIAN_POINT('Ctrl Pts',(37.1452937340357,-0.250000000001549,21.4317871332169));
#6830=CARTESIAN_POINT('Ctrl Pts',(36.4713511681177,-1.25000000000155,20.4658935666084));
#6831=CARTESIAN_POINT('Ctrl Pts',(36.4713511681177,-0.250000000001549,20.4658935666084));
#6832=CARTESIAN_POINT('Ctrl Pts',(36.4787952956054,-1.25000000000155,20.5656294516703));
#6833=CARTESIAN_POINT('Ctrl Pts',(36.4787952956054,-0.250000000001549,20.5656294516703));
#6834=CARTESIAN_POINT('Ctrl Pts',(36.4938337699223,-1.25000000000155,20.767113849735));
#6835=CARTESIAN_POINT('Ctrl Pts',(36.4938337699223,-0.250000000001549,20.767113849735));
#6836=CARTESIAN_POINT('Ctrl Pts',(36.5931122838158,-1.25000000000155,20.9431583854805));
#6837=CARTESIAN_POINT('Ctrl Pts',(36.5931122838158,-0.250000000001549,20.9431583854805));
#6838=CARTESIAN_POINT('Ctrl Pts',(36.6432473873713,-1.25000000000155,21.0320599079132));
#6839=CARTESIAN_POINT('Ctrl Pts',(36.6432473873713,-0.250000000001549,21.0320599079132));
#6840=CARTESIAN_POINT('',(36.4713511681177,-1.25000000000155,20.4658935666084));
#6841=CARTESIAN_POINT('Ctrl Pts',(36.4713511681177,-1.25000000000155,20.4658935666084));
#6842=CARTESIAN_POINT('Ctrl Pts',(36.4787952956054,-1.25000000000155,20.5656294516703));
#6843=CARTESIAN_POINT('Ctrl Pts',(36.4938337699223,-1.25000000000155,20.767113849735));
#6844=CARTESIAN_POINT('Ctrl Pts',(36.5931122838158,-1.25000000000155,20.9431583854805));
#6845=CARTESIAN_POINT('Ctrl Pts',(36.6432473873713,-1.25000000000155,21.0320599079132));
#6846=CARTESIAN_POINT('',(36.4713511681177,-0.250000000001549,20.4658935666084));
#6847=CARTESIAN_POINT('',(36.4713511681177,-1.25000000000155,20.4658935666084));
#6848=CARTESIAN_POINT('Ctrl Pts',(36.4713511681177,-0.250000000001549,20.4658935666084));
#6849=CARTESIAN_POINT('Ctrl Pts',(36.4787952956054,-0.250000000001549,20.5656294516703));
#6850=CARTESIAN_POINT('Ctrl Pts',(36.4938337699223,-0.250000000001549,20.767113849735));
#6851=CARTESIAN_POINT('Ctrl Pts',(36.5931122838158,-0.250000000001549,20.9431583854805));
#6852=CARTESIAN_POINT('Ctrl Pts',(36.6432473873713,-0.250000000001549,21.0320599079132));
#6853=CARTESIAN_POINT('Ctrl Pts',(36.6118703102686,-1.25000000000155,19.9679399728775));
#6854=CARTESIAN_POINT('Ctrl Pts',(36.6118703102686,-0.250000000001549,19.9679399728775));
#6855=CARTESIAN_POINT('Ctrl Pts',(36.5708873236112,-1.25000000000155,20.0448353709868));
#6856=CARTESIAN_POINT('Ctrl Pts',(36.5708873236112,-0.250000000001549,20.0448353709868));
#6857=CARTESIAN_POINT('Ctrl Pts',(36.4878967388677,-1.25000000000155,20.2005486211342));
#6858=CARTESIAN_POINT('Ctrl Pts',(36.4878967388677,-0.250000000001549,20.2005486211342));
#6859=CARTESIAN_POINT('Ctrl Pts',(36.4769115664406,-1.25000000000155,20.3767202396741));
#6860=CARTESIAN_POINT('Ctrl Pts',(36.4769115664406,-0.250000000001549,20.3767202396741));
#6861=CARTESIAN_POINT('Ctrl Pts',(36.4713511681177,-1.25000000000155,20.4658935666084));
#6862=CARTESIAN_POINT('Ctrl Pts',(36.4713511681177,-0.250000000001549,20.4658935666084));
#6863=CARTESIAN_POINT('',(36.6118703102686,-1.25000000000155,19.9679399728775));
#6864=CARTESIAN_POINT('Ctrl Pts',(36.6118703102686,-1.25000000000155,19.9679399728775));
#6865=CARTESIAN_POINT('Ctrl Pts',(36.5708873236112,-1.25000000000155,20.0448353709868));
#6866=CARTESIAN_POINT('Ctrl Pts',(36.4878967388677,-1.25000000000155,20.2005486211342));
#6867=CARTESIAN_POINT('Ctrl Pts',(36.4769115664406,-1.25000000000155,20.3767202396741));
#6868=CARTESIAN_POINT('Ctrl Pts',(36.4713511681177,-1.25000000000155,20.4658935666084));
#6869=CARTESIAN_POINT('',(36.6118703102686,-0.250000000001549,19.9679399728775));
#6870=CARTESIAN_POINT('',(36.6118703102686,-1.25000000000155,19.9679399728775));
#6871=CARTESIAN_POINT('Ctrl Pts',(36.6118703102686,-0.250000000001549,19.9679399728775));
#6872=CARTESIAN_POINT('Ctrl Pts',(36.5708873236112,-0.250000000001549,20.0448353709868));
#6873=CARTESIAN_POINT('Ctrl Pts',(36.4878967388677,-0.250000000001549,20.2005486211342));
#6874=CARTESIAN_POINT('Ctrl Pts',(36.4769115664406,-0.250000000001549,20.3767202396741));
#6875=CARTESIAN_POINT('Ctrl Pts',(36.4713511681177,-0.250000000001549,20.4658935666084));
#6876=CARTESIAN_POINT('Ctrl Pts',(37.0388815617182,-1.25000000000155,19.5954976677895));
#6877=CARTESIAN_POINT('Ctrl Pts',(37.0388815617182,-0.250000000001549,19.5954976677895));
#6878=CARTESIAN_POINT('Ctrl Pts',(36.9509179372852,-1.25000000000155,19.6463137863651));
#6879=CARTESIAN_POINT('Ctrl Pts',(36.9509179372852,-0.250000000001549,19.6463137863651));
#6880=CARTESIAN_POINT('Ctrl Pts',(36.7840324758132,-1.25000000000155,19.7427226309686));
#6881=CARTESIAN_POINT('Ctrl Pts',(36.7840324758132,-0.250000000001549,19.7427226309686));
#6882=CARTESIAN_POINT('Ctrl Pts',(36.6671467583468,-1.25000000000155,19.8956289940573));
#6883=CARTESIAN_POINT('Ctrl Pts',(36.6671467583468,-0.250000000001549,19.8956289940573));
#6884=CARTESIAN_POINT('Ctrl Pts',(36.6118703102686,-1.25000000000155,19.9679399728775));
#6885=CARTESIAN_POINT('Ctrl Pts',(36.6118703102686,-0.250000000001549,19.9679399728775));
#6886=CARTESIAN_POINT('',(37.0388815617182,-1.25000000000155,19.5954976677895));
#6887=CARTESIAN_POINT('Ctrl Pts',(37.0388815617182,-1.25000000000155,19.5954976677895));
#6888=CARTESIAN_POINT('Ctrl Pts',(36.9509179372852,-1.25000000000155,19.6463137863651));
#6889=CARTESIAN_POINT('Ctrl Pts',(36.7840324758132,-1.25000000000155,19.7427226309686));
#6890=CARTESIAN_POINT('Ctrl Pts',(36.6671467583468,-1.25000000000155,19.8956289940573));
#6891=CARTESIAN_POINT('Ctrl Pts',(36.6118703102686,-1.25000000000155,19.9679399728775));
#6892=CARTESIAN_POINT('',(37.0388815617182,-0.250000000001549,19.5954976677895));
#6893=CARTESIAN_POINT('',(37.0388815617182,-1.25000000000155,19.5954976677895));
#6894=CARTESIAN_POINT('Ctrl Pts',(37.0388815617182,-0.250000000001549,19.5954976677895));
#6895=CARTESIAN_POINT('Ctrl Pts',(36.9509179372852,-0.250000000001549,19.6463137863651));
#6896=CARTESIAN_POINT('Ctrl Pts',(36.7840324758132,-0.250000000001549,19.7427226309686));
#6897=CARTESIAN_POINT('Ctrl Pts',(36.6671467583468,-0.250000000001549,19.8956289940573));
#6898=CARTESIAN_POINT('Ctrl Pts',(36.6118703102686,-0.250000000001549,19.9679399728775));
#6899=CARTESIAN_POINT('Ctrl Pts',(37.8110513901331,-1.25000000000155,19.3458388447762));
#6900=CARTESIAN_POINT('Ctrl Pts',(37.8110513901331,-0.250000000001549,19.3458388447762));
#6901=CARTESIAN_POINT('Ctrl Pts',(37.6531237892319,-1.25000000000155,19.3835715206914));
#6902=CARTESIAN_POINT('Ctrl Pts',(37.6531237892319,-0.250000000001549,19.3835715206914));
#6903=CARTESIAN_POINT('Ctrl Pts',(37.3889873628785,-1.25000000000155,19.4466800217776));
#6904=CARTESIAN_POINT('Ctrl Pts',(37.3889873628785,-0.250000000001549,19.4466800217776));
#6905=CARTESIAN_POINT('Ctrl Pts',(37.1392860511613,-1.25000000000155,19.5528192553826));
#6906=CARTESIAN_POINT('Ctrl Pts',(37.1392860511613,-0.250000000001549,19.5528192553826));
#6907=CARTESIAN_POINT('Ctrl Pts',(37.0388815617182,-1.25000000000155,19.5954976677895));
#6908=CARTESIAN_POINT('Ctrl Pts',(37.0388815617182,-0.250000000001549,19.5954976677895));
#6909=CARTESIAN_POINT('',(37.8110513901331,-1.25000000000155,19.3458388447762));
#6910=CARTESIAN_POINT('Ctrl Pts',(37.8110513901331,-1.25000000000155,19.3458388447762));
#6911=CARTESIAN_POINT('Ctrl Pts',(37.6531237892319,-1.25000000000155,19.3835715206914));
#6912=CARTESIAN_POINT('Ctrl Pts',(37.3889873628785,-1.25000000000155,19.4466800217776));
#6913=CARTESIAN_POINT('Ctrl Pts',(37.1392860511613,-1.25000000000155,19.5528192553826));
#6914=CARTESIAN_POINT('Ctrl Pts',(37.0388815617182,-1.25000000000155,19.5954976677895));
#6915=CARTESIAN_POINT('',(37.8110513901331,-0.250000000001549,19.3458388447762));
#6916=CARTESIAN_POINT('',(37.8110513901331,-1.25000000000155,19.3458388447762));
#6917=CARTESIAN_POINT('Ctrl Pts',(37.8110513901331,-0.250000000001549,19.3458388447762));
#6918=CARTESIAN_POINT('Ctrl Pts',(37.6531237892319,-0.250000000001549,19.3835715206914));
#6919=CARTESIAN_POINT('Ctrl Pts',(37.3889873628785,-0.250000000001549,19.4466800217776));
#6920=CARTESIAN_POINT('Ctrl Pts',(37.1392860511613,-0.250000000001549,19.5528192553826));
#6921=CARTESIAN_POINT('Ctrl Pts',(37.0388815617182,-0.250000000001549,19.5954976677895));
#6922=CARTESIAN_POINT('Ctrl Pts',(38.5231933807947,-1.25000000000155,19.1507501602173));
#6923=CARTESIAN_POINT('Ctrl Pts',(38.5231933807947,-0.250000000001549,19.1507501602173));
#6924=CARTESIAN_POINT('Ctrl Pts',(38.4372527771251,-1.25000000000155,19.1783016653257));
#6925=CARTESIAN_POINT('Ctrl Pts',(38.4372527771251,-0.250000000001549,19.1783016653257));
#6926=CARTESIAN_POINT('Ctrl Pts',(38.2027307905711,-1.25000000000155,19.2534865422602));
#6927=CARTESIAN_POINT('Ctrl Pts',(38.2027307905711,-0.250000000001549,19.2534865422602));
#6928=CARTESIAN_POINT('Ctrl Pts',(37.9629588689155,-1.25000000000155,19.3100212719877));
#6929=CARTESIAN_POINT('Ctrl Pts',(37.9629588689155,-0.250000000001549,19.3100212719877));
#6930=CARTESIAN_POINT('Ctrl Pts',(37.8110513901331,-1.25000000000155,19.3458388447762));
#6931=CARTESIAN_POINT('Ctrl Pts',(37.8110513901331,-0.250000000001549,19.3458388447762));
#6932=CARTESIAN_POINT('',(38.5231933807947,-1.25000000000155,19.1507501602173));
#6933=CARTESIAN_POINT('Ctrl Pts',(38.5231933807947,-1.25000000000155,19.1507501602173));
#6934=CARTESIAN_POINT('Ctrl Pts',(38.4372527771251,-1.25000000000155,19.1783016653257));
#6935=CARTESIAN_POINT('Ctrl Pts',(38.2027307905711,-1.25000000000155,19.2534865422602));
#6936=CARTESIAN_POINT('Ctrl Pts',(37.9629588689155,-1.25000000000155,19.3100212719877));
#6937=CARTESIAN_POINT('Ctrl Pts',(37.8110513901331,-1.25000000000155,19.3458388447762));
#6938=CARTESIAN_POINT('',(38.5231933807947,-0.250000000001549,19.1507501602173));
#6939=CARTESIAN_POINT('',(38.5231933807947,-1.25000000000155,19.1507501602173));
#6940=CARTESIAN_POINT('Ctrl Pts',(38.5231933807947,-0.250000000001549,19.1507501602173));
#6941=CARTESIAN_POINT('Ctrl Pts',(38.4372527771251,-0.250000000001549,19.1783016653257));
#6942=CARTESIAN_POINT('Ctrl Pts',(38.2027307905711,-0.250000000001549,19.2534865422602));
#6943=CARTESIAN_POINT('Ctrl Pts',(37.9629588689155,-0.250000000001549,19.3100212719877));
#6944=CARTESIAN_POINT('Ctrl Pts',(37.8110513901331,-0.250000000001549,19.3458388447762));
#6945=CARTESIAN_POINT('Ctrl Pts',(38.8833568310358,-1.25000000000155,18.9147336483002));
#6946=CARTESIAN_POINT('Ctrl Pts',(38.8833568310358,-0.250000000001549,18.9147336483002));
#6947=CARTESIAN_POINT('Ctrl Pts',(38.8373256532818,-1.25000000000155,18.9610341423288));
#6948=CARTESIAN_POINT('Ctrl Pts',(38.8373256532818,-0.250000000001549,18.9610341423288));
#6949=CARTESIAN_POINT('Ctrl Pts',(38.7342099213052,-1.25000000000155,19.0647531772434));
#6950=CARTESIAN_POINT('Ctrl Pts',(38.7342099213052,-0.250000000001549,19.0647531772434));
#6951=CARTESIAN_POINT('Ctrl Pts',(38.5983854134334,-1.25000000000155,19.1201066479364));
#6952=CARTESIAN_POINT('Ctrl Pts',(38.5983854134334,-0.250000000001549,19.1201066479364));
#6953=CARTESIAN_POINT('Ctrl Pts',(38.5231933807947,-1.25000000000155,19.1507501602173));
#6954=CARTESIAN_POINT('Ctrl Pts',(38.5231933807947,-0.250000000001549,19.1507501602173));
#6955=CARTESIAN_POINT('',(38.8833568310358,-1.25000000000155,18.9147336483002));
#6956=CARTESIAN_POINT('Ctrl Pts',(38.8833568310358,-1.25000000000155,18.9147336483002));
#6957=CARTESIAN_POINT('Ctrl Pts',(38.8373256532818,-1.25000000000155,18.9610341423288));
#6958=CARTESIAN_POINT('Ctrl Pts',(38.7342099213052,-1.25000000000155,19.0647531772434));
#6959=CARTESIAN_POINT('Ctrl Pts',(38.5983854134334,-1.25000000000155,19.1201066479364));
#6960=CARTESIAN_POINT('Ctrl Pts',(38.5231933807947,-1.25000000000155,19.1507501602173));
#6961=CARTESIAN_POINT('',(38.8833568310358,-0.250000000001549,18.9147336483002));
#6962=CARTESIAN_POINT('',(38.8833568310358,-1.25000000000155,18.9147336483002));
#6963=CARTESIAN_POINT('Ctrl Pts',(38.8833568310358,-0.250000000001549,18.9147336483002));
#6964=CARTESIAN_POINT('Ctrl Pts',(38.8373256532818,-0.250000000001549,18.9610341423288));
#6965=CARTESIAN_POINT('Ctrl Pts',(38.7342099213052,-0.250000000001549,19.0647531772434));
#6966=CARTESIAN_POINT('Ctrl Pts',(38.5983854134334,-0.250000000001549,19.1201066479364));
#6967=CARTESIAN_POINT('Ctrl Pts',(38.5231933807947,-0.250000000001549,19.1507501602173));
#6968=CARTESIAN_POINT('Ctrl Pts',(38.9924977039911,-1.25000000000155,18.5859478712082));
#6969=CARTESIAN_POINT('Ctrl Pts',(38.9924977039911,-0.250000000001549,18.5859478712082));
#6970=CARTESIAN_POINT('Ctrl Pts',(38.9882352618131,-1.25000000000155,18.6463429708334));
#6971=CARTESIAN_POINT('Ctrl Pts',(38.9882352618131,-0.250000000001549,18.6463429708334));
#6972=CARTESIAN_POINT('Ctrl Pts',(38.9798391030385,-1.25000000000155,18.7653092405174));
#6973=CARTESIAN_POINT('Ctrl Pts',(38.9798391030385,-0.250000000001549,18.7653092405174));
#6974=CARTESIAN_POINT('Ctrl Pts',(38.9151871850688,-1.25000000000155,18.8654372158865));
#6975=CARTESIAN_POINT('Ctrl Pts',(38.9151871850688,-0.250000000001549,18.8654372158865));
#6976=CARTESIAN_POINT('Ctrl Pts',(38.8833568310358,-1.25000000000155,18.9147336483002));
#6977=CARTESIAN_POINT('Ctrl Pts',(38.8833568310358,-0.250000000001549,18.9147336483002));
#6978=CARTESIAN_POINT('',(38.9924977039911,-1.25000000000155,18.5859478712082));
#6979=CARTESIAN_POINT('Ctrl Pts',(38.9924977039911,-1.25000000000155,18.5859478712082));
#6980=CARTESIAN_POINT('Ctrl Pts',(38.9882352618131,-1.25000000000155,18.6463429708334));
#6981=CARTESIAN_POINT('Ctrl Pts',(38.9798391030385,-1.25000000000155,18.7653092405174));
#6982=CARTESIAN_POINT('Ctrl Pts',(38.9151871850688,-1.25000000000155,18.8654372158865));
#6983=CARTESIAN_POINT('Ctrl Pts',(38.8833568310358,-1.25000000000155,18.9147336483002));
#6984=CARTESIAN_POINT('',(38.9924977039911,-0.250000000001549,18.5859478712082));
#6985=CARTESIAN_POINT('',(38.9924977039911,-1.25000000000155,18.5859478712082));
#6986=CARTESIAN_POINT('Ctrl Pts',(38.9924977039911,-0.250000000001549,18.5859478712082));
#6987=CARTESIAN_POINT('Ctrl Pts',(38.9882352618131,-0.250000000001549,18.6463429708334));
#6988=CARTESIAN_POINT('Ctrl Pts',(38.9798391030385,-0.250000000001549,18.7653092405174));
#6989=CARTESIAN_POINT('Ctrl Pts',(38.9151871850688,-0.250000000001549,18.8654372158865));
#6990=CARTESIAN_POINT('Ctrl Pts',(38.8833568310358,-0.250000000001549,18.9147336483002));
#6991=CARTESIAN_POINT('Ctrl Pts',(38.8792643761255,-1.25000000000155,18.2435194849968));
#6992=CARTESIAN_POINT('Ctrl Pts',(38.8792643761255,-0.250000000001549,18.2435194849968));
#6993=CARTESIAN_POINT('Ctrl Pts',(38.9122893987069,-1.25000000000155,18.2966532617128));
#6994=CARTESIAN_POINT('Ctrl Pts',(38.9122893987069,-0.250000000001549,18.2966532617128));
#6995=CARTESIAN_POINT('Ctrl Pts',(38.9776026398133,-1.25000000000155,18.4017353751615));
#6996=CARTESIAN_POINT('Ctrl Pts',(38.9776026398133,-0.250000000001549,18.4017353751615));
#6997=CARTESIAN_POINT('Ctrl Pts',(38.9875701640862,-1.25000000000155,18.525007252596));
#6998=CARTESIAN_POINT('Ctrl Pts',(38.9875701640862,-0.250000000001549,18.525007252596));
#6999=CARTESIAN_POINT('Ctrl Pts',(38.9924977039911,-1.25000000000155,18.5859478712082));
#7000=CARTESIAN_POINT('Ctrl Pts',(38.9924977039911,-0.250000000001549,18.5859478712082));
#7001=CARTESIAN_POINT('',(38.8792643761255,-1.25000000000155,18.2435194849968));
#7002=CARTESIAN_POINT('Ctrl Pts',(38.8792643761255,-1.25000000000155,18.2435194849968));
#7003=CARTESIAN_POINT('Ctrl Pts',(38.9122893987069,-1.25000000000155,18.2966532617128));
#7004=CARTESIAN_POINT('Ctrl Pts',(38.9776026398133,-1.25000000000155,18.4017353751615));
#7005=CARTESIAN_POINT('Ctrl Pts',(38.9875701640862,-1.25000000000155,18.525007252596));
#7006=CARTESIAN_POINT('Ctrl Pts',(38.9924977039911,-1.25000000000155,18.5859478712082));
#7007=CARTESIAN_POINT('',(38.8792643761255,-0.250000000001549,18.2435194849968));
#7008=CARTESIAN_POINT('',(38.8792643761255,-1.25000000000155,18.2435194849968));
#7009=CARTESIAN_POINT('Ctrl Pts',(38.8792643761255,-0.250000000001549,18.2435194849968));
#7010=CARTESIAN_POINT('Ctrl Pts',(38.9122893987069,-0.250000000001549,18.2966532617128));
#7011=CARTESIAN_POINT('Ctrl Pts',(38.9776026398133,-0.250000000001549,18.4017353751615));
#7012=CARTESIAN_POINT('Ctrl Pts',(38.9875701640862,-0.250000000001549,18.525007252596));
#7013=CARTESIAN_POINT('Ctrl Pts',(38.9924977039911,-0.250000000001549,18.5859478712082));
#7014=CARTESIAN_POINT('Ctrl Pts',(38.5341069912531,-1.25000000000155,17.9965893626213));
#7015=CARTESIAN_POINT('Ctrl Pts',(38.5341069912531,-0.250000000001549,17.9965893626213));
#7016=CARTESIAN_POINT('Ctrl Pts',(38.6049892563012,-1.25000000000155,18.0274283037752));
#7017=CARTESIAN_POINT('Ctrl Pts',(38.6049892563012,-0.250000000001549,18.0274283037752));
#7018=CARTESIAN_POINT('Ctrl Pts',(38.737915242969,-1.25000000000155,18.0852607767906));
#7019=CARTESIAN_POINT('Ctrl Pts',(38.737915242969,-0.250000000001549,18.0852607767906));
#7020=CARTESIAN_POINT('Ctrl Pts',(38.8342839207216,-1.25000000000155,18.1931580246341));
#7021=CARTESIAN_POINT('Ctrl Pts',(38.8342839207216,-0.250000000001549,18.1931580246341));
#7022=CARTESIAN_POINT('Ctrl Pts',(38.8792643761255,-1.25000000000155,18.2435194849968));
#7023=CARTESIAN_POINT('Ctrl Pts',(38.8792643761255,-0.250000000001549,18.2435194849968));
#7024=CARTESIAN_POINT('',(38.5341069912531,-1.25000000000155,17.9965893626213));
#7025=CARTESIAN_POINT('Ctrl Pts',(38.5341069912531,-1.25000000000155,17.9965893626213));
#7026=CARTESIAN_POINT('Ctrl Pts',(38.6049892563012,-1.25000000000155,18.0274283037752));
#7027=CARTESIAN_POINT('Ctrl Pts',(38.737915242969,-1.25000000000155,18.0852607767906));
#7028=CARTESIAN_POINT('Ctrl Pts',(38.8342839207216,-1.25000000000155,18.1931580246341));
#7029=CARTESIAN_POINT('Ctrl Pts',(38.8792643761255,-1.25000000000155,18.2435194849968));
#7030=CARTESIAN_POINT('',(38.5341069912531,-0.250000000001549,17.9965893626213));
#7031=CARTESIAN_POINT('',(38.5341069912531,-1.25000000000155,17.9965893626213));
#7032=CARTESIAN_POINT('Ctrl Pts',(38.5341069912531,-0.250000000001549,17.9965893626213));
#7033=CARTESIAN_POINT('Ctrl Pts',(38.6049892563012,-0.250000000001549,18.0274283037752));
#7034=CARTESIAN_POINT('Ctrl Pts',(38.737915242969,-0.250000000001549,18.0852607767906));
#7035=CARTESIAN_POINT('Ctrl Pts',(38.8342839207216,-0.250000000001549,18.1931580246341));
#7036=CARTESIAN_POINT('Ctrl Pts',(38.8792643761255,-0.250000000001549,18.2435194849968));
#7037=CARTESIAN_POINT('Ctrl Pts',(37.9993186211207,-1.25000000000155,17.9065482020378));
#7038=CARTESIAN_POINT('Ctrl Pts',(37.9993186211207,-0.250000000001549,17.9065482020378));
#7039=CARTESIAN_POINT('Ctrl Pts',(38.0951525721154,-1.25000000000155,17.9094854213505));
#7040=CARTESIAN_POINT('Ctrl Pts',(38.0951525721154,-0.250000000001549,17.9094854213505));
#7041=CARTESIAN_POINT('Ctrl Pts',(38.2776444659099,-1.25000000000155,17.9150786240651));
#7042=CARTESIAN_POINT('Ctrl Pts',(38.2776444659099,-0.250000000001549,17.9150786240651));
#7043=CARTESIAN_POINT('Ctrl Pts',(38.4515339712108,-1.25000000000155,17.9703454198096));
#7044=CARTESIAN_POINT('Ctrl Pts',(38.4515339712108,-0.250000000001549,17.9703454198096));
#7045=CARTESIAN_POINT('Ctrl Pts',(38.5341069912531,-1.25000000000155,17.9965893626213));
#7046=CARTESIAN_POINT('Ctrl Pts',(38.5341069912531,-0.250000000001549,17.9965893626213));
#7047=CARTESIAN_POINT('',(37.9993186211207,-1.25000000000155,17.9065482020378));
#7048=CARTESIAN_POINT('Ctrl Pts',(37.9993186211207,-1.25000000000155,17.9065482020378));
#7049=CARTESIAN_POINT('Ctrl Pts',(38.0951525721154,-1.25000000000155,17.9094854213505));
#7050=CARTESIAN_POINT('Ctrl Pts',(38.2776444659099,-1.25000000000155,17.9150786240651));
#7051=CARTESIAN_POINT('Ctrl Pts',(38.4515339712108,-1.25000000000155,17.9703454198096));
#7052=CARTESIAN_POINT('Ctrl Pts',(38.5341069912531,-1.25000000000155,17.9965893626213));
#7053=CARTESIAN_POINT('',(37.9993186211207,-0.250000000001549,17.9065482020378));
#7054=CARTESIAN_POINT('',(37.9993186211207,-1.25000000000155,17.9065482020378));
#7055=CARTESIAN_POINT('Ctrl Pts',(37.9993186211207,-0.250000000001549,17.9065482020378));
#7056=CARTESIAN_POINT('Ctrl Pts',(38.0951525721154,-0.250000000001549,17.9094854213505));
#7057=CARTESIAN_POINT('Ctrl Pts',(38.2776444659099,-0.250000000001549,17.9150786240651));
#7058=CARTESIAN_POINT('Ctrl Pts',(38.4515339712108,-0.250000000001549,17.9703454198096));
#7059=CARTESIAN_POINT('Ctrl Pts',(38.5341069912531,-0.250000000001549,17.9965893626213));
#7060=CARTESIAN_POINT('Ctrl Pts',(37.3854027008631,-1.25000000000155,18.0252383351326));
#7061=CARTESIAN_POINT('Ctrl Pts',(37.3854027008631,-0.250000000001549,18.0252383351326));
#7062=CARTESIAN_POINT('Ctrl Pts',(37.4810652230496,-1.25000000000155,17.9906321187651));
#7063=CARTESIAN_POINT('Ctrl Pts',(37.4810652230496,-0.250000000001549,17.9906321187651));
#7064=CARTESIAN_POINT('Ctrl Pts',(37.6793623749421,-1.25000000000155,17.9188975043457));
#7065=CARTESIAN_POINT('Ctrl Pts',(37.6793623749421,-0.250000000001549,17.9188975043457));
#7066=CARTESIAN_POINT('Ctrl Pts',(37.890195581094,-1.25000000000155,17.9107600073272));
#7067=CARTESIAN_POINT('Ctrl Pts',(37.890195581094,-0.250000000001549,17.9107600073272));
#7068=CARTESIAN_POINT('Ctrl Pts',(37.9993186211207,-1.25000000000155,17.9065482020378));
#7069=CARTESIAN_POINT('Ctrl Pts',(37.9993186211207,-0.250000000001549,17.9065482020378));
#7070=CARTESIAN_POINT('',(37.3854027008631,-1.25000000000155,18.0252383351326));
#7071=CARTESIAN_POINT('Ctrl Pts',(37.3854027008631,-1.25000000000155,18.0252383351326));
#7072=CARTESIAN_POINT('Ctrl Pts',(37.4810652230496,-1.25000000000155,17.9906321187651));
#7073=CARTESIAN_POINT('Ctrl Pts',(37.6793623749421,-1.25000000000155,17.9188975043457));
#7074=CARTESIAN_POINT('Ctrl Pts',(37.890195581094,-1.25000000000155,17.9107600073272));
#7075=CARTESIAN_POINT('Ctrl Pts',(37.9993186211207,-1.25000000000155,17.9065482020378));
#7076=CARTESIAN_POINT('',(37.3854027008631,-0.250000000001549,18.0252383351326));
#7077=CARTESIAN_POINT('',(37.3854027008631,-1.25000000000155,18.0252383351326));
#7078=CARTESIAN_POINT('Ctrl Pts',(37.3854027008631,-0.250000000001549,18.0252383351326));
#7079=CARTESIAN_POINT('Ctrl Pts',(37.4810652230496,-0.250000000001549,17.9906321187651));
#7080=CARTESIAN_POINT('Ctrl Pts',(37.6793623749421,-0.250000000001549,17.9188975043457));
#7081=CARTESIAN_POINT('Ctrl Pts',(37.890195581094,-0.250000000001549,17.9107600073272));
#7082=CARTESIAN_POINT('Ctrl Pts',(37.9993186211207,-0.250000000001549,17.9065482020378));
#7083=CARTESIAN_POINT('Ctrl Pts',(36.9829473709681,-1.25000000000155,18.3362890481949));
#7084=CARTESIAN_POINT('Ctrl Pts',(36.9829473709681,-0.250000000001549,18.3362890481949));
#7085=CARTESIAN_POINT('Ctrl Pts',(37.0347880779437,-1.25000000000155,18.2741230687825));
#7086=CARTESIAN_POINT('Ctrl Pts',(37.0347880779437,-0.250000000001549,18.2741230687825));
#7087=CARTESIAN_POINT('Ctrl Pts',(37.1457682619303,-1.25000000000155,18.1410386215326));
#7088=CARTESIAN_POINT('Ctrl Pts',(37.1457682619303,-0.250000000001549,18.1410386215326));
#7089=CARTESIAN_POINT('Ctrl Pts',(37.3020974831757,-1.25000000000155,18.0654945191343));
#7090=CARTESIAN_POINT('Ctrl Pts',(37.3020974831757,-0.250000000001549,18.0654945191343));
#7091=CARTESIAN_POINT('Ctrl Pts',(37.3854027008631,-1.25000000000155,18.0252383351326));
#7092=CARTESIAN_POINT('Ctrl Pts',(37.3854027008631,-0.250000000001549,18.0252383351326));
#7093=CARTESIAN_POINT('',(36.9829473709681,-1.25000000000155,18.3362890481949));
#7094=CARTESIAN_POINT('Ctrl Pts',(36.9829473709681,-1.25000000000155,18.3362890481949));
#7095=CARTESIAN_POINT('Ctrl Pts',(37.0347880779437,-1.25000000000155,18.2741230687825));
#7096=CARTESIAN_POINT('Ctrl Pts',(37.1457682619303,-1.25000000000155,18.1410386215326));
#7097=CARTESIAN_POINT('Ctrl Pts',(37.3020974831757,-1.25000000000155,18.0654945191343));
#7098=CARTESIAN_POINT('Ctrl Pts',(37.3854027008631,-1.25000000000155,18.0252383351326));
#7099=CARTESIAN_POINT('',(36.9829473709681,-0.250000000001549,18.3362890481949));
#7100=CARTESIAN_POINT('',(36.9829473709681,-1.25000000000155,18.3362890481949));
#7101=CARTESIAN_POINT('Ctrl Pts',(36.9829473709681,-0.250000000001549,18.3362890481949));
#7102=CARTESIAN_POINT('Ctrl Pts',(37.0347880779437,-0.250000000001549,18.2741230687825));
#7103=CARTESIAN_POINT('Ctrl Pts',(37.1457682619303,-0.250000000001549,18.1410386215326));
#7104=CARTESIAN_POINT('Ctrl Pts',(37.3020974831757,-0.250000000001549,18.0654945191343));
#7105=CARTESIAN_POINT('Ctrl Pts',(37.3854027008631,-0.250000000001549,18.0252383351326));
#7106=CARTESIAN_POINT('Ctrl Pts',(36.8178723072626,-1.25000000000155,18.8287855386734));
#7107=CARTESIAN_POINT('Ctrl Pts',(36.8178723072626,-0.250000000001549,18.8287855386734));
#7108=CARTESIAN_POINT('Ctrl Pts',(36.8319582227886,-1.25000000000155,18.7357993228246));
#7109=CARTESIAN_POINT('Ctrl Pts',(36.8319582227886,-0.250000000001549,18.7357993228246));
#7110=CARTESIAN_POINT('Ctrl Pts',(36.8583216140029,-1.25000000000155,18.5617650556557));
#7111=CARTESIAN_POINT('Ctrl Pts',(36.8583216140029,-0.250000000001549,18.5617650556557));
#7112=CARTESIAN_POINT('Ctrl Pts',(36.9433496646035,-1.25000000000155,18.407930199696));
#7113=CARTESIAN_POINT('Ctrl Pts',(36.9433496646035,-0.250000000001549,18.407930199696));
#7114=CARTESIAN_POINT('Ctrl Pts',(36.9829473709681,-1.25000000000155,18.3362890481949));
#7115=CARTESIAN_POINT('Ctrl Pts',(36.9829473709681,-0.250000000001549,18.3362890481949));
#7116=CARTESIAN_POINT('',(36.8178723072626,-1.25000000000155,18.8287855386734));
#7117=CARTESIAN_POINT('Ctrl Pts',(36.8178723072626,-1.25000000000155,18.8287855386734));
#7118=CARTESIAN_POINT('Ctrl Pts',(36.8319582227886,-1.25000000000155,18.7357993228246));
#7119=CARTESIAN_POINT('Ctrl Pts',(36.8583216140029,-1.25000000000155,18.5617650556557));
#7120=CARTESIAN_POINT('Ctrl Pts',(36.9433496646035,-1.25000000000155,18.407930199696));
#7121=CARTESIAN_POINT('Ctrl Pts',(36.9829473709681,-1.25000000000155,18.3362890481949));
#7122=CARTESIAN_POINT('',(36.8178723072626,-0.250000000001549,18.8287855386734));
#7123=CARTESIAN_POINT('',(36.8178723072626,-1.25000000000155,18.8287855386734));
#7124=CARTESIAN_POINT('Ctrl Pts',(36.8178723072626,-0.250000000001549,18.8287855386734));
#7125=CARTESIAN_POINT('Ctrl Pts',(36.8319582227886,-0.250000000001549,18.7357993228246));
#7126=CARTESIAN_POINT('Ctrl Pts',(36.8583216140029,-0.250000000001549,18.5617650556557));
#7127=CARTESIAN_POINT('Ctrl Pts',(36.9433496646035,-0.250000000001549,18.407930199696));
#7128=CARTESIAN_POINT('Ctrl Pts',(36.9829473709681,-0.250000000001549,18.3362890481949));
#7129=CARTESIAN_POINT('Origin',(36.318554661236,-1.25000000000155,18.7851293087006));
#7130=CARTESIAN_POINT('',(36.318554661236,-1.25000000000155,18.7851293087006));
#7131=CARTESIAN_POINT('',(-6.58397084481592,-1.25000000000155,15.0340851891663));
#7132=CARTESIAN_POINT('',(36.318554661236,-0.250000000001549,18.7851293087006));
#7133=CARTESIAN_POINT('',(36.318554661236,-1.25000000000155,18.7851293087006));
#7134=CARTESIAN_POINT('',(36.318554661236,-0.250000000001549,18.7851293087006));
#7135=CARTESIAN_POINT('Ctrl Pts',(36.5382001614191,-1.25000000000155,18.0661661624908));
#7136=CARTESIAN_POINT('Ctrl Pts',(36.5382001614191,-0.250000000001549,18.0661661624908));
#7137=CARTESIAN_POINT('Ctrl Pts',(36.4768431613933,-1.25000000000155,18.1765153214748));
#7138=CARTESIAN_POINT('Ctrl Pts',(36.4768431613933,-0.250000000001549,18.1765153214748));
#7139=CARTESIAN_POINT('Ctrl Pts',(36.3523606825865,-1.25000000000155,18.4003942079718));
#7140=CARTESIAN_POINT('Ctrl Pts',(36.3523606825865,-0.250000000001549,18.4003942079718));
#7141=CARTESIAN_POINT('Ctrl Pts',(36.329929558713,-1.25000000000155,18.6556753785495));
#7142=CARTESIAN_POINT('Ctrl Pts',(36.329929558713,-0.250000000001549,18.6556753785495));
#7143=CARTESIAN_POINT('Ctrl Pts',(36.318554661236,-1.25000000000155,18.7851293087006));
#7144=CARTESIAN_POINT('Ctrl Pts',(36.318554661236,-0.250000000001549,18.7851293087006));
#7145=CARTESIAN_POINT('Ctrl Pts',(36.5382001614191,-1.25000000000155,18.0661661624908));
#7146=CARTESIAN_POINT('Ctrl Pts',(36.4768431613933,-1.25000000000155,18.1765153214748));
#7147=CARTESIAN_POINT('Ctrl Pts',(36.3523606825865,-1.25000000000155,18.4003942079718));
#7148=CARTESIAN_POINT('Ctrl Pts',(36.329929558713,-1.25000000000155,18.6556753785495));
#7149=CARTESIAN_POINT('Ctrl Pts',(36.318554661236,-1.25000000000155,18.7851293087006));
#7150=CARTESIAN_POINT('Ctrl Pts',(36.5382001614191,-0.250000000001549,18.0661661624908));
#7151=CARTESIAN_POINT('Ctrl Pts',(36.4768431613933,-0.250000000001549,18.1765153214748));
#7152=CARTESIAN_POINT('Ctrl Pts',(36.3523606825865,-0.250000000001549,18.4003942079718));
#7153=CARTESIAN_POINT('Ctrl Pts',(36.329929558713,-0.250000000001549,18.6556753785495));
#7154=CARTESIAN_POINT('Ctrl Pts',(36.318554661236,-0.250000000001549,18.7851293087006));
#7155=CARTESIAN_POINT('Origin',(30.5000002374866,-0.250000000001549,19.4999998509884));
#7156=CARTESIAN_POINT('Origin',(35.5654833531,-1.25000000000155,21.4999998807907));
#7157=CARTESIAN_POINT('',(35.5654833531,-1.25000000000155,21.4999998807907));
#7158=CARTESIAN_POINT('',(35.5654833531,-1.25000000000155,17.4999998211861));
#7159=CARTESIAN_POINT('',(35.5654833531,-1.25000000000154,10.7499999403954));
#7160=CARTESIAN_POINT('',(35.5654833531,-0.250000000001549,21.4999998807907));
#7161=CARTESIAN_POINT('',(35.5654833531,-1.25000000000155,21.4999998807907));
#7162=CARTESIAN_POINT('',(35.5654833531,-0.250000000001549,17.4999998211861));
#7163=CARTESIAN_POINT('',(35.5654833531,-0.250000000001549,21.4999998807907));
#7164=CARTESIAN_POINT('',(35.5654833531,-1.25000000000155,17.4999998211861));
#7165=CARTESIAN_POINT('Origin',(35.0361523842432,-1.25000000000155,21.4999998807907));
#7166=CARTESIAN_POINT('',(35.0361523842432,-1.25000000000155,21.4999998807907));
#7167=CARTESIAN_POINT('',(-6.73192380787873,-1.25000000000155,21.4999998807907));
#7168=CARTESIAN_POINT('',(35.0361523842432,-0.250000000001549,21.4999998807907));
#7169=CARTESIAN_POINT('',(35.0361523842432,-1.25000000000155,21.4999998807907));
#7170=CARTESIAN_POINT('',(35.0361523842432,-0.250000000001549,21.4999998807907));
#7171=CARTESIAN_POINT('Origin',(35.0361523842432,-1.25000000000155,17.4999998211861));
#7172=CARTESIAN_POINT('',(35.0361523842432,-1.25000000000155,17.4999998211861));
#7173=CARTESIAN_POINT('',(35.0361523842432,-1.25000000000154,8.74999991059303));
#7174=CARTESIAN_POINT('',(35.0361523842432,-0.250000000001549,17.4999998211861));
#7175=CARTESIAN_POINT('',(35.0361523842432,-1.25000000000155,17.4999998211861));
#7176=CARTESIAN_POINT('',(35.0361523842432,-0.250000000001549,17.4999998211861));
#7177=CARTESIAN_POINT('Origin',(35.5654833531,-1.25000000000155,17.4999998211861));
#7178=CARTESIAN_POINT('',(-6.46725832345032,-1.25000000000155,17.4999998211861));
#7179=CARTESIAN_POINT('',(35.5654833531,-0.250000000001549,17.4999998211861));
#7180=CARTESIAN_POINT('Origin',(30.5000002374866,-0.250000000001549,19.4999998509884));
#7181=CARTESIAN_POINT('Origin',(32.4522505020716,-1.25000000000155,18.8942698836327));
#7182=CARTESIAN_POINT('',(32.4522505020716,-1.25000000000155,18.8942698836327));
#7183=CARTESIAN_POINT('',(31.4481578087427,-1.25000000000155,17.4999998211861));
#7184=CARTESIAN_POINT('',(14.1492751413735,-1.25000000000154,-6.52100379445292));
#7185=CARTESIAN_POINT('',(32.4522505020716,-0.250000000001549,18.8942698836327));
#7186=CARTESIAN_POINT('',(32.4522505020716,-1.25000000000155,18.8942698836327));
#7187=CARTESIAN_POINT('',(31.4481578087427,-0.250000000001549,17.4999998211861));
#7188=CARTESIAN_POINT('',(32.4522505020716,-0.250000000001549,18.8942698836327));
#7189=CARTESIAN_POINT('',(31.4481578087427,-1.25000000000155,17.4999998211861));
#7190=CARTESIAN_POINT('Ctrl Pts',(32.643246433697,-1.25000000000155,19.1944063901901));
#7191=CARTESIAN_POINT('Ctrl Pts',(32.643246433697,-0.250000000001549,19.1944063901901));
#7192=CARTESIAN_POINT('Ctrl Pts',(32.6055292497216,-1.25000000000155,19.1327062393748));
#7193=CARTESIAN_POINT('Ctrl Pts',(32.6055292497216,-0.250000000001549,19.1327062393748));
#7194=CARTESIAN_POINT('Ctrl Pts',(32.5436661401531,-1.25000000000155,19.0315066590251));
#7195=CARTESIAN_POINT('Ctrl Pts',(32.5436661401531,-0.250000000001549,19.0315066590251));
#7196=CARTESIAN_POINT('Ctrl Pts',(32.4779142615942,-1.25000000000155,18.9327973355572));
#7197=CARTESIAN_POINT('Ctrl Pts',(32.4779142615942,-0.250000000001549,18.9327973355572));
#7198=CARTESIAN_POINT('Ctrl Pts',(32.4522505020716,-1.25000000000155,18.8942698836327));
#7199=CARTESIAN_POINT('Ctrl Pts',(32.4522505020716,-0.250000000001549,18.8942698836327));
#7200=CARTESIAN_POINT('',(32.643246433697,-1.25000000000155,19.1944063901901));
#7201=CARTESIAN_POINT('Ctrl Pts',(32.643246433697,-1.25000000000155,19.1944063901901));
#7202=CARTESIAN_POINT('Ctrl Pts',(32.6055292497216,-1.25000000000155,19.1327062393748));
#7203=CARTESIAN_POINT('Ctrl Pts',(32.5436661401531,-1.25000000000155,19.0315066590251));
#7204=CARTESIAN_POINT('Ctrl Pts',(32.4779142615942,-1.25000000000155,18.9327973355572));
#7205=CARTESIAN_POINT('Ctrl Pts',(32.4522505020716,-1.25000000000155,18.8942698836327));
#7206=CARTESIAN_POINT('',(32.643246433697,-0.250000000001549,19.1944063901901));
#7207=CARTESIAN_POINT('',(32.643246433697,-1.25000000000155,19.1944063901901));
#7208=CARTESIAN_POINT('Ctrl Pts',(32.643246433697,-0.250000000001549,19.1944063901901));
#7209=CARTESIAN_POINT('Ctrl Pts',(32.6055292497216,-0.250000000001549,19.1327062393748));
#7210=CARTESIAN_POINT('Ctrl Pts',(32.5436661401531,-0.250000000001549,19.0315066590251));
#7211=CARTESIAN_POINT('Ctrl Pts',(32.4779142615942,-0.250000000001549,18.9327973355572));
#7212=CARTESIAN_POINT('Ctrl Pts',(32.4522505020716,-0.250000000001549,18.8942698836327));
#7213=CARTESIAN_POINT('Ctrl Pts',(32.8178713535883,-1.25000000000155,18.9270119071007));
#7214=CARTESIAN_POINT('Ctrl Pts',(32.8178713535883,-0.250000000001549,18.9270119071007));
#7215=CARTESIAN_POINT('Ctrl Pts',(32.788981363996,-1.25000000000155,18.9696015280933));
#7216=CARTESIAN_POINT('Ctrl Pts',(32.788981363996,-0.250000000001549,18.9696015280933));
#7217=CARTESIAN_POINT('Ctrl Pts',(32.7292123855252,-1.25000000000155,19.0577129527115));
#7218=CARTESIAN_POINT('Ctrl Pts',(32.7292123855252,-0.250000000001549,19.0577129527115));
#7219=CARTESIAN_POINT('Ctrl Pts',(32.6725305064462,-1.25000000000155,19.1478421344314));
#7220=CARTESIAN_POINT('Ctrl Pts',(32.6725305064462,-0.250000000001549,19.1478421344314));
#7221=CARTESIAN_POINT('Ctrl Pts',(32.643246433697,-1.25000000000155,19.1944063901901));
#7222=CARTESIAN_POINT('Ctrl Pts',(32.643246433697,-0.250000000001549,19.1944063901901));
#7223=CARTESIAN_POINT('',(32.8178713535883,-1.25000000000155,18.9270119071007));
#7224=CARTESIAN_POINT('Ctrl Pts',(32.8178713535883,-1.25000000000155,18.9270119071007));
#7225=CARTESIAN_POINT('Ctrl Pts',(32.788981363996,-1.25000000000155,18.9696015280933));
#7226=CARTESIAN_POINT('Ctrl Pts',(32.7292123855252,-1.25000000000155,19.0577129527115));
#7227=CARTESIAN_POINT('Ctrl Pts',(32.6725305064462,-1.25000000000155,19.1478421344314));
#7228=CARTESIAN_POINT('Ctrl Pts',(32.643246433697,-1.25000000000155,19.1944063901901));
#7229=CARTESIAN_POINT('',(32.8178713535883,-0.250000000001549,18.9270119071007));
#7230=CARTESIAN_POINT('',(32.8178713535883,-1.25000000000155,18.9270119071007));
#7231=CARTESIAN_POINT('Ctrl Pts',(32.8178713535883,-0.250000000001549,18.9270119071007));
#7232=CARTESIAN_POINT('Ctrl Pts',(32.788981363996,-0.250000000001549,18.9696015280933));
#7233=CARTESIAN_POINT('Ctrl Pts',(32.7292123855252,-0.250000000001549,19.0577129527115));
#7234=CARTESIAN_POINT('Ctrl Pts',(32.6725305064462,-0.250000000001549,19.1478421344314));
#7235=CARTESIAN_POINT('Ctrl Pts',(32.643246433697,-0.250000000001549,19.1944063901901));
#7236=CARTESIAN_POINT('Origin',(33.824692747555,-1.25000000000155,17.4999998211861));
#7237=CARTESIAN_POINT('',(33.824692747555,-1.25000000000155,17.4999998211861));
#7238=CARTESIAN_POINT('',(24.2660710797584,-1.25000000000154,31.0478532203785));
#7239=CARTESIAN_POINT('',(33.824692747555,-0.250000000001549,17.4999998211861));
#7240=CARTESIAN_POINT('',(33.824692747555,-1.25000000000155,17.4999998211861));
#7241=CARTESIAN_POINT('',(33.824692747555,-0.250000000001549,17.4999998211861));
#7242=CARTESIAN_POINT('Origin',(34.4795356011011,-1.25000000000155,17.4999998211861));
#7243=CARTESIAN_POINT('',(34.4795356011011,-1.25000000000155,17.4999998211861));
#7244=CARTESIAN_POINT('',(-7.01023219944977,-1.25000000000155,17.4999998211861));
#7245=CARTESIAN_POINT('',(34.4795356011011,-0.250000000001549,17.4999998211861));
#7246=CARTESIAN_POINT('',(34.4795356011011,-1.25000000000155,17.4999998211861));
#7247=CARTESIAN_POINT('',(34.4795356011011,-0.250000000001549,17.4999998211861));
#7248=CARTESIAN_POINT('Origin',(32.9652116512873,-1.25000000000155,19.6145973801613));
#7249=CARTESIAN_POINT('',(32.9652116512873,-1.25000000000155,19.6145973801613));
#7250=CARTESIAN_POINT('',(23.7996484742293,-1.25000000000154,32.4133631417558));
#7251=CARTESIAN_POINT('',(32.9652116512873,-0.250000000001549,19.6145973801613));
#7252=CARTESIAN_POINT('',(32.9652116512873,-1.25000000000155,19.6145973801613));
#7253=CARTESIAN_POINT('',(32.9652116512873,-0.250000000001549,19.6145973801613));
#7254=CARTESIAN_POINT('Origin',(34.3703959202387,-1.25000000000155,21.4999998807907));
#7255=CARTESIAN_POINT('',(34.3703959202387,-1.25000000000155,21.4999998807907));
#7256=CARTESIAN_POINT('',(14.4227992041808,-1.25000000000154,-5.26463843818775));
#7257=CARTESIAN_POINT('',(34.3703959202387,-0.250000000001549,21.4999998807907));
#7258=CARTESIAN_POINT('',(34.3703959202387,-1.25000000000155,21.4999998807907));
#7259=CARTESIAN_POINT('',(34.3703959202387,-0.250000000001549,21.4999998807907));
#7260=CARTESIAN_POINT('Origin',(33.7946794247248,-1.25000000000155,21.4999998807907));
#7261=CARTESIAN_POINT('',(33.7946794247248,-1.25000000000155,21.4999998807907));
#7262=CARTESIAN_POINT('',(-7.35266028763794,-1.25000000000155,21.4999998807907));
#7263=CARTESIAN_POINT('',(33.7946794247248,-0.250000000001549,21.4999998807907));
#7264=CARTESIAN_POINT('',(33.7946794247248,-1.25000000000155,21.4999998807907));
#7265=CARTESIAN_POINT('',(33.7946794247248,-0.250000000001549,21.4999998807907));
#7266=CARTESIAN_POINT('Origin',(32.9897675728419,-1.25000000000155,20.4386083483696));
#7267=CARTESIAN_POINT('',(32.9897675728419,-1.25000000000155,20.4386083483696));
#7268=CARTESIAN_POINT('',(13.1927373395391,-1.25000000000154,-5.66661076047797));
#7269=CARTESIAN_POINT('',(32.9897675728419,-0.250000000001549,20.4386083483696));
#7270=CARTESIAN_POINT('',(32.9897675728419,-1.25000000000155,20.4386083483696));
#7271=CARTESIAN_POINT('',(32.9897675728419,-0.250000000001549,20.4386083483696));
#7272=CARTESIAN_POINT('Ctrl Pts',(32.6732609486201,-1.25000000000155,19.9829466342926));
#7273=CARTESIAN_POINT('Ctrl Pts',(32.6732609486201,-0.250000000001549,19.9829466342926));
#7274=CARTESIAN_POINT('Ctrl Pts',(32.7209875765093,-1.25000000000155,20.0579443692843));
#7275=CARTESIAN_POINT('Ctrl Pts',(32.7209875765093,-0.250000000001549,20.0579443692843));
#7276=CARTESIAN_POINT('Ctrl Pts',(32.8203518229176,-1.25000000000155,20.2140855791154));
#7277=CARTESIAN_POINT('Ctrl Pts',(32.8203518229176,-0.250000000001549,20.2140855791154));
#7278=CARTESIAN_POINT('Ctrl Pts',(32.9318330177295,-1.25000000000155,20.3618290243979));
#7279=CARTESIAN_POINT('Ctrl Pts',(32.9318330177295,-0.250000000001549,20.3618290243979));
#7280=CARTESIAN_POINT('Ctrl Pts',(32.9897675728419,-1.25000000000155,20.4386083483696));
#7281=CARTESIAN_POINT('Ctrl Pts',(32.9897675728419,-0.250000000001549,20.4386083483696));
#7282=CARTESIAN_POINT('',(32.6732609486201,-1.25000000000155,19.9829466342926));
#7283=CARTESIAN_POINT('Ctrl Pts',(32.6732609486201,-1.25000000000155,19.9829466342926));
#7284=CARTESIAN_POINT('Ctrl Pts',(32.7209875765093,-1.25000000000155,20.0579443692843));
#7285=CARTESIAN_POINT('Ctrl Pts',(32.8203518229176,-1.25000000000155,20.2140855791154));
#7286=CARTESIAN_POINT('Ctrl Pts',(32.9318330177295,-1.25000000000155,20.3618290243979));
#7287=CARTESIAN_POINT('Ctrl Pts',(32.9897675728419,-1.25000000000155,20.4386083483696));
#7288=CARTESIAN_POINT('',(32.6732609486201,-0.250000000001549,19.9829466342926));
#7289=CARTESIAN_POINT('',(32.6732609486201,-1.25000000000155,19.9829466342926));
#7290=CARTESIAN_POINT('Ctrl Pts',(32.6732609486201,-0.250000000001549,19.9829466342926));
#7291=CARTESIAN_POINT('Ctrl Pts',(32.7209875765093,-0.250000000001549,20.0579443692843));
#7292=CARTESIAN_POINT('Ctrl Pts',(32.8203518229176,-0.250000000001549,20.2140855791154));
#7293=CARTESIAN_POINT('Ctrl Pts',(32.9318330177295,-0.250000000001549,20.3618290243979));
#7294=CARTESIAN_POINT('Ctrl Pts',(32.9897675728419,-0.250000000001549,20.4386083483696));
#7295=CARTESIAN_POINT('Ctrl Pts',(32.3512957310297,-1.25000000000155,20.4740787744522));
#7296=CARTESIAN_POINT('Ctrl Pts',(32.3512957310297,-0.250000000001549,20.4740787744522));
#7297=CARTESIAN_POINT('Ctrl Pts',(32.4172749753972,-1.25000000000155,20.3808573378567));
#7298=CARTESIAN_POINT('Ctrl Pts',(32.4172749753972,-0.250000000001549,20.3808573378567));
#7299=CARTESIAN_POINT('Ctrl Pts',(32.5304521889895,-1.25000000000155,20.2209503467705));
#7300=CARTESIAN_POINT('Ctrl Pts',(32.5304521889895,-0.250000000001549,20.2209503467705));
#7301=CARTESIAN_POINT('Ctrl Pts',(32.6312327287691,-1.25000000000155,20.0529904633913));
#7302=CARTESIAN_POINT('Ctrl Pts',(32.6312327287691,-0.250000000001549,20.0529904633913));
#7303=CARTESIAN_POINT('Ctrl Pts',(32.6732609486201,-1.25000000000155,19.9829466342926));
#7304=CARTESIAN_POINT('Ctrl Pts',(32.6732609486201,-0.250000000001549,19.9829466342926));
#7305=CARTESIAN_POINT('',(32.3512957310297,-1.25000000000155,20.4740787744522));
#7306=CARTESIAN_POINT('Ctrl Pts',(32.3512957310297,-1.25000000000155,20.4740787744522));
#7307=CARTESIAN_POINT('Ctrl Pts',(32.4172749753972,-1.25000000000155,20.3808573378567));
#7308=CARTESIAN_POINT('Ctrl Pts',(32.5304521889895,-1.25000000000155,20.2209503467705));
#7309=CARTESIAN_POINT('Ctrl Pts',(32.6312327287691,-1.25000000000155,20.0529904633913));
#7310=CARTESIAN_POINT('Ctrl Pts',(32.6732609486201,-1.25000000000155,19.9829466342926));
#7311=CARTESIAN_POINT('',(32.3512957310297,-0.250000000001549,20.4740787744522));
#7312=CARTESIAN_POINT('',(32.3512957310297,-1.25000000000155,20.4740787744522));
#7313=CARTESIAN_POINT('Ctrl Pts',(32.3512957310297,-0.250000000001549,20.4740787744522));
#7314=CARTESIAN_POINT('Ctrl Pts',(32.4172749753972,-0.250000000001549,20.3808573378567));
#7315=CARTESIAN_POINT('Ctrl Pts',(32.5304521889895,-0.250000000001549,20.2209503467705));
#7316=CARTESIAN_POINT('Ctrl Pts',(32.6312327287691,-0.250000000001549,20.0529904633913));
#7317=CARTESIAN_POINT('Ctrl Pts',(32.6732609486201,-0.250000000001549,19.9829466342926));
#7318=CARTESIAN_POINT('Origin',(31.6255114292719,-1.25000000000155,21.4999998807907));
#7319=CARTESIAN_POINT('',(31.6255114292719,-1.25000000000155,21.4999998807907));
#7320=CARTESIAN_POINT('',(23.3311150862621,-1.25000000000154,33.2244147682735));
#7321=CARTESIAN_POINT('',(31.6255114292719,-0.250000000001549,21.4999998807907));
#7322=CARTESIAN_POINT('',(31.6255114292719,-1.25000000000155,21.4999998807907));
#7323=CARTESIAN_POINT('',(31.6255114292719,-0.250000000001549,21.4999998807907));
#7324=CARTESIAN_POINT('Origin',(30.9952244972803,-1.25000000000155,21.4999998807907));
#7325=CARTESIAN_POINT('',(30.9952244972803,-1.25000000000155,21.4999998807907));
#7326=CARTESIAN_POINT('',(-8.75238775136017,-1.25000000000155,21.4999998807907));
#7327=CARTESIAN_POINT('',(30.9952244972803,-0.250000000001549,21.4999998807907));
#7328=CARTESIAN_POINT('',(30.9952244972803,-1.25000000000155,21.4999998807907));
#7329=CARTESIAN_POINT('',(30.9952244972803,-0.250000000001549,21.4999998807907));
#7330=CARTESIAN_POINT('Origin',(32.3594818329432,-1.25000000000155,19.5845837593079));
#7331=CARTESIAN_POINT('',(32.3594818329432,-1.25000000000155,19.5845837593079));
#7332=CARTESIAN_POINT('',(23.3795243540944,-1.25000000000154,32.1924363070534));
#7333=CARTESIAN_POINT('',(32.3594818329432,-0.250000000001549,19.5845837593079));
#7334=CARTESIAN_POINT('',(32.3594818329432,-1.25000000000155,19.5845837593079));
#7335=CARTESIAN_POINT('',(32.3594818329432,-0.250000000001549,19.5845837593079));
#7336=CARTESIAN_POINT('Origin',(30.8124146675684,-1.25000000000155,17.4999998211861));
#7337=CARTESIAN_POINT('',(30.8124146675684,-1.25000000000155,17.4999998211861));
#7338=CARTESIAN_POINT('',(12.5405335749756,-1.25000000000154,-7.12030800860602));
#7339=CARTESIAN_POINT('',(30.8124146675684,-0.250000000001549,17.4999998211861));
#7340=CARTESIAN_POINT('',(30.8124146675684,-1.25000000000155,17.4999998211861));
#7341=CARTESIAN_POINT('',(30.8124146675684,-0.250000000001549,17.4999998211861));
#7342=CARTESIAN_POINT('Origin',(31.4481578087427,-1.25000000000155,17.4999998211861));
#7343=CARTESIAN_POINT('',(-8.52592109562897,-1.25000000000155,17.4999998211861));
#7344=CARTESIAN_POINT('',(31.4481578087427,-0.250000000001549,17.4999998211861));
#7345=CARTESIAN_POINT('Origin',(30.5000002374866,-0.250000000001549,19.4999998509884));
#7346=CARTESIAN_POINT('Ctrl Pts',(28.8615278219797,-1.25000000000155,21.0798088908195));
#7347=CARTESIAN_POINT('Ctrl Pts',(28.8615278219797,-0.250000000001549,21.0798088908195));
#7348=CARTESIAN_POINT('Ctrl Pts',(28.8332771318968,-1.25000000000155,20.9513343802264));
#7349=CARTESIAN_POINT('Ctrl Pts',(28.8332771318968,-0.250000000001549,20.9513343802264));
#7350=CARTESIAN_POINT('Ctrl Pts',(28.7763537269775,-1.25000000000155,20.692466134289));
#7351=CARTESIAN_POINT('Ctrl Pts',(28.7763537269775,-0.250000000001549,20.692466134289));
#7352=CARTESIAN_POINT('Ctrl Pts',(28.6896490974756,-1.25000000000155,20.4419911535999));
#7353=CARTESIAN_POINT('Ctrl Pts',(28.6896490974756,-0.250000000001549,20.4419911535999));
#7354=CARTESIAN_POINT('Ctrl Pts',(28.6459753727534,-1.25000000000155,20.3158251643181));
#7355=CARTESIAN_POINT('Ctrl Pts',(28.6459753727534,-0.250000000001549,20.3158251643181));
#7356=CARTESIAN_POINT('',(28.8615278219797,-1.25000000000155,21.0798088908195));
#7357=CARTESIAN_POINT('',(28.6459753727534,-1.25000000000155,20.3158251643181));
#7358=CARTESIAN_POINT('Ctrl Pts',(28.8615278219797,-1.25000000000155,21.0798088908195));
#7359=CARTESIAN_POINT('Ctrl Pts',(28.8332771318968,-1.25000000000155,20.9513343802264));
#7360=CARTESIAN_POINT('Ctrl Pts',(28.7763537269775,-1.25000000000155,20.692466134289));
#7361=CARTESIAN_POINT('Ctrl Pts',(28.6896490974756,-1.25000000000155,20.4419911535999));
#7362=CARTESIAN_POINT('Ctrl Pts',(28.6459753727534,-1.25000000000155,20.3158251643181));
#7363=CARTESIAN_POINT('',(28.8615278219797,-0.250000000001549,21.0798088908195));
#7364=CARTESIAN_POINT('',(28.8615278219797,-1.25000000000155,21.0798088908195));
#7365=CARTESIAN_POINT('',(28.6459753727534,-0.250000000001549,20.3158251643181));
#7366=CARTESIAN_POINT('Ctrl Pts',(28.8615278219797,-0.250000000001549,21.0798088908195));
#7367=CARTESIAN_POINT('Ctrl Pts',(28.8332771318968,-0.250000000001549,20.9513343802264));
#7368=CARTESIAN_POINT('Ctrl Pts',(28.7763537269775,-0.250000000001549,20.692466134289));
#7369=CARTESIAN_POINT('Ctrl Pts',(28.6896490974756,-0.250000000001549,20.4419911535999));
#7370=CARTESIAN_POINT('Ctrl Pts',(28.6459753727534,-0.250000000001549,20.3158251643181));
#7371=CARTESIAN_POINT('',(28.6459753727534,-1.25000000000155,20.3158251643181));
#7372=CARTESIAN_POINT('Ctrl Pts',(29.14529301878,-1.25000000000155,20.2503408193588));
#7373=CARTESIAN_POINT('Ctrl Pts',(29.14529301878,-0.250000000001549,20.2503408193588));
#7374=CARTESIAN_POINT('Ctrl Pts',(29.0880899387976,-1.25000000000155,20.403007207631));
#7375=CARTESIAN_POINT('Ctrl Pts',(29.0880899387976,-0.250000000001549,20.403007207631));
#7376=CARTESIAN_POINT('Ctrl Pts',(28.9855081297725,-1.25000000000155,20.6767825758648));
#7377=CARTESIAN_POINT('Ctrl Pts',(28.9855081297725,-0.250000000001549,20.6767825758648));
#7378=CARTESIAN_POINT('Ctrl Pts',(28.8995519388654,-1.25000000000155,20.9562028119134));
#7379=CARTESIAN_POINT('Ctrl Pts',(28.8995519388654,-0.250000000001549,20.9562028119134));
#7380=CARTESIAN_POINT('Ctrl Pts',(28.8615278219797,-1.25000000000155,21.0798088908195));
#7381=CARTESIAN_POINT('Ctrl Pts',(28.8615278219797,-0.250000000001549,21.0798088908195));
#7382=CARTESIAN_POINT('',(29.14529301878,-1.25000000000155,20.2503408193588));
#7383=CARTESIAN_POINT('Ctrl Pts',(29.14529301878,-1.25000000000155,20.2503408193588));
#7384=CARTESIAN_POINT('Ctrl Pts',(29.0880899387976,-1.25000000000155,20.403007207631));
#7385=CARTESIAN_POINT('Ctrl Pts',(28.9855081297725,-1.25000000000155,20.6767825758648));
#7386=CARTESIAN_POINT('Ctrl Pts',(28.8995519388654,-1.25000000000155,20.9562028119134));
#7387=CARTESIAN_POINT('Ctrl Pts',(28.8615278219797,-1.25000000000155,21.0798088908195));
#7388=CARTESIAN_POINT('',(29.14529301878,-0.250000000001549,20.2503408193588));
#7389=CARTESIAN_POINT('',(29.14529301878,-1.25000000000155,20.2503408193588));
#7390=CARTESIAN_POINT('Ctrl Pts',(29.14529301878,-0.250000000001549,20.2503408193588));
#7391=CARTESIAN_POINT('Ctrl Pts',(29.0880899387976,-0.250000000001549,20.403007207631));
#7392=CARTESIAN_POINT('Ctrl Pts',(28.9855081297725,-0.250000000001549,20.6767825758648));
#7393=CARTESIAN_POINT('Ctrl Pts',(28.8995519388654,-0.250000000001549,20.9562028119134));
#7394=CARTESIAN_POINT('Ctrl Pts',(28.8615278219797,-0.250000000001549,21.0798088908195));
#7395=CARTESIAN_POINT('Origin',(29.5627556061365,-1.25000000000155,19.1425646543503));
#7396=CARTESIAN_POINT('',(29.5627556061365,-1.25000000000155,19.1425646543503));
#7397=CARTESIAN_POINT('',(27.8674277259678,-1.25000000000154,23.6412763339225));
#7398=CARTESIAN_POINT('',(29.5627556061365,-0.250000000001549,19.1425646543503));
#7399=CARTESIAN_POINT('',(29.5627556061365,-1.25000000000155,19.1425646543503));
#7400=CARTESIAN_POINT('',(29.5627556061365,-0.250000000001549,19.1425646543503));
#7401=CARTESIAN_POINT('Origin',(28.2066849684336,-1.25000000000155,19.1425646543503));
#7402=CARTESIAN_POINT('',(28.2066849684336,-1.25000000000155,19.1425646543503));
#7403=CARTESIAN_POINT('',(-10.1466575157835,-1.25000000000155,19.1425646543503));
#7404=CARTESIAN_POINT('',(28.2066849684336,-0.250000000001549,19.1425646543503));
#7405=CARTESIAN_POINT('',(28.2066849684336,-1.25000000000155,19.1425646543503));
#7406=CARTESIAN_POINT('',(28.2066849684336,-0.250000000001549,19.1425646543503));
#7407=CARTESIAN_POINT('Origin',(28.6459753727534,-1.25000000000155,20.3158251643181));
#7408=CARTESIAN_POINT('',(20.5676441029641,-1.25000000000154,-1.2598499974429));
#7409=CARTESIAN_POINT('',(28.6459753727534,-0.250000000001549,20.3158251643181));
#7410=CARTESIAN_POINT('Origin',(28.0538878655054,-1.25000000000155,18.7114594578743));
#7411=CARTESIAN_POINT('',(28.0538878655054,-1.25000000000155,18.7114594578743));
#7412=CARTESIAN_POINT('',(27.6145974611857,-1.25000000000155,17.4999998211861));
#7413=CARTESIAN_POINT('',(20.6075359146701,-1.25000000000154,-1.82382822495258));
#7414=CARTESIAN_POINT('',(28.0538878655054,-0.250000000001549,18.7114594578743));
#7415=CARTESIAN_POINT('',(28.0538878655054,-1.25000000000155,18.7114594578743));
#7416=CARTESIAN_POINT('',(27.6145974611857,-0.250000000001549,17.4999998211861));
#7417=CARTESIAN_POINT('',(28.0538878655054,-0.250000000001549,18.7114594578743));
#7418=CARTESIAN_POINT('',(27.6145974611857,-1.25000000000155,17.4999998211861));
#7419=CARTESIAN_POINT('Origin',(29.7264669155695,-1.25000000000155,18.7114594578743));
#7420=CARTESIAN_POINT('',(29.7264669155695,-1.25000000000155,18.7114594578743));
#7421=CARTESIAN_POINT('',(-9.38676654221558,-1.25000000000155,18.7114594578743));
#7422=CARTESIAN_POINT('',(29.7264669155695,-0.250000000001549,18.7114594578743));
#7423=CARTESIAN_POINT('',(29.7264669155695,-1.25000000000155,18.7114594578743));
#7424=CARTESIAN_POINT('',(29.7264669155695,-0.250000000001549,18.7114594578743));
#7425=CARTESIAN_POINT('Origin',(30.1930425381281,-1.25000000000155,17.4999998211861));
#7426=CARTESIAN_POINT('',(30.1930425381281,-1.25000000000155,17.4999998211861));
#7427=CARTESIAN_POINT('',(28.0453134018026,-1.25000000000154,23.0765602615483));
#7428=CARTESIAN_POINT('',(30.1930425381281,-0.250000000001549,17.4999998211861));
#7429=CARTESIAN_POINT('',(30.1930425381281,-1.25000000000155,17.4999998211861));
#7430=CARTESIAN_POINT('',(30.1930425381281,-0.250000000001549,17.4999998211861));
#7431=CARTESIAN_POINT('Origin',(30.7960436558344,-1.25000000000155,17.4999998211861));
#7432=CARTESIAN_POINT('',(30.7960436558344,-1.25000000000155,17.4999998211861));
#7433=CARTESIAN_POINT('',(-8.85197817208313,-1.25000000000155,17.4999998211861));
#7434=CARTESIAN_POINT('',(30.7960436558344,-0.250000000001549,17.4999998211861));
#7435=CARTESIAN_POINT('',(30.7960436558344,-1.25000000000155,17.4999998211861));
#7436=CARTESIAN_POINT('',(30.7960436558344,-0.250000000001549,17.4999998211861));
#7437=CARTESIAN_POINT('Origin',(29.1589359259226,-1.25000000000155,21.4999998807907));
#7438=CARTESIAN_POINT('',(29.1589359259226,-1.25000000000155,21.4999998807907));
#7439=CARTESIAN_POINT('',(27.3563745165619,-1.25000000000154,25.9042584479849));
#7440=CARTESIAN_POINT('',(29.1589359259226,-0.250000000001549,21.4999998807907));
#7441=CARTESIAN_POINT('',(29.1589359259226,-1.25000000000155,21.4999998807907));
#7442=CARTESIAN_POINT('',(29.1589359259226,-0.250000000001549,21.4999998807907));
#7443=CARTESIAN_POINT('Origin',(28.5886768316843,-1.25000000000155,21.4999998807907));
#7444=CARTESIAN_POINT('',(28.5886768316843,-1.25000000000155,21.4999998807907));
#7445=CARTESIAN_POINT('',(-9.95566158415818,-1.25000000000155,21.4999998807907));
#7446=CARTESIAN_POINT('',(28.5886768316843,-0.250000000001549,21.4999998807907));
#7447=CARTESIAN_POINT('',(28.5886768316843,-1.25000000000155,21.4999998807907));
#7448=CARTESIAN_POINT('',(28.5886768316843,-0.250000000001549,21.4999998807907));
#7449=CARTESIAN_POINT('Origin',(27.0525238728144,-1.25000000000155,17.4999998211861));
#7450=CARTESIAN_POINT('',(27.0525238728144,-1.25000000000155,17.4999998211861));
#7451=CARTESIAN_POINT('',(19.2687380654532,-1.25000000000154,-2.76825765513915));
#7452=CARTESIAN_POINT('',(27.0525238728144,-0.250000000001549,17.4999998211861));
#7453=CARTESIAN_POINT('',(27.0525238728144,-1.25000000000155,17.4999998211861));
#7454=CARTESIAN_POINT('',(27.0525238728144,-0.250000000001549,17.4999998211861));
#7455=CARTESIAN_POINT('Origin',(27.6145974611857,-1.25000000000155,17.4999998211861));
#7456=CARTESIAN_POINT('',(-10.4427012694075,-1.25000000000155,17.4999998211861));
#7457=CARTESIAN_POINT('',(27.6145974611857,-0.250000000001549,17.4999998211861));
#7458=CARTESIAN_POINT('Origin',(30.5000002374866,-0.250000000001549,19.4999998509884));
#7459=CARTESIAN_POINT('Origin',(23.1371078705408,-1.25000000000155,18.8942698836327));
#7460=CARTESIAN_POINT('',(23.1371078705408,-1.25000000000155,18.8942698836327));
#7461=CARTESIAN_POINT('',(22.1330150282004,-1.25000000000155,17.4999998211861));
#7462=CARTESIAN_POINT('',(6.42473604596477,-1.25000000000155,-4.31230895539989));
#7463=CARTESIAN_POINT('',(23.1371078705408,-0.250000000001549,18.8942698836327));
#7464=CARTESIAN_POINT('',(23.1371078705408,-1.25000000000155,18.8942698836327));
#7465=CARTESIAN_POINT('',(22.1330150282004,-0.250000000001549,17.4999998211861));
#7466=CARTESIAN_POINT('',(23.1371078705408,-0.250000000001549,18.8942698836327));
#7467=CARTESIAN_POINT('',(22.1330150282004,-1.25000000000155,17.4999998211861));
#7468=CARTESIAN_POINT('Ctrl Pts',(23.3281038021662,-1.25000000000155,19.1944063901901));
#7469=CARTESIAN_POINT('Ctrl Pts',(23.3281038021662,-0.250000000001549,19.1944063901901));
#7470=CARTESIAN_POINT('Ctrl Pts',(23.2903863112891,-1.25000000000155,19.1327063091005));
#7471=CARTESIAN_POINT('Ctrl Pts',(23.2903863112891,-0.250000000001549,19.1327063091005));
#7472=CARTESIAN_POINT('Ctrl Pts',(23.2285227904164,-1.25000000000155,19.0315069937278));
#7473=CARTESIAN_POINT('Ctrl Pts',(23.2285227904164,-0.250000000001549,19.0315069937278));
#7474=CARTESIAN_POINT('Ctrl Pts',(23.1627713855235,-1.25000000000155,18.9327973650974));
#7475=CARTESIAN_POINT('Ctrl Pts',(23.1627713855235,-0.250000000001549,18.9327973650974));
#7476=CARTESIAN_POINT('Ctrl Pts',(23.1371078705408,-1.25000000000155,18.8942698836327));
#7477=CARTESIAN_POINT('Ctrl Pts',(23.1371078705408,-0.250000000001549,18.8942698836327));
#7478=CARTESIAN_POINT('',(23.3281038021662,-1.25000000000155,19.1944063901901));
#7479=CARTESIAN_POINT('Ctrl Pts',(23.3281038021662,-1.25000000000155,19.1944063901901));
#7480=CARTESIAN_POINT('Ctrl Pts',(23.2903863112891,-1.25000000000155,19.1327063091005));
#7481=CARTESIAN_POINT('Ctrl Pts',(23.2285227904164,-1.25000000000155,19.0315069937278));
#7482=CARTESIAN_POINT('Ctrl Pts',(23.1627713855235,-1.25000000000155,18.9327973650974));
#7483=CARTESIAN_POINT('Ctrl Pts',(23.1371078705408,-1.25000000000155,18.8942698836327));
#7484=CARTESIAN_POINT('',(23.3281038021662,-0.250000000001549,19.1944063901901));
#7485=CARTESIAN_POINT('',(23.3281038021662,-1.25000000000155,19.1944063901901));
#7486=CARTESIAN_POINT('Ctrl Pts',(23.3281038021662,-0.250000000001549,19.1944063901901));
#7487=CARTESIAN_POINT('Ctrl Pts',(23.2903863112891,-0.250000000001549,19.1327063091005));
#7488=CARTESIAN_POINT('Ctrl Pts',(23.2285227904164,-0.250000000001549,19.0315069937278));
#7489=CARTESIAN_POINT('Ctrl Pts',(23.1627713855235,-0.250000000001549,18.9327973650974));
#7490=CARTESIAN_POINT('Ctrl Pts',(23.1371078705408,-0.250000000001549,18.8942698836327));
#7491=CARTESIAN_POINT('Ctrl Pts',(23.5027287220576,-1.25000000000155,18.9270119071007));
#7492=CARTESIAN_POINT('Ctrl Pts',(23.5027287220576,-0.250000000001549,18.9270119071007));
#7493=CARTESIAN_POINT('Ctrl Pts',(23.4738389972562,-1.25000000000155,18.9696015713303));
#7494=CARTESIAN_POINT('Ctrl Pts',(23.4738389972562,-0.250000000001549,18.9696015713303));
#7495=CARTESIAN_POINT('Ctrl Pts',(23.4140704402789,-1.25000000000155,19.0577132716198));
#7496=CARTESIAN_POINT('Ctrl Pts',(23.4140704402789,-0.250000000001549,19.0577132716198));
#7497=CARTESIAN_POINT('Ctrl Pts',(23.357388146876,-1.25000000000155,19.1478421823584));
#7498=CARTESIAN_POINT('Ctrl Pts',(23.357388146876,-0.250000000001549,19.1478421823584));
#7499=CARTESIAN_POINT('Ctrl Pts',(23.3281038021662,-1.25000000000155,19.1944063901901));
#7500=CARTESIAN_POINT('Ctrl Pts',(23.3281038021662,-0.250000000001549,19.1944063901901));
#7501=CARTESIAN_POINT('',(23.5027287220576,-1.25000000000155,18.9270119071007));
#7502=CARTESIAN_POINT('Ctrl Pts',(23.5027287220576,-1.25000000000155,18.9270119071007));
#7503=CARTESIAN_POINT('Ctrl Pts',(23.4738389972562,-1.25000000000155,18.9696015713303));
#7504=CARTESIAN_POINT('Ctrl Pts',(23.4140704402789,-1.25000000000155,19.0577132716198));
#7505=CARTESIAN_POINT('Ctrl Pts',(23.357388146876,-1.25000000000155,19.1478421823584));
#7506=CARTESIAN_POINT('Ctrl Pts',(23.3281038021662,-1.25000000000155,19.1944063901901));
#7507=CARTESIAN_POINT('',(23.5027287220576,-0.250000000001549,18.9270119071007));
#7508=CARTESIAN_POINT('',(23.5027287220576,-1.25000000000155,18.9270119071007));
#7509=CARTESIAN_POINT('Ctrl Pts',(23.5027287220576,-0.250000000001549,18.9270119071007));
#7510=CARTESIAN_POINT('Ctrl Pts',(23.4738389972562,-0.250000000001549,18.9696015713303));
#7511=CARTESIAN_POINT('Ctrl Pts',(23.4140704402789,-0.250000000001549,19.0577132716198));
#7512=CARTESIAN_POINT('Ctrl Pts',(23.357388146876,-0.250000000001549,19.1478421823584));
#7513=CARTESIAN_POINT('Ctrl Pts',(23.3281038021662,-0.250000000001549,19.1944063901901));
#7514=CARTESIAN_POINT('Origin',(24.509549818001,-1.25000000000155,17.4999998211861));
#7515=CARTESIAN_POINT('',(24.509549818001,-1.25000000000155,17.4999998211861));
#7516=CARTESIAN_POINT('',(16.4988829288023,-1.25000000000154,28.8538724338877));
#7517=CARTESIAN_POINT('',(24.509549818001,-0.250000000001549,17.4999998211861));
#7518=CARTESIAN_POINT('',(24.509549818001,-1.25000000000155,17.4999998211861));
#7519=CARTESIAN_POINT('',(24.509549818001,-0.250000000001549,17.4999998211861));
#7520=CARTESIAN_POINT('Origin',(25.1643926715471,-1.25000000000155,17.4999998211861));
#7521=CARTESIAN_POINT('',(25.1643926715471,-1.25000000000155,17.4999998211861));
#7522=CARTESIAN_POINT('',(-11.6678036642268,-1.25000000000155,17.4999998211861));
#7523=CARTESIAN_POINT('',(25.1643926715471,-0.250000000001549,17.4999998211861));
#7524=CARTESIAN_POINT('',(25.1643926715471,-1.25000000000155,17.4999998211861));
#7525=CARTESIAN_POINT('',(25.1643926715471,-0.250000000001549,17.4999998211861));
#7526=CARTESIAN_POINT('Origin',(23.6500684237101,-1.25000000000155,19.6145973801613));
#7527=CARTESIAN_POINT('',(23.6500684237101,-1.25000000000155,19.6145973801613));
#7528=CARTESIAN_POINT('',(16.0633804225684,-1.25000000000154,30.2086243534697));
#7529=CARTESIAN_POINT('',(23.6500684237101,-0.250000000001549,19.6145973801613));
#7530=CARTESIAN_POINT('',(23.6500684237101,-1.25000000000155,19.6145973801613));
#7531=CARTESIAN_POINT('',(23.6500684237101,-0.250000000001549,19.6145973801613));
#7532=CARTESIAN_POINT('Origin',(25.0552523946383,-1.25000000000155,21.4999998807907));
#7533=CARTESIAN_POINT('',(25.0552523946383,-1.25000000000155,21.4999998807907));
#7534=CARTESIAN_POINT('',(6.7709079364291,-1.25000000000155,-3.03297905797846));
#7535=CARTESIAN_POINT('',(25.0552523946383,-0.250000000001549,21.4999998807907));
#7536=CARTESIAN_POINT('',(25.0552523946383,-1.25000000000155,21.4999998807907));
#7537=CARTESIAN_POINT('',(25.0552523946383,-0.250000000001549,21.4999998807907));
#7538=CARTESIAN_POINT('Origin',(24.4795361971476,-1.25000000000155,21.4999998807907));
#7539=CARTESIAN_POINT('',(24.4795361971476,-1.25000000000155,21.4999998807907));
#7540=CARTESIAN_POINT('',(-12.0102319014265,-1.25000000000155,21.4999998807907));
#7541=CARTESIAN_POINT('',(24.4795361971476,-0.250000000001549,21.4999998807907));
#7542=CARTESIAN_POINT('',(24.4795361971476,-1.25000000000155,21.4999998807907));
#7543=CARTESIAN_POINT('',(24.4795361971476,-0.250000000001549,21.4999998807907));
#7544=CARTESIAN_POINT('Origin',(23.6746249413111,-1.25000000000155,20.4386083483696));
#7545=CARTESIAN_POINT('',(23.6746249413111,-1.25000000000155,20.4386083483696));
#7546=CARTESIAN_POINT('',(5.57818407537219,-1.25000000000155,-3.42415784205476));
#7547=CARTESIAN_POINT('',(23.6746249413111,-0.250000000001549,20.4386083483696));
#7548=CARTESIAN_POINT('',(23.6746249413111,-1.25000000000155,20.4386083483696));
#7549=CARTESIAN_POINT('',(23.6746249413111,-0.250000000001549,20.4386083483696));
#7550=CARTESIAN_POINT('Ctrl Pts',(23.3581174230196,-1.25000000000155,19.9829466342926));
#7551=CARTESIAN_POINT('Ctrl Pts',(23.3581174230196,-0.250000000001549,19.9829466342926));
#7552=CARTESIAN_POINT('Ctrl Pts',(23.4058440087703,-1.25000000000155,20.0579444002132));
#7553=CARTESIAN_POINT('Ctrl Pts',(23.4058440087703,-0.250000000001549,20.0579444002132));
#7554=CARTESIAN_POINT('Ctrl Pts',(23.5052082620914,-1.25000000000155,20.2140858231593));
#7555=CARTESIAN_POINT('Ctrl Pts',(23.5052082620914,-0.250000000001549,20.2140858231593));
#7556=CARTESIAN_POINT('Ctrl Pts',(23.6166900348491,-1.25000000000155,20.3618290633748));
#7557=CARTESIAN_POINT('Ctrl Pts',(23.6166900348491,-0.250000000001549,20.3618290633748));
#7558=CARTESIAN_POINT('Ctrl Pts',(23.6746249413111,-1.25000000000155,20.4386083483696));
#7559=CARTESIAN_POINT('Ctrl Pts',(23.6746249413111,-0.250000000001549,20.4386083483696));
#7560=CARTESIAN_POINT('',(23.3581174230196,-1.25000000000155,19.9829466342926));
#7561=CARTESIAN_POINT('Ctrl Pts',(23.3581174230196,-1.25000000000155,19.9829466342926));
#7562=CARTESIAN_POINT('Ctrl Pts',(23.4058440087703,-1.25000000000155,20.0579444002132));
#7563=CARTESIAN_POINT('Ctrl Pts',(23.5052082620914,-1.25000000000155,20.2140858231593));
#7564=CARTESIAN_POINT('Ctrl Pts',(23.6166900348491,-1.25000000000155,20.3618290633748));
#7565=CARTESIAN_POINT('Ctrl Pts',(23.6746249413111,-1.25000000000155,20.4386083483696));
#7566=CARTESIAN_POINT('',(23.3581174230196,-0.250000000001549,19.9829466342926));
#7567=CARTESIAN_POINT('',(23.3581174230196,-1.25000000000155,19.9829466342926));
#7568=CARTESIAN_POINT('Ctrl Pts',(23.3581174230196,-0.250000000001549,19.9829466342926));
#7569=CARTESIAN_POINT('Ctrl Pts',(23.4058440087703,-0.250000000001549,20.0579444002132));
#7570=CARTESIAN_POINT('Ctrl Pts',(23.5052082620914,-0.250000000001549,20.2140858231593));
#7571=CARTESIAN_POINT('Ctrl Pts',(23.6166900348491,-0.250000000001549,20.3618290633748));
#7572=CARTESIAN_POINT('Ctrl Pts',(23.6746249413111,-0.250000000001549,20.4386083483696));
#7573=CARTESIAN_POINT('Ctrl Pts',(23.0361528014757,-1.25000000000155,20.4740787744522));
#7574=CARTESIAN_POINT('Ctrl Pts',(23.0361528014757,-0.250000000001549,20.4740787744522));
#7575=CARTESIAN_POINT('Ctrl Pts',(23.1021319555916,-1.25000000000155,20.3808573420097));
#7576=CARTESIAN_POINT('Ctrl Pts',(23.1021319555916,-0.250000000001549,20.3808573420097));
#7577=CARTESIAN_POINT('Ctrl Pts',(23.2153090075489,-1.25000000000155,20.2209503676865));
#7578=CARTESIAN_POINT('Ctrl Pts',(23.2153090075489,-0.250000000001549,20.2209503676865));
#7579=CARTESIAN_POINT('Ctrl Pts',(23.3160893069532,-1.25000000000155,20.0529904653815));
#7580=CARTESIAN_POINT('Ctrl Pts',(23.3160893069532,-0.250000000001549,20.0529904653815));
#7581=CARTESIAN_POINT('Ctrl Pts',(23.3581174230196,-1.25000000000155,19.9829466342926));
#7582=CARTESIAN_POINT('Ctrl Pts',(23.3581174230196,-0.250000000001549,19.9829466342926));
#7583=CARTESIAN_POINT('',(23.0361528014757,-1.25000000000155,20.4740787744522));
#7584=CARTESIAN_POINT('Ctrl Pts',(23.0361528014757,-1.25000000000155,20.4740787744522));
#7585=CARTESIAN_POINT('Ctrl Pts',(23.1021319555916,-1.25000000000155,20.3808573420097));
#7586=CARTESIAN_POINT('Ctrl Pts',(23.2153090075489,-1.25000000000155,20.2209503676865));
#7587=CARTESIAN_POINT('Ctrl Pts',(23.3160893069532,-1.25000000000155,20.0529904653815));
#7588=CARTESIAN_POINT('Ctrl Pts',(23.3581174230196,-1.25000000000155,19.9829466342926));
#7589=CARTESIAN_POINT('',(23.0361528014757,-0.250000000001549,20.4740787744522));
#7590=CARTESIAN_POINT('',(23.0361528014757,-1.25000000000155,20.4740787744522));
#7591=CARTESIAN_POINT('Ctrl Pts',(23.0361528014757,-0.250000000001549,20.4740787744522));
#7592=CARTESIAN_POINT('Ctrl Pts',(23.1021319555916,-0.250000000001549,20.3808573420097));
#7593=CARTESIAN_POINT('Ctrl Pts',(23.2153090075489,-0.250000000001549,20.2209503676865));
#7594=CARTESIAN_POINT('Ctrl Pts',(23.3160893069532,-0.250000000001549,20.0529904653815));
#7595=CARTESIAN_POINT('Ctrl Pts',(23.3581174230196,-0.250000000001549,19.9829466342926));
#7596=CARTESIAN_POINT('Origin',(22.3103683507063,-1.25000000000155,21.4999998807907));
#7597=CARTESIAN_POINT('',(22.3103683507063,-1.25000000000155,21.4999998807907));
#7598=CARTESIAN_POINT('',(15.5694874213104,-1.25000000000154,31.0284652722035));
#7599=CARTESIAN_POINT('',(22.3103683507063,-0.250000000001549,21.4999998807907));
#7600=CARTESIAN_POINT('',(22.3103683507063,-1.25000000000155,21.4999998807907));
#7601=CARTESIAN_POINT('',(22.3103683507063,-0.250000000001549,21.4999998807907));
#7602=CARTESIAN_POINT('Origin',(21.6800818657496,-1.25000000000155,21.4999998807907));
#7603=CARTESIAN_POINT('',(21.6800818657496,-1.25000000000155,21.4999998807907));
#7604=CARTESIAN_POINT('',(-13.4099590671256,-1.25000000000155,21.4999998807907));
#7605=CARTESIAN_POINT('',(21.6800818657496,-0.250000000001549,21.4999998807907));
#7606=CARTESIAN_POINT('',(21.6800818657496,-1.25000000000155,21.4999998807907));
#7607=CARTESIAN_POINT('',(21.6800818657496,-0.250000000001549,21.4999998807907));
#7608=CARTESIAN_POINT('Origin',(23.044338605366,-1.25000000000155,19.5845837593079));
#7609=CARTESIAN_POINT('',(23.044338605366,-1.25000000000155,19.5845837593079));
#7610=CARTESIAN_POINT('',(15.6319528507125,-1.25000000000154,29.9915715064274));
#7611=CARTESIAN_POINT('',(23.044338605366,-0.250000000001549,19.5845837593079));
#7612=CARTESIAN_POINT('',(23.044338605366,-1.25000000000155,19.5845837593079));
#7613=CARTESIAN_POINT('',(23.044338605366,-0.250000000001549,19.5845837593079));
#7614=CARTESIAN_POINT('Origin',(21.497271514497,-1.25000000000155,17.4999998211861));
#7615=CARTESIAN_POINT('',(21.497271514497,-1.25000000000155,17.4999998211861));
#7616=CARTESIAN_POINT('',(4.87959275851352,-1.25000000000155,-4.89136667354947));
#7617=CARTESIAN_POINT('',(21.497271514497,-0.250000000001549,17.4999998211861));
#7618=CARTESIAN_POINT('',(21.497271514497,-1.25000000000155,17.4999998211861));
#7619=CARTESIAN_POINT('',(21.497271514497,-0.250000000001549,17.4999998211861));
#7620=CARTESIAN_POINT('Origin',(22.1330150282004,-1.25000000000155,17.4999998211861));
#7621=CARTESIAN_POINT('',(-13.1834924859002,-1.25000000000155,17.4999998211861));
#7622=CARTESIAN_POINT('',(22.1330150282004,-0.250000000001549,17.4999998211861));
#7623=CARTESIAN_POINT('Origin',(30.5000002374866,-0.250000000001549,19.4999998509884));
#7624=CARTESIAN_POINT('Origin',(-28.8001363929368,-1.25000000000155,18.8942698836327));
#7625=CARTESIAN_POINT('',(-28.8001363929368,-1.25000000000155,18.8942698836327));
#7626=CARTESIAN_POINT('',(-29.8042290862657,-1.25000000000155,17.4999998211861));
#7627=CARTESIAN_POINT('',(-36.6439672838624,-1.25000000000156,8.00242826505261));
#7628=CARTESIAN_POINT('',(-28.8001363929368,-0.250000000001549,18.8942698836327));
#7629=CARTESIAN_POINT('',(-28.8001363929368,-1.25000000000155,18.8942698836327));
#7630=CARTESIAN_POINT('',(-29.8042290862657,-0.250000000001549,17.4999998211861));
#7631=CARTESIAN_POINT('',(-28.8001363929368,-0.250000000001549,18.8942698836327));
#7632=CARTESIAN_POINT('',(-29.8042290862657,-1.25000000000155,17.4999998211861));
#7633=CARTESIAN_POINT('Ctrl Pts',(-28.6091392692185,-1.25000000000155,19.1944063901901));
#7634=CARTESIAN_POINT('Ctrl Pts',(-28.6091392692185,-0.250000000001549,
19.1944063901901));
#7635=CARTESIAN_POINT('Ctrl Pts',(-28.6468569359386,-1.25000000000155,19.1327062924651));
#7636=CARTESIAN_POINT('Ctrl Pts',(-28.6468569359386,-0.250000000001549,
19.1327062924651));
#7637=CARTESIAN_POINT('Ctrl Pts',(-28.7087207671923,-1.25000000000155,19.0315069138736));
#7638=CARTESIAN_POINT('Ctrl Pts',(-28.7087207671923,-0.250000000001549,
19.0315069138736));
#7639=CARTESIAN_POINT('Ctrl Pts',(-28.7744726695525,-1.25000000000155,18.9327973580496));
#7640=CARTESIAN_POINT('Ctrl Pts',(-28.7744726695525,-0.250000000001549,
18.9327973580496));
#7641=CARTESIAN_POINT('Ctrl Pts',(-28.8001363929368,-1.25000000000155,18.8942698836327));
#7642=CARTESIAN_POINT('Ctrl Pts',(-28.8001363929368,-0.250000000001549,
18.8942698836327));
#7643=CARTESIAN_POINT('',(-28.6091392692185,-1.25000000000155,19.1944063901901));
#7644=CARTESIAN_POINT('Ctrl Pts',(-28.6091392692185,-1.25000000000155,19.1944063901901));
#7645=CARTESIAN_POINT('Ctrl Pts',(-28.6468569359386,-1.25000000000155,19.1327062924651));
#7646=CARTESIAN_POINT('Ctrl Pts',(-28.7087207671923,-1.25000000000155,19.0315069138736));
#7647=CARTESIAN_POINT('Ctrl Pts',(-28.7744726695525,-1.25000000000155,18.9327973580496));
#7648=CARTESIAN_POINT('Ctrl Pts',(-28.8001363929368,-1.25000000000155,18.8942698836327));
#7649=CARTESIAN_POINT('',(-28.6091392692185,-0.250000000001549,19.1944063901901));
#7650=CARTESIAN_POINT('',(-28.6091392692185,-1.25000000000155,19.1944063901901));
#7651=CARTESIAN_POINT('Ctrl Pts',(-28.6091392692185,-0.250000000001549,
19.1944063901901));
#7652=CARTESIAN_POINT('Ctrl Pts',(-28.6468569359386,-0.250000000001549,
19.1327062924651));
#7653=CARTESIAN_POINT('Ctrl Pts',(-28.7087207671923,-0.250000000001549,
19.0315069138736));
#7654=CARTESIAN_POINT('Ctrl Pts',(-28.7744726695525,-0.250000000001549,
18.9327973580496));
#7655=CARTESIAN_POINT('Ctrl Pts',(-28.8001363929368,-0.250000000001549,
18.8942698836327));
#7656=CARTESIAN_POINT('Ctrl Pts',(-28.4345143493272,-1.25000000000155,18.9270119071007));
#7657=CARTESIAN_POINT('Ctrl Pts',(-28.4345143493272,-0.250000000001549,
18.9270119071007));
#7658=CARTESIAN_POINT('Ctrl Pts',(-28.4634038093382,-1.25000000000155,18.9696016145669));
#7659=CARTESIAN_POINT('Ctrl Pts',(-28.4634038093382,-0.250000000001549,
18.9696016145669));
#7660=CARTESIAN_POINT('Ctrl Pts',(-28.5231719448211,-1.25000000000155,19.0577135905281));
#7661=CARTESIAN_POINT('Ctrl Pts',(-28.5231719448211,-0.250000000001549,
19.0577135905281));
#7662=CARTESIAN_POINT('Ctrl Pts',(-28.5798546525475,-1.25000000000155,19.1478422302858));
#7663=CARTESIAN_POINT('Ctrl Pts',(-28.5798546525475,-0.250000000001549,
19.1478422302858));
#7664=CARTESIAN_POINT('Ctrl Pts',(-28.6091392692185,-1.25000000000155,19.1944063901901));
#7665=CARTESIAN_POINT('Ctrl Pts',(-28.6091392692185,-0.250000000001549,
19.1944063901901));
#7666=CARTESIAN_POINT('',(-28.4345143493272,-1.25000000000155,18.9270119071007));
#7667=CARTESIAN_POINT('Ctrl Pts',(-28.4345143493272,-1.25000000000155,18.9270119071007));
#7668=CARTESIAN_POINT('Ctrl Pts',(-28.4634038093382,-1.25000000000155,18.9696016145669));
#7669=CARTESIAN_POINT('Ctrl Pts',(-28.5231719448211,-1.25000000000155,19.0577135905281));
#7670=CARTESIAN_POINT('Ctrl Pts',(-28.5798546525475,-1.25000000000155,19.1478422302858));
#7671=CARTESIAN_POINT('Ctrl Pts',(-28.6091392692185,-1.25000000000155,19.1944063901901));
#7672=CARTESIAN_POINT('',(-28.4345143493272,-0.250000000001549,18.9270119071007));
#7673=CARTESIAN_POINT('',(-28.4345143493272,-1.25000000000155,18.9270119071007));
#7674=CARTESIAN_POINT('Ctrl Pts',(-28.4345143493272,-0.250000000001549,
18.9270119071007));
#7675=CARTESIAN_POINT('Ctrl Pts',(-28.4634038093382,-0.250000000001549,
18.9696016145669));
#7676=CARTESIAN_POINT('Ctrl Pts',(-28.5231719448211,-0.250000000001549,
19.0577135905281));
#7677=CARTESIAN_POINT('Ctrl Pts',(-28.5798546525475,-0.250000000001549,
19.1478422302858));
#7678=CARTESIAN_POINT('Ctrl Pts',(-28.6091392692185,-0.250000000001549,
19.1944063901901));
#7679=CARTESIAN_POINT('Origin',(-27.4276941474534,-1.25000000000155,17.4999998211861));
#7680=CARTESIAN_POINT('',(-27.4276941474534,-1.25000000000155,17.4999998211861));
#7681=CARTESIAN_POINT('',(-26.8076536767474,-1.25000000000156,16.6211882480701));
#7682=CARTESIAN_POINT('',(-27.4276941474534,-0.250000000001549,17.4999998211861));
#7683=CARTESIAN_POINT('',(-27.4276941474534,-1.25000000000155,17.4999998211861));
#7684=CARTESIAN_POINT('',(-27.4276941474534,-0.250000000001549,17.4999998211861));
#7685=CARTESIAN_POINT('Origin',(-26.7728512939073,-1.25000000000155,17.4999998211861));
#7686=CARTESIAN_POINT('',(-26.7728512939073,-1.25000000000155,17.4999998211861));
#7687=CARTESIAN_POINT('',(-37.636425646954,-1.25000000000156,17.4999998211861));
#7688=CARTESIAN_POINT('',(-26.7728512939073,-0.250000000001549,17.4999998211861));
#7689=CARTESIAN_POINT('',(-26.7728512939073,-1.25000000000155,17.4999998211861));
#7690=CARTESIAN_POINT('',(-26.7728512939073,-0.250000000001549,17.4999998211861));
#7691=CARTESIAN_POINT('Origin',(-28.287176435814,-1.25000000000155,19.6145973801613));
#7692=CARTESIAN_POINT('',(-28.287176435814,-1.25000000000155,19.6145973801613));
#7693=CARTESIAN_POINT('',(-27.0707167849694,-1.25000000000156,17.915937999106));
#7694=CARTESIAN_POINT('',(-28.287176435814,-0.250000000001549,19.6145973801613));
#7695=CARTESIAN_POINT('',(-28.287176435814,-1.25000000000155,19.6145973801613));
#7696=CARTESIAN_POINT('',(-28.287176435814,-0.250000000001549,19.6145973801613));
#7697=CARTESIAN_POINT('Origin',(-26.8819921668626,-1.25000000000155,21.4999998807907));
#7698=CARTESIAN_POINT('',(-26.8819921668626,-1.25000000000155,21.4999998807907));
#7699=CARTESIAN_POINT('',(-35.8927810919551,-1.25000000000156,9.40979623462334));
#7700=CARTESIAN_POINT('',(-26.8819921668626,-0.250000000001549,21.4999998807907));
#7701=CARTESIAN_POINT('',(-26.8819921668626,-1.25000000000155,21.4999998807907));
#7702=CARTESIAN_POINT('',(-26.8819921668626,-0.250000000001549,21.4999998807907));
#7703=CARTESIAN_POINT('Origin',(-27.4577086623765,-1.25000000000155,21.4999998807907));
#7704=CARTESIAN_POINT('',(-27.4577086623765,-1.25000000000155,21.4999998807907));
#7705=CARTESIAN_POINT('',(-37.9788543311886,-1.25000000000156,21.4999998807907));
#7706=CARTESIAN_POINT('',(-27.4577086623765,-0.250000000001549,21.4999998807907));
#7707=CARTESIAN_POINT('',(-27.4577086623765,-1.25000000000155,21.4999998807907));
#7708=CARTESIAN_POINT('',(-27.4577086623765,-0.250000000001549,21.4999998807907));
#7709=CARTESIAN_POINT('Origin',(-28.2626193221665,-1.25000000000155,20.4386083483696));
#7710=CARTESIAN_POINT('',(-28.2626193221665,-1.25000000000155,20.4386083483696));
#7711=CARTESIAN_POINT('',(-36.8773815046411,-1.25000000000156,9.07879403470999));
#7712=CARTESIAN_POINT('',(-28.2626193221665,-0.250000000001549,20.4386083483696));
#7713=CARTESIAN_POINT('',(-28.2626193221665,-1.25000000000155,20.4386083483696));
#7714=CARTESIAN_POINT('',(-28.2626193221665,-0.250000000001549,20.4386083483696));
#7715=CARTESIAN_POINT('Ctrl Pts',(-28.5791271384812,-1.25000000000155,19.9829466342926));
#7716=CARTESIAN_POINT('Ctrl Pts',(-28.5791271384812,-0.250000000001549,
19.9829466342926));
#7717=CARTESIAN_POINT('Ctrl Pts',(-28.5314000498802,-1.25000000000155,20.0579443279613));
#7718=CARTESIAN_POINT('Ctrl Pts',(-28.5314000498802,-0.250000000001549,
20.0579443279613));
#7719=CARTESIAN_POINT('Ctrl Pts',(-28.4320349707449,-1.25000000000155,20.2140852530584));
#7720=CARTESIAN_POINT('Ctrl Pts',(-28.4320349707449,-0.250000000001549,
20.2140852530584));
#7721=CARTESIAN_POINT('Ctrl Pts',(-28.3205537977821,-1.25000000000155,20.3618289723227));
#7722=CARTESIAN_POINT('Ctrl Pts',(-28.3205537977821,-0.250000000001549,
20.3618289723227));
#7723=CARTESIAN_POINT('Ctrl Pts',(-28.2626193221665,-1.25000000000155,20.4386083483696));
#7724=CARTESIAN_POINT('Ctrl Pts',(-28.2626193221665,-0.250000000001549,
20.4386083483696));
#7725=CARTESIAN_POINT('',(-28.5791271384812,-1.25000000000155,19.9829466342926));
#7726=CARTESIAN_POINT('Ctrl Pts',(-28.5791271384812,-1.25000000000155,19.9829466342926));
#7727=CARTESIAN_POINT('Ctrl Pts',(-28.5314000498802,-1.25000000000155,20.0579443279613));
#7728=CARTESIAN_POINT('Ctrl Pts',(-28.4320349707449,-1.25000000000155,20.2140852530584));
#7729=CARTESIAN_POINT('Ctrl Pts',(-28.3205537977821,-1.25000000000155,20.3618289723227));
#7730=CARTESIAN_POINT('Ctrl Pts',(-28.2626193221665,-1.25000000000155,20.4386083483696));
#7731=CARTESIAN_POINT('',(-28.5791271384812,-0.250000000001549,19.9829466342926));
#7732=CARTESIAN_POINT('',(-28.5791271384812,-1.25000000000155,19.9829466342926));
#7733=CARTESIAN_POINT('Ctrl Pts',(-28.5791271384812,-0.250000000001549,
19.9829466342926));
#7734=CARTESIAN_POINT('Ctrl Pts',(-28.5314000498802,-0.250000000001549,
20.0579443279613));
#7735=CARTESIAN_POINT('Ctrl Pts',(-28.4320349707449,-0.250000000001549,
20.2140852530584));
#7736=CARTESIAN_POINT('Ctrl Pts',(-28.3205537977821,-0.250000000001549,
20.3618289723227));
#7737=CARTESIAN_POINT('Ctrl Pts',(-28.2626193221665,-0.250000000001549,
20.4386083483696));
#7738=CARTESIAN_POINT('Ctrl Pts',(-28.9010899718858,-1.25000000000155,20.4740787744522));
#7739=CARTESIAN_POINT('Ctrl Pts',(-28.9010899718858,-0.250000000001549,
20.4740787744522));
#7740=CARTESIAN_POINT('Ctrl Pts',(-28.8351104894389,-1.25000000000155,20.3808574842322));
#7741=CARTESIAN_POINT('Ctrl Pts',(-28.8351104894389,-0.250000000001549,
20.3808574842322));
#7742=CARTESIAN_POINT('Ctrl Pts',(-28.7219331079126,-1.25000000000155,20.2209510839647));
#7743=CARTESIAN_POINT('Ctrl Pts',(-28.7219331079126,-0.250000000001549,
20.2209510839647));
#7744=CARTESIAN_POINT('Ctrl Pts',(-28.6211544490973,-1.25000000000155,20.0529905335372));
#7745=CARTESIAN_POINT('Ctrl Pts',(-28.6211544490973,-0.250000000001549,
20.0529905335372));
#7746=CARTESIAN_POINT('Ctrl Pts',(-28.5791271384812,-1.25000000000155,19.9829466342926));
#7747=CARTESIAN_POINT('Ctrl Pts',(-28.5791271384812,-0.250000000001549,
19.9829466342926));
#7748=CARTESIAN_POINT('',(-28.9010899718858,-1.25000000000155,20.4740787744522));
#7749=CARTESIAN_POINT('Ctrl Pts',(-28.9010899718858,-1.25000000000155,20.4740787744522));
#7750=CARTESIAN_POINT('Ctrl Pts',(-28.8351104894389,-1.25000000000155,20.3808574842322));
#7751=CARTESIAN_POINT('Ctrl Pts',(-28.7219331079126,-1.25000000000155,20.2209510839647));
#7752=CARTESIAN_POINT('Ctrl Pts',(-28.6211544490973,-1.25000000000155,20.0529905335372));
#7753=CARTESIAN_POINT('Ctrl Pts',(-28.5791271384812,-1.25000000000155,19.9829466342926));
#7754=CARTESIAN_POINT('',(-28.9010899718858,-0.250000000001549,20.4740787744522));
#7755=CARTESIAN_POINT('',(-28.9010899718858,-1.25000000000155,20.4740787744522));
#7756=CARTESIAN_POINT('Ctrl Pts',(-28.9010899718858,-0.250000000001549,
20.4740787744522));
#7757=CARTESIAN_POINT('Ctrl Pts',(-28.8351104894389,-0.250000000001549,
20.3808574842322));
#7758=CARTESIAN_POINT('Ctrl Pts',(-28.7219331079126,-0.250000000001549,
20.2209510839647));
#7759=CARTESIAN_POINT('Ctrl Pts',(-28.6211544490973,-0.250000000001549,
20.0529905335372));
#7760=CARTESIAN_POINT('Ctrl Pts',(-28.5791271384812,-0.250000000001549,
19.9829466342926));
#7761=CARTESIAN_POINT('Origin',(-29.6268754657365,-1.25000000000155,21.4999998807907));
#7762=CARTESIAN_POINT('',(-29.6268754657365,-1.25000000000155,21.4999998807907));
#7763=CARTESIAN_POINT('',(-27.7060056858006,-1.25000000000156,18.7847887523504));
#7764=CARTESIAN_POINT('',(-29.6268754657365,-0.250000000001549,21.4999998807907));
#7765=CARTESIAN_POINT('',(-29.6268754657365,-1.25000000000155,21.4999998807907));
#7766=CARTESIAN_POINT('',(-29.6268754657365,-0.250000000001549,21.4999998807907));
#7767=CARTESIAN_POINT('Origin',(-30.2571623977281,-1.25000000000155,21.4999998807907));
#7768=CARTESIAN_POINT('',(-30.2571623977281,-1.25000000000155,21.4999998807907));
#7769=CARTESIAN_POINT('',(-39.3785811988644,-1.25000000000156,21.4999998807907));
#7770=CARTESIAN_POINT('',(-30.2571623977281,-0.250000000001549,21.4999998807907));
#7771=CARTESIAN_POINT('',(-30.2571623977281,-1.25000000000155,21.4999998807907));
#7772=CARTESIAN_POINT('',(-30.2571623977281,-0.250000000001549,21.4999998807907));
#7773=CARTESIAN_POINT('Origin',(-28.8929050620652,-1.25000000000155,19.5845837593079));
#7774=CARTESIAN_POINT('',(-28.8929050620652,-1.25000000000155,19.5845837593079));
#7775=CARTESIAN_POINT('',(-27.5652247134259,-1.25000000000156,17.7205216960284));
#7776=CARTESIAN_POINT('',(-28.8929050620652,-0.250000000001549,19.5845837593079));
#7777=CARTESIAN_POINT('',(-28.8929050620652,-1.25000000000155,19.5845837593079));
#7778=CARTESIAN_POINT('',(-28.8929050620652,-0.250000000001549,19.5845837593079));
#7779=CARTESIAN_POINT('Origin',(-30.43997222744,-1.25000000000155,17.4999998211861));
#7780=CARTESIAN_POINT('',(-30.43997222744,-1.25000000000155,17.4999998211861));
#7781=CARTESIAN_POINT('',(-37.8345335631456,-1.25000000000156,7.53625413847399));
#7782=CARTESIAN_POINT('',(-30.43997222744,-0.250000000001549,17.4999998211861));
#7783=CARTESIAN_POINT('',(-30.43997222744,-1.25000000000155,17.4999998211861));
#7784=CARTESIAN_POINT('',(-30.43997222744,-0.250000000001549,17.4999998211861));
#7785=CARTESIAN_POINT('Origin',(-29.8042290862657,-1.25000000000155,17.4999998211861));
#7786=CARTESIAN_POINT('',(-39.1521145431332,-1.25000000000156,17.4999998211861));
#7787=CARTESIAN_POINT('',(-29.8042290862657,-0.250000000001549,17.4999998211861));
#7788=CARTESIAN_POINT('Origin',(-30.4999991711236,-0.250000000001549,19.4999998509884));
#7789=CARTESIAN_POINT('Ctrl Pts',(-32.3908590730287,-1.25000000000155,21.0798088908195));
#7790=CARTESIAN_POINT('Ctrl Pts',(-32.3908590730287,-0.250000000001549,
21.0798088908195));
#7791=CARTESIAN_POINT('Ctrl Pts',(-32.4191097631116,-1.25000000000155,20.9513343802264));
#7792=CARTESIAN_POINT('Ctrl Pts',(-32.4191097631116,-0.250000000001549,
20.9513343802264));
#7793=CARTESIAN_POINT('Ctrl Pts',(-32.4760331680309,-1.25000000000155,20.692466134289));
#7794=CARTESIAN_POINT('Ctrl Pts',(-32.4760331680309,-0.250000000001549,
20.692466134289));
#7795=CARTESIAN_POINT('Ctrl Pts',(-32.5627377975328,-1.25000000000155,20.4419911535999));
#7796=CARTESIAN_POINT('Ctrl Pts',(-32.5627377975328,-0.250000000001549,
20.4419911535999));
#7797=CARTESIAN_POINT('Ctrl Pts',(-32.606411522255,-1.25000000000155,20.3158251643181));
#7798=CARTESIAN_POINT('Ctrl Pts',(-32.606411522255,-0.250000000001549,20.3158251643181));
#7799=CARTESIAN_POINT('',(-32.3908590730287,-1.25000000000155,21.0798088908195));
#7800=CARTESIAN_POINT('',(-32.606411522255,-1.25000000000155,20.3158251643181));
#7801=CARTESIAN_POINT('Ctrl Pts',(-32.3908590730287,-1.25000000000155,21.0798088908195));
#7802=CARTESIAN_POINT('Ctrl Pts',(-32.4191097631116,-1.25000000000155,20.9513343802264));
#7803=CARTESIAN_POINT('Ctrl Pts',(-32.4760331680309,-1.25000000000155,20.692466134289));
#7804=CARTESIAN_POINT('Ctrl Pts',(-32.5627377975328,-1.25000000000155,20.4419911535999));
#7805=CARTESIAN_POINT('Ctrl Pts',(-32.606411522255,-1.25000000000155,20.3158251643181));
#7806=CARTESIAN_POINT('',(-32.3908590730287,-0.250000000001549,21.0798088908195));
#7807=CARTESIAN_POINT('',(-32.3908590730287,-1.25000000000155,21.0798088908195));
#7808=CARTESIAN_POINT('',(-32.606411522255,-0.250000000001549,20.3158251643181));
#7809=CARTESIAN_POINT('Ctrl Pts',(-32.3908590730287,-0.250000000001549,
21.0798088908195));
#7810=CARTESIAN_POINT('Ctrl Pts',(-32.4191097631116,-0.250000000001549,
20.9513343802264));
#7811=CARTESIAN_POINT('Ctrl Pts',(-32.4760331680309,-0.250000000001549,
20.692466134289));
#7812=CARTESIAN_POINT('Ctrl Pts',(-32.5627377975328,-0.250000000001549,
20.4419911535999));
#7813=CARTESIAN_POINT('Ctrl Pts',(-32.606411522255,-0.250000000001549,20.3158251643181));
#7814=CARTESIAN_POINT('',(-32.606411522255,-1.25000000000155,20.3158251643181));
#7815=CARTESIAN_POINT('Ctrl Pts',(-32.107093280182,-1.25000000000155,20.2503408193588));
#7816=CARTESIAN_POINT('Ctrl Pts',(-32.107093280182,-0.250000000001549,20.2503408193588));
#7817=CARTESIAN_POINT('Ctrl Pts',(-32.1642962963686,-1.25000000000155,20.403007227884));
#7818=CARTESIAN_POINT('Ctrl Pts',(-32.1642962963686,-0.250000000001549,
20.403007227884));
#7819=CARTESIAN_POINT('Ctrl Pts',(-32.2668780120815,-1.25000000000155,20.6767826887297));
#7820=CARTESIAN_POINT('Ctrl Pts',(-32.2668780120815,-0.250000000001549,
20.6767826887297));
#7821=CARTESIAN_POINT('Ctrl Pts',(-32.3528347183215,-1.25000000000155,20.9562028243165));
#7822=CARTESIAN_POINT('Ctrl Pts',(-32.3528347183215,-0.250000000001549,
20.9562028243165));
#7823=CARTESIAN_POINT('Ctrl Pts',(-32.3908590730287,-1.25000000000155,21.0798088908195));
#7824=CARTESIAN_POINT('Ctrl Pts',(-32.3908590730287,-0.250000000001549,
21.0798088908195));
#7825=CARTESIAN_POINT('',(-32.107093280182,-1.25000000000155,20.2503408193588));
#7826=CARTESIAN_POINT('Ctrl Pts',(-32.107093280182,-1.25000000000155,20.2503408193588));
#7827=CARTESIAN_POINT('Ctrl Pts',(-32.1642962963686,-1.25000000000155,20.403007227884));
#7828=CARTESIAN_POINT('Ctrl Pts',(-32.2668780120815,-1.25000000000155,20.6767826887297));
#7829=CARTESIAN_POINT('Ctrl Pts',(-32.3528347183215,-1.25000000000155,20.9562028243165));
#7830=CARTESIAN_POINT('Ctrl Pts',(-32.3908590730287,-1.25000000000155,21.0798088908195));
#7831=CARTESIAN_POINT('',(-32.107093280182,-0.250000000001549,20.2503408193588));
#7832=CARTESIAN_POINT('',(-32.107093280182,-1.25000000000155,20.2503408193588));
#7833=CARTESIAN_POINT('Ctrl Pts',(-32.107093280182,-0.250000000001549,20.2503408193588));
#7834=CARTESIAN_POINT('Ctrl Pts',(-32.1642962963686,-0.250000000001549,
20.403007227884));
#7835=CARTESIAN_POINT('Ctrl Pts',(-32.2668780120815,-0.250000000001549,
20.6767826887297));
#7836=CARTESIAN_POINT('Ctrl Pts',(-32.3528347183215,-0.250000000001549,
20.9562028243165));
#7837=CARTESIAN_POINT('Ctrl Pts',(-32.3908590730287,-0.250000000001549,
21.0798088908195));
#7838=CARTESIAN_POINT('Origin',(-31.6896306928254,-1.25000000000155,19.1425646543503));
#7839=CARTESIAN_POINT('',(-31.6896306928254,-1.25000000000155,19.1425646543503));
#7840=CARTESIAN_POINT('',(-29.5764697455846,-1.25000000000156,13.5350937070657));
#7841=CARTESIAN_POINT('',(-31.6896306928254,-0.250000000001549,19.1425646543503));
#7842=CARTESIAN_POINT('',(-31.6896306928254,-1.25000000000155,19.1425646543503));
#7843=CARTESIAN_POINT('',(-31.6896306928254,-0.250000000001549,19.1425646543503));
#7844=CARTESIAN_POINT('Origin',(-33.0457019265748,-1.25000000000155,19.1425646543503));
#7845=CARTESIAN_POINT('',(-33.0457019265748,-1.25000000000155,19.1425646543503));
#7846=CARTESIAN_POINT('',(-40.7728509632877,-1.25000000000156,19.1425646543503));
#7847=CARTESIAN_POINT('',(-33.0457019265748,-0.250000000001549,19.1425646543503));
#7848=CARTESIAN_POINT('',(-33.0457019265748,-1.25000000000155,19.1425646543503));
#7849=CARTESIAN_POINT('',(-33.0457019265748,-0.250000000001549,19.1425646543503));
#7850=CARTESIAN_POINT('Origin',(-32.606411522255,-1.25000000000155,20.3158251643181));
#7851=CARTESIAN_POINT('',(-36.9191736255825,-1.25000000000156,8.79726383231016));
#7852=CARTESIAN_POINT('',(-32.606411522255,-0.250000000001549,20.3158251643181));
#7853=CARTESIAN_POINT('Origin',(-33.198499029503,-1.25000000000155,18.7114594578743));
#7854=CARTESIAN_POINT('',(-33.198499029503,-1.25000000000155,18.7114594578743));
#7855=CARTESIAN_POINT('',(-33.6377894338227,-1.25000000000155,17.4999998211861));
#7856=CARTESIAN_POINT('',(-37.0858453701802,-1.25000000000156,7.99107235346985));
#7857=CARTESIAN_POINT('',(-33.198499029503,-0.250000000001549,18.7114594578743));
#7858=CARTESIAN_POINT('',(-33.198499029503,-1.25000000000155,18.7114594578743));
#7859=CARTESIAN_POINT('',(-33.6377894338227,-0.250000000001549,17.4999998211861));
#7860=CARTESIAN_POINT('',(-33.198499029503,-0.250000000001549,18.7114594578743));
#7861=CARTESIAN_POINT('',(-33.6377894338227,-1.25000000000155,17.4999998211861));
#7862=CARTESIAN_POINT('Origin',(-31.5259205754853,-1.25000000000155,18.7114594578743));
#7863=CARTESIAN_POINT('',(-31.5259205754853,-1.25000000000155,18.7114594578743));
#7864=CARTESIAN_POINT('',(-40.012960287743,-1.25000000000156,18.7114594578743));
#7865=CARTESIAN_POINT('',(-31.5259205754853,-0.250000000001549,18.7114594578743));
#7866=CARTESIAN_POINT('',(-31.5259205754853,-1.25000000000155,18.7114594578743));
#7867=CARTESIAN_POINT('',(-31.5259205754853,-0.250000000001549,18.7114594578743));
#7868=CARTESIAN_POINT('Origin',(-31.0593449529267,-1.25000000000155,17.4999998211861));
#7869=CARTESIAN_POINT('',(-31.0593449529267,-1.25000000000155,17.4999998211861));
#7870=CARTESIAN_POINT('',(-29.2511051977318,-1.25000000000156,12.8049206722565));
#7871=CARTESIAN_POINT('',(-31.0593449529267,-0.250000000001549,17.4999998211861));
#7872=CARTESIAN_POINT('',(-31.0593449529267,-1.25000000000155,17.4999998211861));
#7873=CARTESIAN_POINT('',(-31.0593449529267,-0.250000000001549,17.4999998211861));
#7874=CARTESIAN_POINT('Origin',(-30.456343239174,-1.25000000000155,17.4999998211861));
#7875=CARTESIAN_POINT('',(-30.456343239174,-1.25000000000155,17.4999998211861));
#7876=CARTESIAN_POINT('',(-39.4781716195873,-1.25000000000156,17.4999998211861));
#7877=CARTESIAN_POINT('',(-30.456343239174,-0.250000000001549,17.4999998211861));
#7878=CARTESIAN_POINT('',(-30.456343239174,-1.25000000000155,17.4999998211861));
#7879=CARTESIAN_POINT('',(-30.456343239174,-0.250000000001549,17.4999998211861));
#7880=CARTESIAN_POINT('Origin',(-32.0934509690858,-1.25000000000155,21.4999998807907));
#7881=CARTESIAN_POINT('',(-32.0934509690858,-1.25000000000155,21.4999998807907));
#7882=CARTESIAN_POINT('',(-29.5019337221472,-1.25000000000156,15.1680591338129));
#7883=CARTESIAN_POINT('',(-32.0934509690858,-0.250000000001549,21.4999998807907));
#7884=CARTESIAN_POINT('',(-32.0934509690858,-1.25000000000155,21.4999998807907));
#7885=CARTESIAN_POINT('',(-32.0934509690858,-0.250000000001549,21.4999998807907));
#7886=CARTESIAN_POINT('Origin',(-32.6637100633241,-1.25000000000155,21.4999998807907));
#7887=CARTESIAN_POINT('',(-32.6637100633241,-1.25000000000155,21.4999998807907));
#7888=CARTESIAN_POINT('',(-40.5818550316624,-1.25000000000156,21.4999998807907));
#7889=CARTESIAN_POINT('',(-32.6637100633241,-0.250000000001549,21.4999998807907));
#7890=CARTESIAN_POINT('',(-32.6637100633241,-1.25000000000155,21.4999998807907));
#7891=CARTESIAN_POINT('',(-32.6637100633241,-0.250000000001549,21.4999998807907));
#7892=CARTESIAN_POINT('Origin',(-34.199863022194,-1.25000000000155,17.4999998211861));
#7893=CARTESIAN_POINT('',(-34.199863022194,-1.25000000000155,17.4999998211861));
#7894=CARTESIAN_POINT('',(-38.0472889756757,-1.25000000000156,7.48165890377337));
#7895=CARTESIAN_POINT('',(-34.199863022194,-0.250000000001549,17.4999998211861));
#7896=CARTESIAN_POINT('',(-34.199863022194,-1.25000000000155,17.4999998211861));
#7897=CARTESIAN_POINT('',(-34.199863022194,-0.250000000001549,17.4999998211861));
#7898=CARTESIAN_POINT('Origin',(-33.6377894338227,-1.25000000000155,17.4999998211861));
#7899=CARTESIAN_POINT('',(-41.0688947169117,-1.25000000000156,17.4999998211861));
#7900=CARTESIAN_POINT('',(-33.6377894338227,-0.250000000001549,17.4999998211861));
#7901=CARTESIAN_POINT('Origin',(-30.4999991711236,-0.250000000001549,19.4999998509884));
#7902=CARTESIAN_POINT('Origin',(-37.1793990787126,-1.25000000000155,19.1944063901901));
#7903=CARTESIAN_POINT('',(-37.1793990787126,-1.25000000000155,19.1944063901901));
#7904=CARTESIAN_POINT('',(-37.1793990787126,-1.25000000000155,17.4999998211861));
#7905=CARTESIAN_POINT('',(-37.1793990787126,-1.25000000000156,9.59720319509506));
#7906=CARTESIAN_POINT('',(-37.1793990787126,-0.250000000001549,19.1944063901901));
#7907=CARTESIAN_POINT('',(-37.1793990787126,-1.25000000000155,19.1944063901901));
#7908=CARTESIAN_POINT('',(-37.1793990787126,-0.250000000001549,17.4999998211861));
#7909=CARTESIAN_POINT('',(-37.1793990787126,-0.250000000001549,19.1944063901901));
#7910=CARTESIAN_POINT('',(-37.1793990787126,-1.25000000000155,17.4999998211861));
#7911=CARTESIAN_POINT('Origin',(-35.583219176159,-1.25000000000155,21.4999998807907));
#7912=CARTESIAN_POINT('',(-35.583219176159,-1.25000000000155,21.4999998807907));
#7913=CARTESIAN_POINT('',(-42.7067370471263,-1.25000000000156,11.2104727371371));
#7914=CARTESIAN_POINT('',(-35.583219176159,-0.250000000001549,21.4999998807907));
#7915=CARTESIAN_POINT('',(-35.583219176159,-1.25000000000155,21.4999998807907));
#7916=CARTESIAN_POINT('',(-35.583219176159,-0.250000000001549,21.4999998807907));
#7917=CARTESIAN_POINT('Origin',(-36.1998629029847,-1.25000000000155,21.4999998807907));
#7918=CARTESIAN_POINT('',(-36.1998629029847,-1.25000000000155,21.4999998807907));
#7919=CARTESIAN_POINT('',(-42.3499314514927,-1.25000000000156,21.4999998807907));
#7920=CARTESIAN_POINT('',(-36.1998629029847,-0.250000000001549,21.4999998807907));
#7921=CARTESIAN_POINT('',(-36.1998629029847,-1.25000000000155,21.4999998807907));
#7922=CARTESIAN_POINT('',(-36.1998629029847,-0.250000000001549,21.4999998807907));
#7923=CARTESIAN_POINT('Origin',(-36.974760835991,-1.25000000000155,20.3240106701851));
#7924=CARTESIAN_POINT('',(-36.974760835991,-1.25000000000155,20.3240106701851));
#7925=CARTESIAN_POINT('',(-43.3882411921371,-1.25000000000156,10.5908788859793));
#7926=CARTESIAN_POINT('',(-36.974760835991,-0.250000000001549,20.3240106701851));
#7927=CARTESIAN_POINT('',(-36.974760835991,-1.25000000000155,20.3240106701851));
#7928=CARTESIAN_POINT('',(-36.974760835991,-0.250000000001549,20.3240106701851));
#7929=CARTESIAN_POINT('Ctrl Pts',(-37.4113225396729,-1.25000000000155,19.6173257827759));
#7930=CARTESIAN_POINT('Ctrl Pts',(-37.4113225396729,-0.250000000001549,
19.6173257827759));
#7931=CARTESIAN_POINT('Ctrl Pts',(-37.3456581641228,-1.25000000000155,19.7289624790348));
#7932=CARTESIAN_POINT('Ctrl Pts',(-37.3456581641228,-0.250000000001549,
19.7289624790348));
#7933=CARTESIAN_POINT('Ctrl Pts',(-37.2052482694415,-1.25000000000155,19.9676748193707));
#7934=CARTESIAN_POINT('Ctrl Pts',(-37.2052482694415,-0.250000000001549,
19.9676748193707));
#7935=CARTESIAN_POINT('Ctrl Pts',(-37.0548327363963,-1.25000000000155,20.2002187205325));
#7936=CARTESIAN_POINT('Ctrl Pts',(-37.0548327363963,-0.250000000001549,
20.2002187205325));
#7937=CARTESIAN_POINT('Ctrl Pts',(-36.974760835991,-1.25000000000155,20.3240106701851));
#7938=CARTESIAN_POINT('Ctrl Pts',(-36.974760835991,-0.250000000001549,20.3240106701851));
#7939=CARTESIAN_POINT('',(-37.4113225396729,-1.25000000000155,19.6173257827759));
#7940=CARTESIAN_POINT('Ctrl Pts',(-37.4113225396729,-1.25000000000155,19.6173257827759));
#7941=CARTESIAN_POINT('Ctrl Pts',(-37.3456581641228,-1.25000000000155,19.7289624790348));
#7942=CARTESIAN_POINT('Ctrl Pts',(-37.2052482694415,-1.25000000000155,19.9676748193707));
#7943=CARTESIAN_POINT('Ctrl Pts',(-37.0548327363963,-1.25000000000155,20.2002187205325));
#7944=CARTESIAN_POINT('Ctrl Pts',(-36.974760835991,-1.25000000000155,20.3240106701851));
#7945=CARTESIAN_POINT('',(-37.4113225396729,-0.250000000001549,19.6173257827759));
#7946=CARTESIAN_POINT('',(-37.4113225396729,-1.25000000000155,19.6173257827759));
#7947=CARTESIAN_POINT('Ctrl Pts',(-37.4113225396729,-0.250000000001549,
19.6173257827759));
#7948=CARTESIAN_POINT('Ctrl Pts',(-37.3456581641228,-0.250000000001549,
19.7289624790348));
#7949=CARTESIAN_POINT('Ctrl Pts',(-37.2052482694415,-0.250000000001549,
19.9676748193707));
#7950=CARTESIAN_POINT('Ctrl Pts',(-37.0548327363963,-0.250000000001549,
20.2002187205325));
#7951=CARTESIAN_POINT('Ctrl Pts',(-36.974760835991,-0.250000000001549,20.3240106701851));
#7952=CARTESIAN_POINT('Ctrl Pts',(-37.8178709205247,-1.25000000000155,20.2939970493317));
#7953=CARTESIAN_POINT('Ctrl Pts',(-37.8178709205247,-0.250000000001549,
20.2939970493317));
#7954=CARTESIAN_POINT('Ctrl Pts',(-37.7466746204378,-1.25000000000155,20.1817813329505));
#7955=CARTESIAN_POINT('Ctrl Pts',(-37.7466746204378,-0.250000000001549,
20.1817813329505));
#7956=CARTESIAN_POINT('Ctrl Pts',(-37.6056621976763,-1.25000000000155,19.9595252603808));
#7957=CARTESIAN_POINT('Ctrl Pts',(-37.6056621976763,-0.250000000001549,
19.9595252603808));
#7958=CARTESIAN_POINT('Ctrl Pts',(-37.4756783477331,-1.25000000000155,19.7306455453261));
#7959=CARTESIAN_POINT('Ctrl Pts',(-37.4756783477331,-0.250000000001549,
19.7306455453261));
#7960=CARTESIAN_POINT('Ctrl Pts',(-37.4113225396729,-1.25000000000155,19.6173257827759));
#7961=CARTESIAN_POINT('Ctrl Pts',(-37.4113225396729,-0.250000000001549,
19.6173257827759));
#7962=CARTESIAN_POINT('',(-37.8178709205247,-1.25000000000155,20.2939970493317));
#7963=CARTESIAN_POINT('Ctrl Pts',(-37.8178709205247,-1.25000000000155,20.2939970493317));
#7964=CARTESIAN_POINT('Ctrl Pts',(-37.7466746204378,-1.25000000000155,20.1817813329505));
#7965=CARTESIAN_POINT('Ctrl Pts',(-37.6056621976763,-1.25000000000155,19.9595252603808));
#7966=CARTESIAN_POINT('Ctrl Pts',(-37.4756783477331,-1.25000000000155,19.7306455453261));
#7967=CARTESIAN_POINT('Ctrl Pts',(-37.4113225396729,-1.25000000000155,19.6173257827759));
#7968=CARTESIAN_POINT('',(-37.8178709205247,-0.250000000001549,20.2939970493317));
#7969=CARTESIAN_POINT('',(-37.8178709205247,-1.25000000000155,20.2939970493317));
#7970=CARTESIAN_POINT('Ctrl Pts',(-37.8178709205247,-0.250000000001549,
20.2939970493317));
#7971=CARTESIAN_POINT('Ctrl Pts',(-37.7466746204378,-0.250000000001549,
20.1817813329505));
#7972=CARTESIAN_POINT('Ctrl Pts',(-37.6056621976763,-0.250000000001549,
19.9595252603808));
#7973=CARTESIAN_POINT('Ctrl Pts',(-37.4756783477331,-0.250000000001549,
19.7306455453261));
#7974=CARTESIAN_POINT('Ctrl Pts',(-37.4113225396729,-0.250000000001549,
19.6173257827759));
#7975=CARTESIAN_POINT('Origin',(-38.6064113136388,-1.25000000000155,21.4999998807907));
#7976=CARTESIAN_POINT('',(-38.6064113136388,-1.25000000000155,21.4999998807907));
#7977=CARTESIAN_POINT('',(-35.1640523513989,-1.25000000000156,16.2352161213124));
#7978=CARTESIAN_POINT('',(-38.6064113136388,-0.250000000001549,21.4999998807907));
#7979=CARTESIAN_POINT('',(-38.6064113136388,-1.25000000000155,21.4999998807907));
#7980=CARTESIAN_POINT('',(-38.6064113136388,-0.250000000001549,21.4999998807907));
#7981=CARTESIAN_POINT('Origin',(-39.2503404077149,-1.25000000000155,21.4999998807907));
#7982=CARTESIAN_POINT('',(-39.2503404077149,-1.25000000000155,21.4999998807907));
#7983=CARTESIAN_POINT('',(-43.8751702038578,-1.25000000000156,21.4999998807907));
#7984=CARTESIAN_POINT('',(-39.2503404077149,-0.250000000001549,21.4999998807907));
#7985=CARTESIAN_POINT('',(-39.2503404077149,-1.25000000000155,21.4999998807907));
#7986=CARTESIAN_POINT('',(-39.2503404077149,-0.250000000001549,21.4999998807907));
#7987=CARTESIAN_POINT('Origin',(-37.7087306436158,-1.25000000000155,19.1944063901901));
#7988=CARTESIAN_POINT('',(-37.7087306436158,-1.25000000000155,19.1944063901901));
#7989=CARTESIAN_POINT('',(-34.9412268547424,-1.25000000000156,15.0553960716042));
#7990=CARTESIAN_POINT('',(-37.7087306436158,-0.250000000001549,19.1944063901901));
#7991=CARTESIAN_POINT('',(-37.7087306436158,-1.25000000000155,19.1944063901901));
#7992=CARTESIAN_POINT('',(-37.7087306436158,-0.250000000001549,19.1944063901901));
#7993=CARTESIAN_POINT('Origin',(-37.7087306436158,-1.25000000000155,17.4999998211861));
#7994=CARTESIAN_POINT('',(-37.7087306436158,-1.25000000000155,17.4999998211861));
#7995=CARTESIAN_POINT('',(-37.7087306436158,-1.25000000000156,8.74999991059303));
#7996=CARTESIAN_POINT('',(-37.7087306436158,-0.250000000001549,17.4999998211861));
#7997=CARTESIAN_POINT('',(-37.7087306436158,-1.25000000000155,17.4999998211861));
#7998=CARTESIAN_POINT('',(-37.7087306436158,-0.250000000001549,17.4999998211861));
#7999=CARTESIAN_POINT('Origin',(-37.1793990787126,-1.25000000000155,17.4999998211861));
#8000=CARTESIAN_POINT('',(-42.8396995393566,-1.25000000000156,17.4999998211861));
#8001=CARTESIAN_POINT('',(-37.1793990787126,-0.250000000001549,17.4999998211861));
#8002=CARTESIAN_POINT('Origin',(-30.4999991711236,-0.250000000001549,19.4999998509884));
#8003=CARTESIAN_POINT('Origin',(-48.5000000000007,-1.25000000000156,0.));
#8004=CARTESIAN_POINT('Origin',(-48.5000000000007,-1.25000000000156,0.));
#8005=CARTESIAN_POINT('Origin',(45.9999999999993,72.0003377181985,50.8));
#8006=CARTESIAN_POINT('',(47.2499999999993,72.0003377181985,4.5));
#8007=CARTESIAN_POINT('',(45.9999999999993,72.0003377181985,4.5));
#8008=CARTESIAN_POINT('',(46.6249999999993,72.0003377181985,4.5));
#8009=CARTESIAN_POINT('',(47.2499999999993,72.0003377181985,50.8));
#8010=CARTESIAN_POINT('',(47.2499999999993,72.0003377181985,50.8));
#8011=CARTESIAN_POINT('',(45.9999999999993,72.0003377181985,50.8));
#8012=CARTESIAN_POINT('',(22.9999999999992,72.0003377181985,50.8));
#8013=CARTESIAN_POINT('',(45.9999999999993,72.0003377181985,25.4));
#8014=CARTESIAN_POINT('Origin',(-47.250000000001,72.0003377181985,50.8));
#8015=CARTESIAN_POINT('',(-46.0000000000011,72.0003377181985,4.5));
#8016=CARTESIAN_POINT('',(-47.250000000001,72.0003377181985,4.5));
#8017=CARTESIAN_POINT('',(-8.30446822419617E-13,72.0003377181985,4.5));
#8018=CARTESIAN_POINT('',(-46.0000000000011,72.0003377181985,50.8));
#8019=CARTESIAN_POINT('',(-46.0000000000011,72.0003377181985,25.4));
#8020=CARTESIAN_POINT('',(-47.250000000001,72.0003377181985,50.8));
#8021=CARTESIAN_POINT('',(-23.6250000000009,72.0003377181985,50.8));
#8022=CARTESIAN_POINT('',(-47.250000000001,72.0003377181985,50.8));
#8023=CARTESIAN_POINT('Origin',(47.2499999999993,74.2499999999951,2.));
#8024=CARTESIAN_POINT('',(47.2499999999993,73.9999999999952,4.5));
#8025=CARTESIAN_POINT('',(47.2499999999993,74.2499999999951,4.5));
#8026=CARTESIAN_POINT('',(47.2499999999993,73.9999999999952,2.));
#8027=CARTESIAN_POINT('',(47.2499999999993,73.9999999999952,14.6674932671153));
#8028=CARTESIAN_POINT('',(47.2499999999998,2.9999999999951,2.));
#8029=CARTESIAN_POINT('',(47.2499999999993,74.2499999999951,2.));
#8030=CARTESIAN_POINT('',(47.2499999999998,2.9999999999951,4.5));
#8031=CARTESIAN_POINT('',(47.2499999999998,2.9999999999951,2.625));
#8032=CARTESIAN_POINT('',(47.2499999999993,69.5003377181985,4.5));
#8033=CARTESIAN_POINT('',(47.2499999999993,74.2499999999951,4.5));
#8034=CARTESIAN_POINT('',(47.2499999999993,69.5003377181985,50.8));
#8035=CARTESIAN_POINT('',(47.2499999999993,69.5003377181985,50.8));
#8036=CARTESIAN_POINT('',(47.2499999999993,54.2501688590976,50.8));
#8037=CARTESIAN_POINT('Origin',(45.9999999999993,74.2499999999952,0.));
#8038=CARTESIAN_POINT('',(45.9999999999993,69.5003377181985,48.8));
#8039=CARTESIAN_POINT('',(45.9999999999993,69.5003377181985,4.5));
#8040=CARTESIAN_POINT('',(45.9999999999993,69.5003377181985,25.4));
#8041=CARTESIAN_POINT('',(45.9999999999993,4.24999999999844,4.5));
#8042=CARTESIAN_POINT('',(45.9999999999993,74.2499999999951,4.5));
#8043=CARTESIAN_POINT('',(45.9999999999993,4.24999999999844,48.8));
#8044=CARTESIAN_POINT('',(45.9999999999993,4.24999999999843,0.));
#8045=CARTESIAN_POINT('',(45.9999999999993,54.8125844295468,48.8));
#8046=CARTESIAN_POINT('Origin',(45.9999999999993,74.2499999999952,0.));
#8047=CARTESIAN_POINT('',(45.9999999999993,73.9999999999952,50.8));
#8048=CARTESIAN_POINT('',(45.9999999999993,1.24999999999863,50.8));
#8049=CARTESIAN_POINT('',(45.9999999999993,73.9999999999952,4.5));
#8050=CARTESIAN_POINT('',(45.9999999999993,73.9999999999952,13.6674932671153));
#8051=CARTESIAN_POINT('',(45.9999999999993,74.2499999999951,4.5));
#8052=CARTESIAN_POINT('Origin',(-8.34887714518118E-13,36.4999999999968,
50.8));
#8053=CARTESIAN_POINT('',(-47.250000000001,69.5003377181985,50.8));
#8054=CARTESIAN_POINT('',(-23.000000000001,69.5003377181985,50.8));
#8055=CARTESIAN_POINT('',(-47.250000000001,53.0001688590976,50.8));
#8056=CARTESIAN_POINT('',(-46.000000000001,73.9999999999952,50.8));
#8057=CARTESIAN_POINT('',(-46.000000000003,1.24999999999844,50.8));
#8058=CARTESIAN_POINT('',(-48.500000000001,73.9999999999952,50.8));
#8059=CARTESIAN_POINT('',(-0.202242228527303,73.9999999999952,50.8));
#8060=CARTESIAN_POINT('',(-48.5000000000007,4.74999999999842,50.8));
#8061=CARTESIAN_POINT('',(-48.500000000001,74.2499999999948,50.8));
#8062=CARTESIAN_POINT('',(-42.5000000000007,-1.25000000000156,50.8));
#8063=CARTESIAN_POINT('Origin',(-42.5000000000007,4.74999999999844,50.8));
#8064=CARTESIAN_POINT('',(42.4999999999993,-1.25000000000153,50.8));
#8065=CARTESIAN_POINT('',(48.4999999999993,-1.25000000000153,50.8));
#8066=CARTESIAN_POINT('',(48.4999999999993,4.74999999999847,50.8));
#8067=CARTESIAN_POINT('Origin',(42.4999999999993,4.74999999999847,50.8));
#8068=CARTESIAN_POINT('',(48.4999999999993,73.9999999999952,50.8));
#8069=CARTESIAN_POINT('',(48.4999999999993,1.24999999999844,50.8));
#8070=CARTESIAN_POINT('',(-0.202242228527303,73.9999999999952,50.8));
#8071=CARTESIAN_POINT('Origin',(-46.000000000003,1.24999999999844,0.));
#8072=CARTESIAN_POINT('',(-46.000000000001,73.9999999999952,4.5));
#8073=CARTESIAN_POINT('',(-46.000000000002,37.7499999999981,4.5));
#8074=CARTESIAN_POINT('',(-46.000000000001,73.9999999999952,13.6674932671153));
#8075=CARTESIAN_POINT('Origin',(-47.250000000001,74.2499999999945,2.));
#8076=CARTESIAN_POINT('',(45.9999999999993,73.9999999999952,2.));
#8077=CARTESIAN_POINT('',(-23.8272422285274,73.9999999999952,2.));
#8078=CARTESIAN_POINT('',(45.9999999999993,4.24999999999844,2.));
#8079=CARTESIAN_POINT('',(45.9999999999993,74.2499999999948,2.));
#8080=CARTESIAN_POINT('',(42.9999999999993,1.24999999999844,2.));
#8081=CARTESIAN_POINT('Origin',(42.9999999999993,4.24999999999844,2.));
#8082=CARTESIAN_POINT('',(-43.0000000000029,1.24999999999844,2.));
#8083=CARTESIAN_POINT('',(-0.625000000000835,1.24999999999844,2.));
#8084=CARTESIAN_POINT('',(-46.0000000000029,4.24999999999852,2.));
#8085=CARTESIAN_POINT('Origin',(-43.0000000000029,4.24999999999844,2.));
#8086=CARTESIAN_POINT('',(-46.000000000001,73.9999999999952,2.));
#8087=CARTESIAN_POINT('',(-46.000000000002,37.7499999999965,2.));
#8088=CARTESIAN_POINT('',(-47.250000000001,73.9999999999952,2.));
#8089=CARTESIAN_POINT('',(-23.8272422285274,73.9999999999952,2.));
#8090=CARTESIAN_POINT('',(-47.2500000000006,2.99999999999454,2.));
#8091=CARTESIAN_POINT('',(-47.250000000001,74.2499999999945,2.));
#8092=CARTESIAN_POINT('',(-44.2500000000005,-5.43565192856477E-12,2.));
#8093=CARTESIAN_POINT('Origin',(-44.2500000000006,2.99999999999456,2.));
#8094=CARTESIAN_POINT('',(44.2499999999998,-4.91162666094169E-12,2.));
#8095=CARTESIAN_POINT('',(47.2499999999998,-4.89386309254769E-12,2.));
#8096=CARTESIAN_POINT('Origin',(44.2499999999998,2.99999999999509,2.));
#8097=CARTESIAN_POINT('Origin',(47.2499999999993,74.2499999999951,4.5));
#8098=CARTESIAN_POINT('',(-47.250000000001,73.9999999999952,4.5));
#8099=CARTESIAN_POINT('',(-47.250000000001,74.2499999999945,4.5));
#8100=CARTESIAN_POINT('',(23.4227577714728,73.9999999999952,4.5));
#8101=CARTESIAN_POINT('Origin',(47.2499999999993,74.2499999999951,4.5));
#8102=CARTESIAN_POINT('',(47.2499999999993,69.5003377181985,4.5));
#8103=CARTESIAN_POINT('',(44.2499999999998,-4.91162666094169E-12,4.5));
#8104=CARTESIAN_POINT('Origin',(44.2499999999998,2.99999999999509,4.5));
#8105=CARTESIAN_POINT('',(-44.2500000000005,-5.43565192856477E-12,4.5));
#8106=CARTESIAN_POINT('',(-47.2500000000005,-5.45341549695877E-12,4.5));
#8107=CARTESIAN_POINT('',(-47.2500000000006,2.99999999999454,4.5));
#8108=CARTESIAN_POINT('Origin',(-44.2500000000006,2.99999999999456,4.5));
#8109=CARTESIAN_POINT('',(-47.250000000001,69.5003377181985,4.5));
#8110=CARTESIAN_POINT('',(-47.250000000001,74.2499999999945,4.5));
#8111=CARTESIAN_POINT('',(-46.0000000000011,69.5003377181985,4.5));
#8112=CARTESIAN_POINT('',(0.624999999999094,69.5003377181985,4.5));
#8113=CARTESIAN_POINT('',(-46.0000000000029,4.24999999999852,4.5));
#8114=CARTESIAN_POINT('',(-46.000000000002,37.7499999999981,4.5));
#8115=CARTESIAN_POINT('',(-43.0000000000029,1.24999999999844,4.5));
#8116=CARTESIAN_POINT('Origin',(-43.0000000000029,4.24999999999844,4.5));
#8117=CARTESIAN_POINT('',(42.9999999999993,1.24999999999844,4.5));
#8118=CARTESIAN_POINT('',(46.6249999999993,1.24999999999844,4.5));
#8119=CARTESIAN_POINT('Origin',(42.9999999999993,4.24999999999844,4.5));
#8120=CARTESIAN_POINT('Origin',(47.2499999999993,74.2499999999951,4.5));
#8121=CARTESIAN_POINT('',(23.4227577714728,73.9999999999952,4.5));
#8122=CARTESIAN_POINT('Origin',(20.9999999999993,-1.25000000000155,7.5));
#8123=CARTESIAN_POINT('',(19.4999999999993,-1.25000000000154,7.5));
#8124=CARTESIAN_POINT('',(20.9999999999993,-1.25000000000154,6.));
#8125=CARTESIAN_POINT('Origin',(20.9999999999993,-1.25000000000156,7.5));
#8126=CARTESIAN_POINT('',(20.9999999999993,1.24999999999844,6.));
#8127=CARTESIAN_POINT('',(20.9999999999993,-1.25000000000155,6.));
#8128=CARTESIAN_POINT('',(19.4999999999993,1.24999999999844,7.5));
#8129=CARTESIAN_POINT('Origin',(20.9999999999993,1.24999999999844,7.5));
#8130=CARTESIAN_POINT('',(19.4999999999993,-1.25000000000155,7.5));
#8131=CARTESIAN_POINT('Origin',(41.4999999999993,-1.25000000000155,6.));
#8132=CARTESIAN_POINT('',(39.9999999999993,-1.25000000000154,6.));
#8133=CARTESIAN_POINT('',(-3.50000000000068,-1.25000000000155,6.));
#8134=CARTESIAN_POINT('',(39.9999999999993,1.24999999999844,6.));
#8135=CARTESIAN_POINT('',(39.9999999999993,-1.25000000000155,6.));
#8136=CARTESIAN_POINT('',(43.7499999999993,1.24999999999844,6.));
#8137=CARTESIAN_POINT('Origin',(20.9999999999993,-1.25000000000155,14.5));
#8138=CARTESIAN_POINT('',(20.9999999999993,-1.25000000000154,16.));
#8139=CARTESIAN_POINT('',(19.4999999999993,-1.25000000000154,14.5));
#8140=CARTESIAN_POINT('Origin',(20.9999999999993,-1.25000000000156,14.5));
#8141=CARTESIAN_POINT('',(19.4999999999993,1.24999999999844,14.5));
#8142=CARTESIAN_POINT('',(19.4999999999993,-1.25000000000155,14.5));
#8143=CARTESIAN_POINT('',(20.9999999999993,1.24999999999844,16.));
#8144=CARTESIAN_POINT('Origin',(20.9999999999993,1.24999999999844,14.5));
#8145=CARTESIAN_POINT('',(20.9999999999993,-1.25000000000155,16.));
#8146=CARTESIAN_POINT('Origin',(19.4999999999993,-1.25000000000155,6.));
#8147=CARTESIAN_POINT('',(19.4999999999993,1.24999999999844,2.99999999999998));
#8148=CARTESIAN_POINT('',(19.4999999999993,-1.25000000000154,3.00000000000005));
#8149=CARTESIAN_POINT('Origin',(39.9999999999993,-1.25000000000155,14.5));
#8150=CARTESIAN_POINT('',(41.4999999999993,-1.25000000000153,14.5));
#8151=CARTESIAN_POINT('',(39.9999999999993,-1.25000000000154,16.));
#8152=CARTESIAN_POINT('Origin',(39.9999999999993,-1.25000000000156,14.5));
#8153=CARTESIAN_POINT('',(39.9999999999993,1.24999999999844,16.));
#8154=CARTESIAN_POINT('',(39.9999999999993,-1.25000000000155,16.));
#8155=CARTESIAN_POINT('',(41.4999999999993,1.24999999999844,14.5));
#8156=CARTESIAN_POINT('Origin',(39.9999999999993,1.24999999999844,14.5));
#8157=CARTESIAN_POINT('',(41.4999999999993,-1.25000000000155,14.5));
#8158=CARTESIAN_POINT('Origin',(19.4999999999993,-1.25000000000155,16.));
#8159=CARTESIAN_POINT('',(32.7499999999993,1.24999999999844,16.));
#8160=CARTESIAN_POINT('',(-14.5000000000007,-1.25000000000155,16.));
#8161=CARTESIAN_POINT('Origin',(39.9999999999993,-1.25000000000155,7.5));
#8162=CARTESIAN_POINT('',(41.4999999999993,-1.25000000000153,7.5));
#8163=CARTESIAN_POINT('Origin',(39.9999999999993,-1.25000000000156,7.5));
#8164=CARTESIAN_POINT('',(41.4999999999993,1.24999999999844,7.5));
#8165=CARTESIAN_POINT('',(41.4999999999993,-1.25000000000155,7.5));
#8166=CARTESIAN_POINT('Origin',(39.9999999999993,1.24999999999844,7.5));
#8167=CARTESIAN_POINT('Origin',(41.4999999999993,-1.25000000000155,16.));
#8168=CARTESIAN_POINT('',(41.4999999999993,1.24999999999844,8.00000000000001));
#8169=CARTESIAN_POINT('',(41.4999999999993,-1.25000000000153,7.99999999999992));
#8170=CARTESIAN_POINT('Origin',(-21.0000000000007,-1.25000000000155,7.5));
#8171=CARTESIAN_POINT('',(-21.0000000000007,-1.25000000000156,6.));
#8172=CARTESIAN_POINT('',(-19.5000000000007,-1.25000000000156,7.5));
#8173=CARTESIAN_POINT('Origin',(-21.0000000000007,-1.25000000000156,7.5));
#8174=CARTESIAN_POINT('',(-19.5000000000007,1.24999999999844,7.5));
#8175=CARTESIAN_POINT('',(-19.5000000000007,-1.25000000000155,7.5));
#8176=CARTESIAN_POINT('',(-21.0000000000007,1.24999999999844,6.));
#8177=CARTESIAN_POINT('Origin',(-21.0000000000007,1.24999999999844,7.5));
#8178=CARTESIAN_POINT('',(-21.0000000000007,-1.25000000000155,6.));
#8179=CARTESIAN_POINT('Origin',(-19.5000000000007,-1.25000000000155,16.));
#8180=CARTESIAN_POINT('',(-19.5000000000007,-1.25000000000156,14.5));
#8181=CARTESIAN_POINT('',(-19.5000000000007,-1.25000000000156,8.));
#8182=CARTESIAN_POINT('',(-19.5000000000007,1.24999999999844,14.5));
#8183=CARTESIAN_POINT('',(-19.5000000000007,-1.25000000000155,14.5));
#8184=CARTESIAN_POINT('',(-19.5000000000007,1.24999999999844,8.));
#8185=CARTESIAN_POINT('Origin',(-40.0000000000007,-1.25000000000155,7.5));
#8186=CARTESIAN_POINT('',(-41.5000000000007,-1.25000000000156,7.5));
#8187=CARTESIAN_POINT('',(-40.0000000000007,-1.25000000000156,6.));
#8188=CARTESIAN_POINT('Origin',(-40.0000000000007,-1.25000000000156,7.5));
#8189=CARTESIAN_POINT('',(-40.0000000000007,1.24999999999844,6.));
#8190=CARTESIAN_POINT('',(-40.0000000000007,-1.25000000000155,6.));
#8191=CARTESIAN_POINT('',(-41.5000000000007,1.24999999999844,7.5));
#8192=CARTESIAN_POINT('Origin',(-40.0000000000007,1.24999999999844,7.5));
#8193=CARTESIAN_POINT('',(-41.5000000000007,-1.25000000000155,7.5));
#8194=CARTESIAN_POINT('Origin',(-19.5000000000007,-1.25000000000155,6.));
#8195=CARTESIAN_POINT('',(13.2499999999993,1.24999999999844,6.));
#8196=CARTESIAN_POINT('',(-34.0000000000007,-1.25000000000156,6.));
#8197=CARTESIAN_POINT('Origin',(-21.0000000000007,-1.25000000000155,14.5));
#8198=CARTESIAN_POINT('',(-21.0000000000007,-1.25000000000156,16.));
#8199=CARTESIAN_POINT('Origin',(-21.0000000000007,-1.25000000000156,14.5));
#8200=CARTESIAN_POINT('',(-21.0000000000007,1.24999999999844,16.));
#8201=CARTESIAN_POINT('',(-21.0000000000007,-1.25000000000155,16.));
#8202=CARTESIAN_POINT('Origin',(-21.0000000000007,1.24999999999844,14.5));
#8203=CARTESIAN_POINT('Origin',(-41.5000000000007,-1.25000000000155,16.));
#8204=CARTESIAN_POINT('',(-40.0000000000007,-1.25000000000156,16.));
#8205=CARTESIAN_POINT('',(-45.0000000000007,-1.25000000000156,16.));
#8206=CARTESIAN_POINT('',(-40.0000000000007,1.24999999999844,16.));
#8207=CARTESIAN_POINT('',(-40.0000000000007,-1.25000000000155,16.));
#8208=CARTESIAN_POINT('',(2.24999999999931,1.24999999999844,16.));
#8209=CARTESIAN_POINT('Origin',(-40.0000000000007,-1.25000000000155,14.5));
#8210=CARTESIAN_POINT('',(-41.5000000000007,-1.25000000000156,14.5));
#8211=CARTESIAN_POINT('Origin',(-40.0000000000007,-1.25000000000156,14.5));
#8212=CARTESIAN_POINT('',(-41.5000000000007,1.24999999999844,14.5));
#8213=CARTESIAN_POINT('',(-41.5000000000007,-1.25000000000155,14.5));
#8214=CARTESIAN_POINT('Origin',(-40.0000000000007,1.24999999999844,14.5));
#8215=CARTESIAN_POINT('Origin',(-41.5000000000007,-1.25000000000155,6.));
#8216=CARTESIAN_POINT('',(-41.5000000000007,1.24999999999844,3.));
#8217=CARTESIAN_POINT('',(-41.5000000000007,-1.25000000000156,3.));
#8218=CARTESIAN_POINT('Origin',(-0.404484457053771,73.9999999999952,27.3349865342307));
#8219=CARTESIAN_POINT('',(48.4999999999993,73.9999999999952,0.));
#8220=CARTESIAN_POINT('',(48.4999999999993,73.9999999999952,13.6674932671153));
#8221=CARTESIAN_POINT('',(45.9999999999993,73.9999999999952,0.));
#8222=CARTESIAN_POINT('',(-0.202242228527303,73.9999999999952,0.));
#8223=CARTESIAN_POINT('',(45.9999999999993,73.9999999999952,13.6674932671153));
#8224=CARTESIAN_POINT('Origin',(-0.404484457053771,73.9999999999952,27.3349865342307));
#8225=CARTESIAN_POINT('',(-47.250000000001,73.9999999999952,15.9174932671153));
#8226=CARTESIAN_POINT('',(-46.000000000001,73.9999999999952,0.));
#8227=CARTESIAN_POINT('',(-46.000000000001,73.9999999999952,13.6674932671153));
#8228=CARTESIAN_POINT('',(-48.500000000001,73.9999999999952,0.));
#8229=CARTESIAN_POINT('',(-0.202242228527303,73.9999999999952,0.));
#8230=CARTESIAN_POINT('',(-48.500000000001,73.9999999999952,13.6674932671153));
#8231=CARTESIAN_POINT('Origin',(-46.000000000003,1.24999999999844,0.));
#8232=CARTESIAN_POINT('',(-46.0000000000029,4.24999999999852,0.));
#8233=CARTESIAN_POINT('',(-46.0000000000029,4.24999999999852,0.));
#8234=CARTESIAN_POINT('',(-46.000000000003,1.24999999999844,0.));
#8235=CARTESIAN_POINT('Origin',(-47.250000000001,74.2499999999945,4.5));
#8236=CARTESIAN_POINT('',(-47.2500000000006,2.99999999999454,3.875));
#8237=CARTESIAN_POINT('',(-47.250000000001,69.5003377181985,50.8));
#8238=CARTESIAN_POINT('Origin',(48.4999999999993,-1.25000000000153,0.));
#8239=CARTESIAN_POINT('',(48.4999999999993,4.74999999999847,0.));
#8240=CARTESIAN_POINT('',(48.4999999999993,4.74999999999847,0.));
#8241=CARTESIAN_POINT('',(48.4999999999993,1.24999999999844,0.));
#8242=CARTESIAN_POINT('Origin',(42.4999999999993,4.74999999999847,0.));
#8243=CARTESIAN_POINT('',(42.4999999999993,-1.25000000000153,0.));
#8244=CARTESIAN_POINT('',(42.4999999999993,-1.25000000000153,0.));
#8245=CARTESIAN_POINT('Origin',(42.4999999999993,4.74999999999847,0.));
#8246=CARTESIAN_POINT('Origin',(-8.34887714518118E-13,36.4999999999968,
0.));
#8247=CARTESIAN_POINT('',(-43.0000000000029,1.24999999999844,0.));
#8248=CARTESIAN_POINT('Origin',(-43.0000000000029,4.24999999999844,0.));
#8249=CARTESIAN_POINT('',(42.9999999999993,1.24999999999844,0.));
#8250=CARTESIAN_POINT('',(-48.5000000000007,1.24999999999844,0.));
#8251=CARTESIAN_POINT('',(45.9999999999993,4.24999999999843,0.));
#8252=CARTESIAN_POINT('Origin',(42.9999999999993,4.24999999999844,0.));
#8253=CARTESIAN_POINT('',(45.9999999999993,1.24999999999863,0.));
#8254=CARTESIAN_POINT('',(-42.5000000000007,-1.25000000000156,0.));
#8255=CARTESIAN_POINT('',(48.4999999999993,-1.25000000000153,0.));
#8256=CARTESIAN_POINT('',(-48.5000000000007,4.74999999999842,0.));
#8257=CARTESIAN_POINT('Origin',(-42.5000000000007,4.74999999999844,0.));
#8258=CARTESIAN_POINT('',(-48.500000000001,74.2499999999948,0.));
#8259=CARTESIAN_POINT('Origin',(-42.5000000000007,4.74999999999844,0.));
#8260=CARTESIAN_POINT('',(-48.5000000000007,4.74999999999841,0.));
#8261=CARTESIAN_POINT('',(-42.5000000000007,-1.25000000000156,0.));
#8262=CARTESIAN_POINT('Origin',(-48.500000000001,74.2499999999948,0.));
#8263=CARTESIAN_POINT('Origin',(42.9999999999993,4.24999999999844,0.));
#8264=CARTESIAN_POINT('',(42.9999999999993,1.24999999999843,48.8));
#8265=CARTESIAN_POINT('Origin',(42.9999999999993,4.24999999999844,48.8));
#8266=CARTESIAN_POINT('',(42.9999999999993,1.24999999999844,0.));
#8267=CARTESIAN_POINT('Origin',(45.9999999999993,1.24999999999844,0.));
#8268=CARTESIAN_POINT('',(-43.0000000000029,1.24999999999843,48.8));
#8269=CARTESIAN_POINT('',(-43.0000000000029,1.24999999999844,0.));
#8270=CARTESIAN_POINT('',(22.9999999999987,1.24999999999843,48.8));
#8271=CARTESIAN_POINT('Origin',(42.9999999999993,4.24999999999844,0.));
#8272=CARTESIAN_POINT('',(42.9999999999993,1.24999999999844,0.));
#8273=CARTESIAN_POINT('',(45.9999999999993,4.24999999999843,0.));
#8274=CARTESIAN_POINT('Origin',(45.9999999999993,1.24999999999844,0.));
#8275=CARTESIAN_POINT('',(-43.0000000000029,1.24999999999844,0.));
#8276=CARTESIAN_POINT('Origin',(-43.0000000000029,4.24999999999844,0.));
#8277=CARTESIAN_POINT('',(-46.0000000000029,4.24999999999852,48.8));
#8278=CARTESIAN_POINT('Origin',(-43.0000000000029,4.24999999999844,48.8));
#8279=CARTESIAN_POINT('',(-46.0000000000029,4.24999999999852,0.));
#8280=CARTESIAN_POINT('Origin',(-46.000000000003,1.24999999999844,0.));
#8281=CARTESIAN_POINT('',(-46.0000000000011,69.5003377181985,48.8));
#8282=CARTESIAN_POINT('',(-46.0000000000011,69.5003377181985,25.4));
#8283=CARTESIAN_POINT('',(-46.0000000000025,18.3125844295491,48.8));
#8284=CARTESIAN_POINT('Origin',(-43.0000000000029,4.24999999999844,0.));
#8285=CARTESIAN_POINT('Origin',(-44.2500000000006,2.99999999999456,3.875));
#8286=CARTESIAN_POINT('',(-44.2500000000005,-5.44286837822483E-12,3.875));
#8287=CARTESIAN_POINT('Origin',(-3.81916720471054E-13,-5.17808018685173E-12,
3.25));
#8288=CARTESIAN_POINT('',(44.2499999999998,-4.91329199547863E-12,2.625));
#8289=CARTESIAN_POINT('Origin',(44.2499999999998,2.99999999999509,2.625));
#8290=CARTESIAN_POINT('Origin',(45.9999999999993,74.2499999999952,0.));
#8291=CARTESIAN_POINT('Origin',(-46.0000000000011,69.5003377181985,50.8));
#8292=CARTESIAN_POINT('',(-48.500000000001,69.5003377181985,48.8));
#8293=CARTESIAN_POINT('Origin',(-1.84741111297626E-12,35.3751688590985,
48.8));
#8294=CARTESIAN_POINT('Origin',(-48.5000000000007,-1.25000000000156,0.));
#8295=UNCERTAINTY_MEASURE_WITH_UNIT(LENGTH_MEASURE(0.01),#8299,
'DISTANCE_ACCURACY_VALUE',
'Maximum model space distance between geometric entities at asserted c
onnectivities');
#8296=UNCERTAINTY_MEASURE_WITH_UNIT(LENGTH_MEASURE(0.01),#8299,
'DISTANCE_ACCURACY_VALUE',
'Maximum model space distance between geometric entities at asserted c
onnectivities');
#8297=(
GEOMETRIC_REPRESENTATION_CONTEXT(3)
GLOBAL_UNCERTAINTY_ASSIGNED_CONTEXT((#8295))
GLOBAL_UNIT_ASSIGNED_CONTEXT((#8299,#8301,#8302))
REPRESENTATION_CONTEXT('','3D')
);
#8298=(
GEOMETRIC_REPRESENTATION_CONTEXT(3)
GLOBAL_UNCERTAINTY_ASSIGNED_CONTEXT((#8296))
GLOBAL_UNIT_ASSIGNED_CONTEXT((#8299,#8301,#8302))
REPRESENTATION_CONTEXT('','3D')
);
#8299=(
LENGTH_UNIT()
NAMED_UNIT(*)
SI_UNIT(.MILLI.,.METRE.)
);
#8300=(
LENGTH_UNIT()
NAMED_UNIT(*)
SI_UNIT($,.METRE.)
);
#8301=(
NAMED_UNIT(*)
PLANE_ANGLE_UNIT()
SI_UNIT($,.RADIAN.)
);
#8302=(
NAMED_UNIT(*)
SI_UNIT($,.STERADIAN.)
SOLID_ANGLE_UNIT()
);
#8303=SHAPE_DEFINITION_REPRESENTATION(#8304,#8305);
#8304=PRODUCT_DEFINITION_SHAPE('',$,#8307);
#8305=SHAPE_REPRESENTATION('',(#4527),#8297);
#8306=PRODUCT_DEFINITION_CONTEXT('part definition',#8311,'design');
#8307=PRODUCT_DEFINITION('2026-07-12-14-24-08-666','PCB Top Enclosure',
#8308,#8306);
#8308=PRODUCT_DEFINITION_FORMATION('',$,#8313);
#8309=PRODUCT_RELATED_PRODUCT_CATEGORY('PCB Top Enclosure',
'PCB Top Enclosure',(#8313));
#8310=APPLICATION_PROTOCOL_DEFINITION('international standard',
'automotive_design',2009,#8311);
#8311=APPLICATION_CONTEXT(
'Core Data for Automotive Mechanical Design Process');
#8312=PRODUCT_CONTEXT('part definition',#8311,'mechanical');
#8313=PRODUCT('2026-07-12-14-24-08-666','PCB Top Enclosure',$,(#8312));
#8314=PRESENTATION_STYLE_ASSIGNMENT((#8315));
#8315=SURFACE_STYLE_USAGE(.BOTH.,#8316);
#8316=SURFACE_SIDE_STYLE('',(#8317));
#8317=SURFACE_STYLE_FILL_AREA(#8318);
#8318=FILL_AREA_STYLE('Steel - Satin',(#8319));
#8319=FILL_AREA_STYLE_COLOUR('Steel - Satin',#8320);
#8320=COLOUR_RGB('Steel - Satin',0.627450980392157,0.627450980392157,0.627450980392157);
ENDSEC;
END-ISO-10303-21;
